{
  "mode": "serial",
  "role": "attention",
  "total_time_ms": 8325.736787170172,
  "batch_size": 32,
  "max_new_tokens": 20,
  "tokens_per_sec": 2.40218980148636
}