{
  "mode": "serial",
  "role": "attention",
  "total_time_ms": 7386.900475248694,
  "batch_size": 8,
  "max_new_tokens": 20,
  "tokens_per_sec": 2.7074955276592734
}