{
  "mode": "serial",
  "role": "attention",
  "total_time_ms": 7250.753378495574,
  "batch_size": 2,
  "max_new_tokens": 20,
  "tokens_per_sec": 2.7583340593704913
}