{
  "mode": "serial",
  "role": "attention",
  "total_time_ms": 7599.677716381848,
  "batch_size": 16,
  "max_new_tokens": 20,
  "tokens_per_sec": 2.631690546151457
}