{
  "mode": "serial",
  "role": "attention",
  "total_time_ms": 14306.138001382351,
  "batch_size": 16,
  "max_new_tokens": 20,
  "tokens_per_sec": 1.3980013332785879,
  "prefill_ms": 9208.422841504216,
  "decode_step_ms": 254.88575799390674
}