{
  "mode": "serial",
  "role": "attention",
  "total_time_ms": 11760.82198601216,
  "batch_size": 8,
  "max_new_tokens": 20,
  "tokens_per_sec": 1.700561408359652,
  "prefill_ms": 3947.2613353282213,
  "decode_step_ms": 390.678032534197
}