{
  "mode": "serial",
  "role": "ffn_expert",
  "total_time_ms": 2805.1878549158573,
  "prefill_ms": 2354.5526415109634,
  "decode_loop_ms": 391.23292453587055,
  "decode_steps": 1,
  "decode_tpot_ms": 391.23292453587055,
  "batch_size": 1,
  "prefill_seq_len": 4,
  "actual_prompt_len": 4,
  "max_new_tokens": 2,
  "tokens_per_sec": 0
}