{
  "mode": "serial",
  "role": "attention",
  "total_time_ms": 6300.797833129764,
  "batch_size": 2,
  "max_new_tokens": 20,
  "tokens_per_sec": 3.174201193194847
}