{
  "mode": "serial",
  "role": "attention",
  "total_time_ms": 18095.751996152103,
  "batch_size": 32,
  "max_new_tokens": 20,
  "tokens_per_sec": 1.1052317695475058
}