{
  "mode": "serial",
  "role": "attention",
  "total_time_ms": 10655.02727869898,
  "batch_size": 8,
  "max_new_tokens": 20,
  "tokens_per_sec": 1.8770482211700237
}