{
  "mode": "serial",
  "role": "attention",
  "total_time_ms": 25453.700684010983,
  "batch_size": 96,
  "max_new_tokens": 20,
  "tokens_per_sec": 0.7857403624048749
}