{
  "mode": "serial",
  "role": "attention",
  "total_time_ms": 6331.38188906014,
  "batch_size": 2,
  "max_new_tokens": 20,
  "tokens_per_sec": 3.1588680560491187
}