{
  "mode": "serial",
  "role": "attention",
  "total_time_ms": 8549.448823556304,
  "batch_size": 4,
  "max_new_tokens": 20,
  "tokens_per_sec": 2.3393320917828038
}