{
  "mode": "serial",
  "role": "attention",
  "total_time_ms": 21291.112025268376,
  "batch_size": 64,
  "max_new_tokens": 20,
  "tokens_per_sec": 0.9393591079819561
}