{
  "mode": "serial",
  "role": "attention",
  "total_time_ms": 18325.873748399317,
  "batch_size": 32,
  "max_new_tokens": 20,
  "tokens_per_sec": 1.091353147718095
}