{
  "mode": "serial",
  "role": "attention",
  "total_time_ms": 13897.05598168075,
  "batch_size": 16,
  "max_new_tokens": 20,
  "tokens_per_sec": 1.4391537334500355
}