{
  "mode": "serial",
  "role": "attention",
  "total_time_ms": 31386.920666322112,
  "prefill_ms": 2118.8905630260706,
  "decode_loop_ms": 28461.23643219471,
  "decode_steps": 19,
  "decode_tpot_ms": 1497.9598122207742,
  "batch_size": 256,
  "max_new_tokens": 20,
  "tokens_per_sec": 0.6372080973671247
}