{
  "mode": "serial",
  "role": "attention",
  "total_time_ms": 20677.4843595922,
  "batch_size": 128,
  "max_new_tokens": 20,
  "tokens_per_sec": 0.9672356487950664
}