{
  "mode": "serial",
  "role": "ffn",
  "total_time_ms": 12678.049694746733,
  "prefill_ms": 1833.7872587144375,
  "decode_loop_ms": 10693.068880587816,
  "decode_steps": 19,
  "decode_tpot_ms": 562.7930989783061,
  "batch_size": 32,
  "max_new_tokens": 20,
  "tokens_per_sec": 0
}