{
  "mode": "serial",
  "role": "ffn",
  "total_time_ms": 11159.184206277132,
  "prefill_ms": 1860.3348843753338,
  "decode_loop_ms": 9175.638936460018,
  "decode_steps": 19,
  "decode_tpot_ms": 482.9283650768431,
  "batch_size": 16,
  "max_new_tokens": 20,
  "tokens_per_sec": 0
}