{
  "mode": "serial",
  "role": "ffn",
  "total_time_ms": 21735.847739502788,
  "prefill_ms": 1932.5614590197802,
  "decode_loop_ms": 19372.403690591455,
  "decode_steps": 19,
  "decode_tpot_ms": 1019.6001942416555,
  "batch_size": 128,
  "max_new_tokens": 20,
  "tokens_per_sec": 0
}