{
  "mode": "serial",
  "role": "ffn",
  "total_time_ms": 8707.080168649554,
  "prefill_ms": 1925.080532208085,
  "decode_loop_ms": 6678.214004263282,
  "decode_steps": 19,
  "decode_tpot_ms": 351.4849475928043,
  "batch_size": 8,
  "max_new_tokens": 20,
  "tokens_per_sec": 0
}