{
  "mode": "serial",
  "role": "ffn",
  "total_time_ms": 12738.539565354586,
  "prefill_ms": 1810.8876999467611,
  "decode_loop_ms": 10773.910332471132,
  "decode_steps": 19,
  "decode_tpot_ms": 567.0479122353228,
  "batch_size": 32,
  "max_new_tokens": 20,
  "tokens_per_sec": 0
}