{
  "mode": "serial",
  "role": "ffn",
  "total_time_ms": 20250.339129939675,
  "prefill_ms": 1897.6615350693464,
  "decode_loop_ms": 17920.7424800843,
  "decode_steps": 19,
  "decode_tpot_ms": 943.1969726360157,
  "batch_size": 128,
  "max_new_tokens": 20,
  "tokens_per_sec": 0
}