{
  "mode": "serial",
  "role": "attention",
  "total_time_ms": 10702.580129727721,
  "batch_size": 16,
  "max_new_tokens": 20,
  "tokens_per_sec": 1.8687082701158724
}