{
  "mode": "serial",
  "role": "ffn",
  "total_time_ms": 11006.496096029878,
  "prefill_ms": 1841.797862201929,
  "decode_loop_ms": 9044.490557163954,
  "decode_steps": 19,
  "decode_tpot_ms": 476.0258187981028,
  "batch_size": 16,
  "max_new_tokens": 20,
  "tokens_per_sec": 0
}