{
  "mode": "serial",
  "role": "ffn",
  "total_time_ms": 16876.81531906128,
  "prefill_ms": 1824.888788163662,
  "decode_loop_ms": 14791.522273793817,
  "decode_steps": 19,
  "decode_tpot_ms": 778.5011723049378,
  "batch_size": 64,
  "max_new_tokens": 20,
  "tokens_per_sec": 0
}