{
  "mode": "serial",
  "role": "ffn",
  "total_time_ms": 49114.25970122218,
  "prefill_ms": 2424.750791862607,
  "decode_loop_ms": 45159.70285050571,
  "decode_steps": 19,
  "decode_tpot_ms": 2376.82646581609,
  "batch_size": 512,
  "max_new_tokens": 20,
  "tokens_per_sec": 0
}