{
  "mode": "serial",
  "role": "attention",
  "total_time_ms": 16876.90302170813,
  "prefill_ms": 1826.1607084423304,
  "decode_loop_ms": 14791.52543283999,
  "decode_steps": 19,
  "decode_tpot_ms": 778.5013385705257,
  "batch_size": 64,
  "max_new_tokens": 20,
  "tokens_per_sec": 1.1850515449590926
}