{
  "mode": "serial",
  "role": "ffn",
  "total_time_ms": 32764.385256916285,
  "prefill_ms": 2113.9905974268913,
  "decode_loop_ms": 29844.179444015026,
  "decode_steps": 19,
  "decode_tpot_ms": 1570.7462865271066,
  "batch_size": 256,
  "max_new_tokens": 20,
  "tokens_per_sec": 0
}