{
  "mode": "serial",
  "role": "ffn",
  "total_time_ms": 32299.16107095778,
  "prefill_ms": 2159.7258280962706,
  "decode_loop_ms": 29328.449139371514,
  "decode_steps": 19,
  "decode_tpot_ms": 1543.6025862827112,
  "batch_size": 256,
  "max_new_tokens": 20,
  "tokens_per_sec": 0
}