{
  "mode": "serial",
  "role": "attention",
  "total_time_ms": 20782.071935012937,
  "batch_size": 128,
  "max_new_tokens": 20,
  "tokens_per_sec": 0.9623679516913167
}