{
  "mode": "serial",
  "role": "ffn",
  "total_time_ms": 9016.676302999258,
  "prefill_ms": 1841.7312894016504,
  "decode_loop_ms": 7071.659849956632,
  "decode_steps": 19,
  "decode_tpot_ms": 372.19262368192796,
  "batch_size": 8,
  "max_new_tokens": 20,
  "tokens_per_sec": 0
}