{
  "mode": "serial",
  "role": "ffn",
  "total_time_ms": 6660.35421192646,
  "prefill_ms": 1801.3060223311186,
  "decode_loop_ms": 4761.495457962155,
  "decode_steps": 19,
  "decode_tpot_ms": 250.60502410327135,
  "batch_size": 4,
  "max_new_tokens": 20,
  "tokens_per_sec": 0
}