{
  "mode": "serial",
  "role": "ffn",
  "total_time_ms": 6251.849068328738,
  "prefill_ms": 1810.0362811237574,
  "decode_loop_ms": 4347.8744905442,
  "decode_steps": 19,
  "decode_tpot_ms": 228.83549950232631,
  "batch_size": 2,
  "max_new_tokens": 20,
  "tokens_per_sec": 0
}