{
  "mode": "serial",
  "role": "attention",
  "total_time_ms": 32299.24193955958,
  "prefill_ms": 2163.54850679636,
  "decode_loop_ms": 29328.421810641885,
  "decode_steps": 19,
  "decode_tpot_ms": 1543.6011479285203,
  "batch_size": 256,
  "max_new_tokens": 20,
  "tokens_per_sec": 0.6192095788943062
}