{
  "mode": "serial",
  "role": "attention",
  "total_time_ms": 13569.83165629208,
  "batch_size": 32,
  "max_new_tokens": 20,
  "tokens_per_sec": 1.4738576355681148
}