{
  "mode": "serial",
  "role": "attention",
  "total_time_ms": 15896.12441137433,
  "batch_size": 64,
  "max_new_tokens": 20,
  "tokens_per_sec": 1.258168310867596
}