{
  "mode": "serial",
  "role": "attention",
  "total_time_ms": 35768.5880959034,
  "prefill_ms": 11976.68076865375,
  "decode_loop_ms": 23530.65077960491,
  "decode_steps": 19,
  "decode_tpot_ms": 1238.4553041897323,
  "batch_size": 64,
  "prefill_seq_len": 1024,
  "actual_prompt_len": 1024,
  "max_new_tokens": 20,
  "tokens_per_sec": 0.5591498313094057
}