{
  "mode": "serial",
  "role": "attention",
  "total_time_ms": 6199.1076078265905,
  "batch_size": 2,
  "max_new_tokens": 20,
  "tokens_per_sec": 3.2262708223921295
}