{
  "mode": "serial",
  "role": "ffn",
  "total_time_ms": 13543.459713459015,
  "prefill_ms": 1833.562819287181,
  "decode_loop_ms": 11554.191367700696,
  "decode_steps": 19,
  "decode_tpot_ms": 608.1153351421419,
  "batch_size": 32,
  "max_new_tokens": 20,
  "tokens_per_sec": 0
}