{
  "mode": "serial",
  "role": "ffn",
  "total_time_ms": 8158.322608098388,
  "prefill_ms": 1753.4763608127832,
  "decode_loop_ms": 6301.942955702543,
  "decode_steps": 19,
  "decode_tpot_ms": 331.6812081948707,
  "batch_size": 8,
  "max_new_tokens": 20,
  "tokens_per_sec": 0
}