{
  "mode": "serial",
  "role": "ffn",
  "total_time_ms": 31411.931801587343,
  "prefill_ms": 2067.8470637649298,
  "decode_loop_ms": 28520.14474198222,
  "decode_steps": 19,
  "decode_tpot_ms": 1501.0602495780117,
  "batch_size": 256,
  "max_new_tokens": 20,
  "tokens_per_sec": 0
}