{
  "mode": "serial",
  "role": "ffn",
  "total_time_ms": 6864.763412624598,
  "prefill_ms": 1810.2420251816511,
  "decode_loop_ms": 4960.067488253117,
  "decode_steps": 19,
  "decode_tpot_ms": 261.0561835922693,
  "batch_size": 4,
  "max_new_tokens": 20,
  "tokens_per_sec": 0
}