{
  "mode": "serial",
  "role": "attention",
  "total_time_ms": 8772.773567587137,
  "prefill_ms": 1884.35117341578,
  "decode_loop_ms": 6781.806711107492,
  "decode_steps": 19,
  "decode_tpot_ms": 356.93719532144695,
  "batch_size": 8,
  "max_new_tokens": 20,
  "tokens_per_sec": 2.279780715405014
}