{
  "mode": "serial",
  "role": "ffn",
  "total_time_ms": 31386.804845184088,
  "prefill_ms": 2115.092020481825,
  "decode_loop_ms": 28461.197903379798,
  "decode_steps": 19,
  "decode_tpot_ms": 1497.9577843884103,
  "batch_size": 256,
  "max_new_tokens": 20,
  "tokens_per_sec": 0
}