{
  "mode": "serial",
  "role": "ffn",
  "total_time_ms": 15975.465647876263,
  "prefill_ms": 1885.7776019722223,
  "decode_loop_ms": 13826.985949650407,
  "decode_steps": 19,
  "decode_tpot_ms": 727.7361026131794,
  "batch_size": 64,
  "max_new_tokens": 20,
  "tokens_per_sec": 0
}