{
  "mode": "serial",
  "role": "ffn",
  "total_time_ms": 21420.12849636376,
  "prefill_ms": 6005.398472771049,
  "decode_loop_ms": 15182.38864466548,
  "decode_steps": 19,
  "decode_tpot_ms": 799.073086561341,
  "batch_size": 32,
  "prefill_seq_len": 1024,
  "actual_prompt_len": 1024,
  "max_new_tokens": 20,
  "tokens_per_sec": 0
}