{
  "mode": "serial",
  "role": "ffn",
  "total_time_ms": 6415.372522547841,
  "prefill_ms": 1843.4625547379255,
  "decode_loop_ms": 4477.979244664311,
  "decode_steps": 19,
  "decode_tpot_ms": 235.68311814022692,
  "batch_size": 2,
  "max_new_tokens": 20,
  "tokens_per_sec": 0
}