{
  "mode": "serial",
  "role": "ffn",
  "total_time_ms": 8772.551886737347,
  "prefill_ms": 1883.7638273835182,
  "decode_loop_ms": 6781.756717711687,
  "decode_steps": 19,
  "decode_tpot_ms": 356.93456409008877,
  "batch_size": 8,
  "max_new_tokens": 20,
  "tokens_per_sec": 0
}