{
  "mode": "serial",
  "role": "ffn",
  "total_time_ms": 7199.780348688364,
  "prefill_ms": 2077.0355612039566,
  "decode_loop_ms": 5025.20458213985,
  "decode_steps": 19,
  "decode_tpot_ms": 264.48445169157105,
  "batch_size": 4,
  "max_new_tokens": 20,
  "tokens_per_sec": 0
}