{
  "mode": "serial",
  "role": "attention",
  "total_time_ms": 12292.071396484971,
  "batch_size": 32,
  "max_new_tokens": 20,
  "tokens_per_sec": 1.6270650694169562
}