{
  "mode": "serial",
  "role": "attention",
  "total_time_ms": 17620.332831516862,
  "batch_size": 64,
  "max_new_tokens": 20,
  "tokens_per_sec": 1.1350523393194203
}