{
  "mode": "serial",
  "role": "attention",
  "total_time_ms": 6252.150921151042,
  "prefill_ms": 1810.7297532260418,
  "decode_loop_ms": 4347.866652533412,
  "decode_steps": 19,
  "decode_tpot_ms": 228.83508697544275,
  "batch_size": 2,
  "max_new_tokens": 20,
  "tokens_per_sec": 3.19889910724003
}