{
  "mode": "serial",
  "role": "attention",
  "total_time_ms": 13000.843200832605,
  "batch_size": 32,
  "max_new_tokens": 20,
  "tokens_per_sec": 1.538361757852687
}