{
  "mode": "serial",
  "role": "ffn",
  "total_time_ms": 13029.226247221231,
  "prefill_ms": 1951.4258932322264,
  "decode_loop_ms": 10919.870724901557,
  "decode_steps": 19,
  "decode_tpot_ms": 574.7300381527135,
  "batch_size": 32,
  "max_new_tokens": 20,
  "tokens_per_sec": 0
}