{
  "mode": "serial",
  "role": "attention",
  "total_time_ms": 20187.537629157305,
  "prefill_ms": 3873.665679246187,
  "decode_loop_ms": 16162.172330543399,
  "decode_steps": 19,
  "decode_tpot_ms": 850.6406489759684,
  "batch_size": 32,
  "prefill_seq_len": 512,
  "actual_prompt_len": 512,
  "max_new_tokens": 20,
  "tokens_per_sec": 0.9907102276363592
}