{
  "mode": "serial",
  "role": "attention",
  "total_time_ms": 20291.842652484775,
  "batch_size": 128,
  "max_new_tokens": 20,
  "tokens_per_sec": 0.9856177352898488
}