{
  "mode": "serial",
  "role": "attention",
  "total_time_ms": 49970.59676796198,
  "prefill_ms": 2399.121418595314,
  "decode_loop_ms": 46039.742482826114,
  "decode_steps": 19,
  "decode_tpot_ms": 2423.1443412013746,
  "batch_size": 512,
  "max_new_tokens": 20,
  "tokens_per_sec": 0.40023536426570655
}