{
  "mode": "serial",
  "role": "attention",
  "total_time_ms": 21420.46462930739,
  "prefill_ms": 6081.692360341549,
  "decode_loop_ms": 15182.466696947813,
  "decode_steps": 19,
  "decode_tpot_ms": 799.0771945762007,
  "batch_size": 32,
  "prefill_seq_len": 1024,
  "actual_prompt_len": 1024,
  "max_new_tokens": 20,
  "tokens_per_sec": 0.9336865631119917
}