{
  "mode": "serial",
  "role": "ffn",
  "total_time_ms": 49970.535557717085,
  "prefill_ms": 2391.7078133672476,
  "decode_loop_ms": 46039.7378038615,
  "decode_steps": 19,
  "decode_tpot_ms": 2423.144094940079,
  "batch_size": 512,
  "max_new_tokens": 20,
  "tokens_per_sec": 0
}