{
  "mode": "serial",
  "role": "ffn",
  "total_time_ms": 6143.441228196025,
  "prefill_ms": 1796.552762389183,
  "decode_loop_ms": 4254.8494301736355,
  "decode_steps": 19,
  "decode_tpot_ms": 223.93944369334923,
  "batch_size": 2,
  "max_new_tokens": 20,
  "tokens_per_sec": 0
}