{
  "mode": "serial",
  "role": "attention",
  "total_time_ms": 20493.13798546791,
  "batch_size": 128,
  "max_new_tokens": 20,
  "tokens_per_sec": 0.9759364336580565
}