{
  "mode": "serial",
  "role": "ffn",
  "total_time_ms": 22055.28706125915,
  "prefill_ms": 1943.8680801540613,
  "decode_loop_ms": 19685.656221583486,
  "decode_steps": 19,
  "decode_tpot_ms": 1036.0871695570256,
  "batch_size": 128,
  "max_new_tokens": 20,
  "tokens_per_sec": 0
}