{
  "mode": "serial",
  "role": "attention",
  "total_time_ms": 50540.16988351941,
  "prefill_ms": 2407.1392007172108,
  "decode_loop_ms": 46594.8276873678,
  "decode_steps": 19,
  "decode_tpot_ms": 2452.359351966726,
  "batch_size": 512,
  "max_new_tokens": 20,
  "tokens_per_sec": 0.3957248273223905
}