{
  "mode": "serial",
  "role": "ffn",
  "total_time_ms": 15664.133870974183,
  "prefill_ms": 1795.720499008894,
  "decode_loop_ms": 13610.755581408739,
  "decode_steps": 19,
  "decode_tpot_ms": 716.3555569162494,
  "batch_size": 64,
  "max_new_tokens": 20,
  "tokens_per_sec": 0
}