{
  "mode": "serial",
  "role": "ffn",
  "total_time_ms": 35768.51745694876,
  "prefill_ms": 11822.163427248597,
  "decode_loop_ms": 23530.647633597255,
  "decode_steps": 19,
  "decode_tpot_ms": 1238.455138610382,
  "batch_size": 64,
  "prefill_seq_len": 1024,
  "actual_prompt_len": 1024,
  "max_new_tokens": 20,
  "tokens_per_sec": 0
}