{
  "mode": "serial",
  "role": "attention",
  "total_time_ms": 11506.989378482103,
  "prefill_ms": 1828.4256160259247,
  "decode_loop_ms": 9556.81130103767,
  "decode_steps": 19,
  "decode_tpot_ms": 502.9900684756668,
  "batch_size": 16,
  "max_new_tokens": 20,
  "tokens_per_sec": 1.738074081948811
}