{
  "mode": "serial",
  "role": "attention",
  "total_time_ms": 8219.749215990305,
  "batch_size": 8,
  "max_new_tokens": 20,
  "tokens_per_sec": 2.4331642577480297
}