{
  "mode": "serial",
  "role": "ffn",
  "total_time_ms": 11506.725205108523,
  "prefill_ms": 1827.4725880473852,
  "decode_loop_ms": 9556.819001212716,
  "decode_steps": 19,
  "decode_tpot_ms": 502.9904737480377,
  "batch_size": 16,
  "max_new_tokens": 20,
  "tokens_per_sec": 0
}