{
  "mode": "serial",
  "role": "ffn",
  "total_time_ms": 6336.303744465113,
  "prefill_ms": 1808.891860768199,
  "decode_loop_ms": 4426.9785936921835,
  "decode_steps": 19,
  "decode_tpot_ms": 232.9988733522202,
  "batch_size": 2,
  "max_new_tokens": 20,
  "tokens_per_sec": 0
}