{
  "mode": "serial",
  "role": "ffn",
  "total_time_ms": 50540.16393236816,
  "prefill_ms": 2399.7339643538,
  "decode_loop_ms": 46594.87970545888,
  "decode_steps": 19,
  "decode_tpot_ms": 2452.3620897609935,
  "batch_size": 512,
  "max_new_tokens": 20,
  "tokens_per_sec": 0
}