{
  "mode": "serial",
  "role": "attention",
  "total_time_ms": 16271.175861358643,
  "batch_size": 64,
  "max_new_tokens": 20,
  "tokens_per_sec": 1.2291674658557836
}