{
  "mode": "serial",
  "role": "attention",
  "total_time_ms": 31412.07405924797,
  "prefill_ms": 2071.6001205146313,
  "decode_loop_ms": 28520.183270797133,
  "decode_steps": 19,
  "decode_tpot_ms": 1501.0622774103754,
  "batch_size": 256,
  "max_new_tokens": 20,
  "tokens_per_sec": 0.6366978494408534
}