{
  "mode": "serial",
  "role": "attention",
  "total_time_ms": 6415.446693077683,
  "prefill_ms": 1843.8607770949602,
  "decode_loop_ms": 4477.94995456934,
  "decode_steps": 19,
  "decode_tpot_ms": 235.68157655628104,
  "batch_size": 2,
  "max_new_tokens": 20,
  "tokens_per_sec": 3.117475829326141
}