{
  "mode": "serial",
  "role": "attention",
  "total_time_ms": 17109.408736228943,
  "batch_size": 64,
  "max_new_tokens": 20,
  "tokens_per_sec": 1.168947466761389
}