{
  "mode": "serial",
  "role": "ffn",
  "total_time_ms": 11012.63564825058,
  "prefill_ms": 1807.8047707676888,
  "decode_loop_ms": 9083.624301478267,
  "decode_steps": 19,
  "decode_tpot_ms": 478.08548955148774,
  "batch_size": 16,
  "max_new_tokens": 20,
  "tokens_per_sec": 0
}