{
  "mode": "serial",
  "role": "ffn",
  "total_time_ms": 6622.687436640263,
  "prefill_ms": 1902.3657832294703,
  "decode_loop_ms": 4626.221207901835,
  "decode_steps": 19,
  "decode_tpot_ms": 243.48532673167554,
  "batch_size": 2,
  "max_new_tokens": 20,
  "tokens_per_sec": 0
}