{
  "mode": "serial",
  "role": "attention",
  "total_time_ms": 7018.004279583693,
  "batch_size": 4,
  "max_new_tokens": 20,
  "tokens_per_sec": 2.849813024221524
}