{
  "mode": "serial",
  "role": "ffn",
  "total_time_ms": 32431.107746437192,
  "prefill_ms": 2141.4214354008436,
  "decode_loop_ms": 29471.558710560203,
  "decode_steps": 19,
  "decode_tpot_ms": 1551.1346689768527,
  "batch_size": 256,
  "max_new_tokens": 20,
  "tokens_per_sec": 0
}