{
  "mode": "serial",
  "role": "ffn",
  "total_time_ms": 13668.02983917296,
  "prefill_ms": 1845.8244074136019,
  "decode_loop_ms": 11667.20792464912,
  "decode_steps": 19,
  "decode_tpot_ms": 614.0635749815326,
  "batch_size": 32,
  "max_new_tokens": 20,
  "tokens_per_sec": 0
}