{
  "mode": "serial",
  "role": "ffn",
  "total_time_ms": 49879.0593277663,
  "prefill_ms": 2454.7138679772615,
  "decode_loop_ms": 45902.85565517843,
  "decode_steps": 19,
  "decode_tpot_ms": 2415.9397713251806,
  "batch_size": 512,
  "max_new_tokens": 20,
  "tokens_per_sec": 0
}