{
  "mode": "serial",
  "role": "ffn",
  "total_time_ms": 21188.319697976112,
  "prefill_ms": 1872.2262680530548,
  "decode_loop_ms": 18882.219022139907,
  "decode_steps": 19,
  "decode_tpot_ms": 993.8010011652583,
  "batch_size": 128,
  "max_new_tokens": 20,
  "tokens_per_sec": 0
}