{
  "mode": "serial",
  "role": "attention",
  "total_time_ms": 49879.135539755225,
  "prefill_ms": 2462.120493873954,
  "decode_loop_ms": 45902.84341573715,
  "decode_steps": 19,
  "decode_tpot_ms": 2415.9391271440604,
  "batch_size": 512,
  "max_new_tokens": 20,
  "tokens_per_sec": 0.40096925866045485
}