{
  "mode": "serial",
  "role": "ffn",
  "total_time_ms": 11503.264714032412,
  "prefill_ms": 1826.1465672403574,
  "decode_loop_ms": 9555.078972131014,
  "decode_steps": 19,
  "decode_tpot_ms": 502.89889327005335,
  "batch_size": 16,
  "max_new_tokens": 20,
  "tokens_per_sec": 0
}