{
  "mode": "serial",
  "role": "ffn",
  "total_time_ms": 29486.753148958087,
  "prefill_ms": 5893.261302262545,
  "decode_loop_ms": 23261.35285012424,
  "decode_steps": 19,
  "decode_tpot_ms": 1224.2817289539073,
  "batch_size": 64,
  "prefill_seq_len": 512,
  "actual_prompt_len": 512,
  "max_new_tokens": 20,
  "tokens_per_sec": 0
}