{
  "mode": "serial",
  "role": "attention",
  "total_time_ms": 16684.594882652164,
  "batch_size": 64,
  "max_new_tokens": 20,
  "tokens_per_sec": 1.198710555495419
}