{
  "mode": "serial",
  "role": "attention",
  "total_time_ms": 6303.335206583142,
  "batch_size": 2,
  "max_new_tokens": 20,
  "tokens_per_sec": 3.1729234356935665
}