{
  "mode": "serial",
  "role": "attention",
  "total_time_ms": 6336.377354338765,
  "prefill_ms": 1809.366213157773,
  "decode_loop_ms": 4426.986865699291,
  "decode_steps": 19,
  "decode_tpot_ms": 232.99930872101532,
  "batch_size": 2,
  "max_new_tokens": 20,
  "tokens_per_sec": 3.156377671589464
}