{
  "mode": "serial",
  "role": "attention",
  "total_time_ms": 21873.086251318455,
  "batch_size": 128,
  "max_new_tokens": 20,
  "tokens_per_sec": 0.9143657081677008
}