{
  "mode": "serial",
  "role": "ffn",
  "total_time_ms": 6705.896252766252,
  "prefill_ms": 1809.8171036690474,
  "decode_loop_ms": 4801.7222341150045,
  "decode_steps": 19,
  "decode_tpot_ms": 252.72222284815814,
  "batch_size": 4,
  "max_new_tokens": 20,
  "tokens_per_sec": 0
}