{
  "mode": "serial",
  "role": "attention",
  "total_time_ms": 12678.145065903664,
  "prefill_ms": 1834.7359336912632,
  "decode_loop_ms": 10693.081991747022,
  "decode_steps": 19,
  "decode_tpot_ms": 562.793789039317,
  "batch_size": 32,
  "max_new_tokens": 20,
  "tokens_per_sec": 1.5775178384563195
}