{
  "mode": "serial",
  "role": "ffn",
  "total_time_ms": 6751.972345635295,
  "prefill_ms": 1853.8694232702255,
  "decode_loop_ms": 4802.305832505226,
  "decode_steps": 19,
  "decode_tpot_ms": 252.75293855290664,
  "batch_size": 4,
  "max_new_tokens": 20,
  "tokens_per_sec": 0
}