{
  "mode": "serial",
  "role": "ffn",
  "total_time_ms": 17782.65300951898,
  "prefill_ms": 1839.4778296351433,
  "decode_loop_ms": 15682.598741725087,
  "decode_steps": 19,
  "decode_tpot_ms": 825.3999337750046,
  "batch_size": 64,
  "max_new_tokens": 20,
  "tokens_per_sec": 0
}