{
  "mode": "serial",
  "role": "attention",
  "total_time_ms": 31248.19791316986,
  "batch_size": 256,
  "max_new_tokens": 20,
  "tokens_per_sec": 0.6400369088666967
}