{
  "mode": "serial",
  "role": "attention",
  "total_time_ms": 6655.867155641317,
  "batch_size": 4,
  "max_new_tokens": 20,
  "tokens_per_sec": 3.0048676652220423
}