{
  "mode": "serial",
  "role": "ffn",
  "total_time_ms": 50119.23782899976,
  "prefill_ms": 2465.917106717825,
  "decode_loop_ms": 46110.63376814127,
  "decode_steps": 19,
  "decode_tpot_ms": 2426.8754614811196,
  "batch_size": 512,
  "max_new_tokens": 20,
  "tokens_per_sec": 0
}