{
  "mode": "serial",
  "role": "ffn",
  "total_time_ms": 21022.79245480895,
  "prefill_ms": 1920.978432521224,
  "decode_loop_ms": 18672.362457960844,
  "decode_steps": 19,
  "decode_tpot_ms": 982.7559188400444,
  "batch_size": 128,
  "max_new_tokens": 20,
  "tokens_per_sec": 0
}