{
  "mode": "serial",
  "role": "attention",
  "total_time_ms": 10532.069211825728,
  "batch_size": 16,
  "max_new_tokens": 20,
  "tokens_per_sec": 1.8989620745696763
}