{
  "mode": "serial",
  "role": "attention",
  "total_time_ms": 8158.431658521295,
  "prefill_ms": 1754.0596071630716,
  "decode_loop_ms": 6301.945129409432,
  "decode_steps": 19,
  "decode_tpot_ms": 331.68132260049646,
  "batch_size": 8,
  "max_new_tokens": 20,
  "tokens_per_sec": 2.451451557985469
}