{
  "mode": "serial",
  "role": "attention",
  "total_time_ms": 14022.683940827847,
  "batch_size": 32,
  "max_new_tokens": 20,
  "tokens_per_sec": 1.4262604851107608
}