{
  "mode": "serial",
  "role": "ffn",
  "total_time_ms": 20187.30601668358,
  "prefill_ms": 3838.331187143922,
  "decode_loop_ms": 16162.117809057236,
  "decode_steps": 19,
  "decode_tpot_ms": 850.637779424065,
  "batch_size": 32,
  "prefill_seq_len": 512,
  "actual_prompt_len": 512,
  "max_new_tokens": 20,
  "tokens_per_sec": 0
}