{
  "mode": "serial",
  "role": "attention",
  "total_time_ms": 7127.679543569684,
  "batch_size": 4,
  "max_new_tokens": 20,
  "tokens_per_sec": 2.8059622879711568
}