{
  "mode": "serial",
  "role": "attention",
  "total_time_ms": 8206.931971013546,
  "batch_size": 8,
  "max_new_tokens": 20,
  "tokens_per_sec": 2.4369642724758718
}