{
  "mode": "serial",
  "role": "ffn",
  "total_time_ms": 8215.733604505658,
  "prefill_ms": 1786.6552844643593,
  "decode_loop_ms": 6325.126560404897,
  "decode_steps": 19,
  "decode_tpot_ms": 332.9013979160472,
  "batch_size": 8,
  "max_new_tokens": 20,
  "tokens_per_sec": 0
}