{
  "mode": "serial",
  "role": "attention",
  "total_time_ms": 8672.548443078995,
  "batch_size": 8,
  "max_new_tokens": 20,
  "tokens_per_sec": 2.3061272163847892
}