{
  "mode": "serial",
  "role": "ffn",
  "total_time_ms": 17133.753200992942,
  "prefill_ms": 1904.5678451657295,
  "decode_loop_ms": 14969.664264470339,
  "decode_steps": 19,
  "decode_tpot_ms": 787.8770665510705,
  "batch_size": 64,
  "max_new_tokens": 20,
  "tokens_per_sec": 0
}