{
  "mode": "serial",
  "role": "attention",
  "total_time_ms": 29486.86428926885,
  "prefill_ms": 5969.327291473746,
  "decode_loop_ms": 23261.343330144882,
  "decode_steps": 19,
  "decode_tpot_ms": 1224.2812279023622,
  "batch_size": 64,
  "prefill_seq_len": 512,
  "actual_prompt_len": 512,
  "max_new_tokens": 20,
  "tokens_per_sec": 0.6782681197904993
}