{
  "mode": "serial",
  "role": "attention",
  "total_time_ms": 21874.354438856244,
  "batch_size": 128,
  "max_new_tokens": 20,
  "tokens_per_sec": 0.9143126969028738
}