{
  "mode": "serial",
  "role": "attention",
  "total_time_ms": 6622.709095478058,
  "prefill_ms": 1902.7093965560198,
  "decode_loop_ms": 4626.211876049638,
  "decode_steps": 19,
  "decode_tpot_ms": 243.48483558155988,
  "batch_size": 2,
  "max_new_tokens": 20,
  "tokens_per_sec": 3.0199122008327177
}