{
  "mode": "serial",
  "role": "attention",
  "total_time_ms": 6848.015710711479,
  "batch_size": 2,
  "max_new_tokens": 20,
  "tokens_per_sec": 2.920554047315713
}