{
  "mode": "serial",
  "role": "attention",
  "total_time_ms": 8796.695347875357,
  "batch_size": 8,
  "max_new_tokens": 20,
  "tokens_per_sec": 2.273581067557438
}