{
  "mode": "serial",
  "role": "attention",
  "total_time_ms": 6292.555896565318,
  "batch_size": 2,
  "max_new_tokens": 20,
  "tokens_per_sec": 3.178358735107407
}