{
  "mode": "serial",
  "role": "attention",
  "total_time_ms": 49872.68142402172,
  "batch_size": 512,
  "max_new_tokens": 20,
  "tokens_per_sec": 0.4010211488321296
}