{
  "mode": "serial",
  "role": "attention",
  "total_time_ms": 6666.242765262723,
  "batch_size": 2,
  "max_new_tokens": 20,
  "tokens_per_sec": 3.000190767761783
}