{
  "mode": "serial",
  "role": "attention",
  "total_time_ms": 50682.58265219629,
  "batch_size": 512,
  "max_new_tokens": 20,
  "tokens_per_sec": 0.39461288185031584
}