{
  "mode": "serial",
  "role": "attention",
  "total_time_ms": 10796.998804435134,
  "batch_size": 16,
  "max_new_tokens": 20,
  "tokens_per_sec": 1.8523666031883328
}