{
  "mode": "serial",
  "role": "attention",
  "total_time_ms": 13228.711042553186,
  "batch_size": 32,
  "max_new_tokens": 20,
  "tokens_per_sec": 1.5118630935142061
}