{
  "mode": "serial",
  "role": "attention",
  "total_time_ms": 20575.82403346896,
  "batch_size": 128,
  "max_new_tokens": 20,
  "tokens_per_sec": 0.9720145335354581
}