{
  "mode": "serial",
  "role": "attention",
  "total_time_ms": 15934.808803722262,
  "batch_size": 64,
  "max_new_tokens": 20,
  "tokens_per_sec": 1.2551138985318817
}