{
  "mode": "serial",
  "role": "attention",
  "total_time_ms": 21392.66898855567,
  "batch_size": 128,
  "max_new_tokens": 20,
  "tokens_per_sec": 0.9348997084327955
}