phase,case,batch,seq,cache_len,ok_count,fail_count,latency_median_ms,latency_mean_ms,latency_min_ms,latency_max_ms,latency_std_ms,aggregate_delta_ms_vs_hf,aggregate_speedup_vs_hf,max_abs_diff_median,max_abs_diff_max,mean_abs_diff_median,mean_abs_diff_max
decode_core,community_v2,1,1,1,3,0,3.863804663221041,3.853604533813066,3.744106972590089,3.9529019656280675,0.08554480019025887,3.7912673627336817,0.018773542352653255,0.0,0.0,0.0,0.0
decode_core,community_v2,1,1,1024,3,0,3.7596840411424637,3.815517812553379,3.752004044751326,3.934865351766348,0.08444967702044136,3.705280367285013,0.014470278156916271,0.0001220703125,0.00048828125,1.2480304576456547e-06,9.347946615889668e-06
decode_core,community_v2,1,1,128,3,0,3.7105736943582692,3.8195744725979037,3.668043374394377,4.080106349041064,0.1850402677100375,3.6575363483279943,0.014293570320652977,0.0,0.0,0.0,0.0
decode_core,community_v2,1,1,16,3,0,3.9629123639315367,3.976111222679416,3.957958659157157,4.007462644949555,0.022260855876303838,3.8894350485255322,0.0185412415562753,0.0,0.0,0.0,0.0
decode_core,community_v2,1,1,256,3,0,3.811090951785445,3.7981475341237254,3.6678529965380826,3.915498654047648,0.1015143404201611,3.759813650200764,0.013454756717537309,2.384185791015625e-07,0.00048828125,5.820766091346741e-11,2.4586915969848633e-07
decode_core,community_v2,1,1,32,3,0,3.866264596581459,3.8679047332455716,3.862234608580669,3.8752149945745864,0.005424643849783852,3.7927672577401004,0.01900990917857639,0.0,0.0,0.0,0.0
decode_core,community_v2,1,1,512,3,0,3.907811672737201,3.8991226659466824,3.872144656876723,3.917411668226123,0.019474765011520945,3.853237722069025,0.013965348189348657,1.9073486328125e-06,1.52587890625e-05,5.238689482212067e-10,3.725290298461914e-09
decode_core,community_v2,1,1,64,3,0,3.83164764692386,3.76022265603145,3.498134979357322,3.950885341813167,0.1916104897423597,3.779337275773287,0.013652187249672902,0.0,0.0,0.0,0.0
decode_core,community_v2,128,1,1,3,0,3.7318136698255935,3.7479948821581073,3.6979866369316974,3.8141843397170305,0.04879788422708218,3.5777989930162826,0.04127073065159462,0.0,0.0,0.0,0.0
decode_core,community_v2,128,1,1024,3,0,3.8815282750874758,3.897611750289798,3.8794150265554586,3.931891949226459,0.024255109210120668,2.278718554104368,0.41293264080292863,0.000244140625,0.0009765625,1.4477026297754492e-06,7.804737833794206e-06
decode_core,community_v2,128,1,128,3,0,3.839167688662807,4.062303911066717,3.808270674198866,4.53947337033848,0.3376454511485638,3.4376042895019054,0.10459647291435904,0.0001220703125,0.00048828125,4.658090801967774e-09,4.2140982259297743e-08
decode_core,community_v2,128,1,16,3,0,3.9263182940582433,3.880428098556068,3.744176977003614,3.970789024606347,0.0980397455528343,3.772563611467679,0.03916001482183535,0.000244140625,0.0009765625,3.5144012144883163e-09,7.115204425645061e-08
decode_core,community_v2,128,1,256,3,0,3.8188109950472913,3.8554024261732898,3.7663239830483994,3.9810723004241786,0.09140900603995433,3.3173436919848127,0.13131503593994145,0.000244140625,0.0009765625,7.982293936947826e-09,2.8823819775425363e-08
decode_core,community_v2,128,1,32,3,0,3.8492479361593723,3.852663535831703,3.827647694076101,3.881094977259636,0.021953021975215887,3.695486579090357,0.03994581788941154,0.0001220703125,0.0009765625,3.4098093237844296e-09,1.547050487715751e-08
decode_core,community_v2,128,1,512,3,0,3.781057350958387,3.769428339890308,3.718717023730278,3.8085106449822583,0.03756903892127269,2.9271170496940613,0.22584695813933553,0.0001220703125,0.0009765625,3.4060576581396163e-09,2.6080215320689604e-08
decode_core,community_v2,128,1,64,3,0,3.7587673092881837,3.8003663066774607,3.7416736595332623,3.900657951210936,0.07125942598659127,3.3538473459581533,0.10772679711495951,0.0001220703125,0.0009765625,7.169091986725107e-09,6.164748356241034e-08
decode_core,community_v2,16,1,1,3,0,3.8226043495039144,3.8616881291899414,3.7884910125285387,3.9739690255373716,0.08060678095270328,3.741897332171599,0.021113097237695905,0.0,0.0,0.0,0.0
decode_core,community_v2,16,1,1024,3,0,3.6507563199847937,3.6489651021030216,3.631922649219632,3.6642163371046386,0.013244543918875624,3.4420746378600597,0.057161219165020344,0.000244140625,0.0009765625,1.4352672224049456e-06,8.19818251329707e-06
decode_core,community_v2,16,1,128,3,0,3.9554586013158164,3.9395940903988147,3.685939979429046,4.177383690451582,0.2009444240013926,3.8620312698185444,0.023619848142562398,0.0001220703125,0.00048828125,6.822119757998735e-09,2.270098775625229e-08
decode_core,community_v2,16,1,16,3,0,3.789420627678434,3.702003327715728,3.5242486434678235,3.7923407120009265,0.12569719581111524,3.708876669406891,0.02125495324621378,6.103515625e-05,0.00048828125,4.198227543383837e-09,1.9586877897381783e-08
decode_core,community_v2,16,1,256,3,0,3.7623272898296514,3.7590261134836407,3.6832299859573445,3.8315210646639266,0.0605845653058105,3.6536496287832656,0.02888575412887761,0.0001220703125,0.000244140625,6.793015927542001e-09,2.176966518163681e-08
decode_core,community_v2,16,1,32,3,0,3.768717326844732,3.770373994484544,3.735510321954886,3.806894334654013,0.02916593592999532,3.6897833924740553,0.02094450910616908,6.103515625e-05,0.00048828125,1.280568540096283e-09,9.778887033462524e-09
decode_core,community_v2,16,1,512,3,0,3.6813863553106785,3.684779991292291,3.6600299645215273,3.7129236540446677,0.02172668362059837,3.553728728244702,0.034676508995536606,3.0517578125e-05,0.00048828125,1.5479599824175239e-09,1.5617843018844724e-08
decode_core,community_v2,16,1,64,3,0,3.7751473331203065,3.8526923550913734,3.705083392560482,4.077846339593331,0.1617569709873913,3.67964959392945,0.025296427070019546,6.103515625e-05,0.0001220703125,7.159542292356491e-09,7.516064215451479e-09
decode_core,community_v2,2,1,1,3,0,3.803097642958164,3.7754206504258847,3.699773301680883,3.8233910066386065,0.05412852717669676,3.7222735894223056,0.021252163663352964,0.0,0.0,0.0,0.0
decode_core,community_v2,2,1,1024,3,0,3.9021483777711787,3.8642846823980412,3.662936311836044,4.027769357586901,0.15132973355875137,3.838321038832267,0.01635697384100205,0.0001220703125,0.00048828125,1.2609452824108303e-06,7.072398148011416e-06
decode_core,community_v2,2,1,128,3,0,3.8814713868002095,3.928531789117389,3.825124353170395,4.078999627381563,0.1088551784517395,3.830930683761835,0.013021016517151015,1.52587890625e-05,0.00048828125,1.862645149230957e-09,8.940696716308594e-08
decode_core,community_v2,2,1,16,3,0,3.849237614000837,3.8708857674565578,3.8265776820480824,3.9368420063207545,0.04754672938530463,3.768953572337826,0.020857128011789572,0.0,0.000244140625,0.0,2.9802322387695312e-08
decode_core,community_v2,2,1,256,3,0,3.8612513647725186,3.7809262414359384,3.608232674499353,3.873294685035944,0.12221173276109126,3.8101643634339175,0.013230685213784534,4.76837158203125e-07,1.52587890625e-05,5.820766091346741e-11,2.903107088059187e-09
decode_core,community_v2,2,1,32,3,0,3.862077991167704,3.9067139021224446,3.8414310353497663,4.016632679849863,0.0781800378142409,3.7807806705435114,0.021050149896018076,6.103515625e-05,0.0001220703125,2.2351741790771484e-08,3.5390257835388184e-08
decode_core,community_v2,2,1,512,3,0,3.728780041759213,3.766515990719199,3.710749947155515,3.8600179832428694,0.0665243716356491,3.6746597227950892,0.014514216005777087,9.5367431640625e-07,3.0517578125e-05,2.9831426218152046e-10,4.190951585769653e-09
decode_core,community_v2,2,1,64,3,0,3.814137618367871,3.793229555918111,3.7283300577352443,3.837220991651217,0.04684847332144692,3.7602835800498724,0.014119584479241533,6.103515625e-05,0.0001220703125,1.1175870895385742e-08,1.4901161193847656e-08
decode_core,community_v2,32,1,1,3,0,3.8276975974440575,3.7177800873501434,3.438614308834076,3.8870283557722964,0.198880506237309,3.7449235872675977,0.021625012966471607,0.0,0.0,0.0,0.0
decode_core,community_v2,32,1,1024,3,0,3.8824346071730056,3.9020070754405527,3.8643913188328347,3.9591953003158173,0.041103607804502416,3.446750963727633,0.11221918397296989,0.000244140625,0.0009765625,1.5700634321547113e-06,8.12431244412437e-06
decode_core,community_v2,32,1,128,3,0,3.9133382961153984,3.8878338721891246,3.7595673153797784,3.9905960050721965,0.09602576249842963,3.7735069636255503,0.03573198172737906,0.0001220703125,0.0009765625,2.9976945370435715e-09,7.127891876734793e-08
decode_core,community_v2,32,1,16,3,0,3.8032143687208495,3.8252478051516747,3.774830683444937,3.897698363289237,0.05252441291624144,3.7206870038062334,0.021699372402816386,0.0001220703125,0.0009765625,4.547473508864641e-09,2.60770320892334e-08
decode_core,community_v2,32,1,256,3,0,3.9105016427735486,3.9122105420877533,3.872534648204843,3.9535953352848687,0.03311494124128893,3.7451203291614847,0.04229158525420436,6.103515625e-05,0.00048828125,3.0595401767641306e-09,3.1544459488941357e-08
decode_core,community_v2,32,1,32,3,0,3.86659133558472,3.892598208039999,3.856121329590678,3.9550819589445987,0.044388959601158066,3.7831906229257584,0.02156957004776132,6.103515625e-05,0.001953125,8.511960913892835e-09,3.742752596735954e-08
decode_core,community_v2,32,1,512,3,0,3.913024983679255,3.9101594334675207,3.831710976858934,3.985742339864373,0.0629156775949118,3.699356612438957,0.054604397398811,6.103515625e-05,0.000244140625,2.824890543706715e-09,1.801709004212171e-08
decode_core,community_v2,32,1,64,3,0,3.8360776379704475,3.888067090883851,3.7990910156319537,4.029032619049151,0.10081488863653092,3.693236348529657,0.03723628740641542,0.0001220703125,0.0009765625,3.9362930692732334e-09,1.7867932911030948e-08
decode_core,community_v2,4,1,1,3,0,3.781723945091168,3.7739560939371586,3.7553236664583287,3.784820670261979,0.013235632260713873,3.6998599146803217,0.021647278225347177,0.0,0.0,0.0,0.0
decode_core,community_v2,4,1,1024,3,0,3.7309369848420224,3.6957111313111253,3.589329387371739,3.7668670217196145,0.07664006119602271,3.651536302641034,0.021281700152957734,0.0001220703125,0.0009765625,1.4387369446922094e-06,8.726827218197286e-06
decode_core,community_v2,4,1,128,3,0,3.924375011896094,3.8656413089483976,3.706099931150675,3.9664489837984243,0.11411293587233749,3.8627642982949815,0.01569949696814134,9.5367431640625e-07,0.000244140625,8.731149137020111e-11,4.470348358154297e-08
decode_core,community_v2,4,1,16,3,0,3.852764687811335,3.835884595496787,3.7965410544226565,3.858348044256369,0.0279133078833605,3.770017297938466,0.021477405597764575,7.62939453125e-06,0.00048828125,4.656612873077393e-10,2.9802322387695312e-08
decode_core,community_v2,4,1,256,3,0,3.6441330642749867,3.7193803323639765,3.5883826203644276,3.925625312452515,0.14760255611573347,3.5786523949354887,0.017968792078816555,3.814697265625e-06,0.000244140625,2.3283064365386963e-10,2.3166649043560028e-08
decode_core,community_v2,4,1,32,3,0,3.763297339901328,3.7357604338063135,3.6391663209845624,3.80481764053305,0.07037424157082396,3.6814066115766764,0.021760366223626343,3.0517578125e-05,0.0001220703125,2.7939677238464355e-09,7.450580596923828e-09
decode_core,community_v2,4,1,512,3,0,3.656106380124887,3.617542666486568,3.4602079540491104,3.7363136652857065,0.11597114857167522,3.5893823951482773,0.0182500119086607,7.62939453125e-06,1.52587890625e-05,5.384208634495735e-10,9.89530235528946e-10
decode_core,community_v2,4,1,64,3,0,3.8857550049821534,3.8703658824993505,3.791184009363254,3.9341586331526437,0.05937482395775957,3.8223313943793373,0.01632208168592637,9.5367431640625e-07,6.103515625e-05,1.2732925824820995e-10,5.587935447692871e-09
decode_core,community_v2,64,1,1,3,0,3.7994876814385257,3.780529575629367,3.724797007938226,3.8173040375113487,0.04007447202408774,3.686383366584778,0.029768306765749326,0.0,0.0,0.0,0.0
decode_core,community_v2,64,1,1024,3,0,3.679676679894328,3.7347292268855705,3.665143313507239,3.859367687255144,0.08833219132761924,2.851286359752218,0.22512584452553036,0.000244140625,0.0009765625,1.515524672868196e-06,7.948645361466333e-06
decode_core,community_v2,64,1,128,3,0,3.883077995851636,3.8357911010583243,3.7352570022145906,3.889038305108746,0.0711299753706846,3.659945990269383,0.057462663850849555,0.0001220703125,0.0009765625,5.356241672416218e-09,3.151308192173019e-08
decode_core,community_v2,64,1,16,3,0,3.965195268392563,3.900242762433158,3.659500041976571,4.07603297693034,0.1761420686039256,3.8525176544984183,0.028416662047471546,0.0001220703125,0.00048828125,5.920810508541763e-09,3.8682628655806184e-08
decode_core,community_v2,64,1,256,3,0,3.6504659801721573,3.674379756881131,3.6385496302197375,3.7341236602514982,0.04252450541740973,3.378173646827539,0.07459111653788843,0.0001220703125,0.00048828125,5.283482096274383e-09,2.1478626877069473e-08
decode_core,community_v2,64,1,32,3,0,3.7964743096381426,3.8273399954454765,3.7472903107603392,3.9382553659379482,0.08095855316153902,3.682483686134219,0.03002539045622788,0.000244140625,0.00048828125,8.465576684102416e-09,1.4149009075481445e-08
decode_core,community_v2,64,1,512,3,0,3.8694179772088924,3.858514569906725,3.7850340207417807,3.921091711769501,0.05607784494222522,3.4243642973403134,0.11501824886584293,6.103515625e-05,0.001953125,5.065203367848881e-09,3.5303173717693426e-08
decode_core,community_v2,64,1,64,3,0,3.858864695454637,3.833757791047295,3.701266677429279,3.941142000257969,0.09952490513176968,3.6337696947157383,0.05833192363651378,0.0001220703125,0.0009765625,4.874891601502895e-09,3.0921000870876014e-08
decode_core,community_v2,8,1,1,3,0,3.779183995599548,3.8192954380065203,3.7537236542751393,3.9249786641448736,0.07544872634377423,3.6977100341270366,0.021558612009200645,0.0,0.0,0.0,0.0
decode_core,community_v2,8,1,1024,3,0,3.726883325725794,3.680628672656086,3.5875090397894382,3.7274936524530253,0.06584599528998411,3.612759057432413,0.030621905307742777,0.0001220703125,0.0009765625,1.5605874068569392e-06,7.95406049292069e-06
decode_core,community_v2,8,1,128,3,0,3.6694700053582587,3.7530226529472404,3.649849289407333,3.9397486640761294,0.13227797888710535,3.5948793714245157,0.020327358944159126,0.0001220703125,0.0009765625,3.8664438761770725e-08,5.828042048960924e-08
decode_core,community_v2,8,1,16,3,0,3.7540936221679053,3.756511646012465,3.67995995717744,3.83548135869205,0.06351436431628027,3.674349669987957,0.02124186560214184,4.76837158203125e-07,0.0001220703125,1.4551915228366852e-11,3.725290298461914e-09
decode_core,community_v2,8,1,256,3,0,3.8857817028959594,3.856785905857881,3.722347008685271,3.9622290059924126,0.10005468618850717,3.8047976947079105,0.020841111101967975,6.103515625e-05,0.000244140625,6.984919309616089e-09,7.926792022772133e-08
decode_core,community_v2,8,1,32,3,0,3.8731783473243317,3.7984952278849153,3.593298994625608,3.929008341704806,0.14687493018662046,3.7935043995579085,0.020570689139957514,0.0001220703125,0.0009765625,7.123162504285574e-09,5.366746336221695e-08
decode_core,community_v2,8,1,512,3,0,3.7821407119433084,3.8728414413829646,3.7331002919624248,4.10328332024316,0.16417233901693715,3.693096727753679,0.023543276406518918,6.103515625e-05,0.0001220703125,1.0770236258395016e-08,1.7211277736350894e-08
decode_core,community_v2,8,1,64,3,0,3.8444810391714177,3.8697557886027627,3.7711806750545898,3.9936056515822806,0.09254666305869313,3.7682170514017344,0.019837264637965285,3.0517578125e-05,0.00048828125,1.3969838619232178e-09,9.217183105647564e-08
decode_core,community_v3,1,1,1,3,0,4.134420305490494,4.026050524165234,3.7710939844449363,4.172637282560269,0.180955357650625,4.061883005003135,0.017544733028480464,0.0,0.0,0.0,0.0
decode_core,community_v3,1,1,1024,3,0,3.961595706641674,3.9771834595335855,3.868161312614878,4.101793359344204,0.09601464070615459,3.9071920327842236,0.013732767774925119,0.0001220703125,0.00048828125,1.2480304576456547e-06,9.347946615889668e-06
decode_core,community_v3,1,1,128,3,0,3.962015655512611,3.9894246599740453,3.8073339965194464,4.1989243278900785,0.1610366149874319,3.908978309482336,0.013386455441305666,0.0,0.0,0.0,0.0
decode_core,community_v3,1,1,16,3,0,3.940601988385121,3.9982857544802957,3.905461635440588,4.148793639615178,0.10738770481173286,3.8671246729791164,0.018646215888480526,0.0,0.0,0.0,0.0
decode_core,community_v3,1,1,256,3,0,3.891841663668553,4.015171460600363,3.8631613521526256,4.29051136597991,0.19504646914342597,3.840564362083872,0.013175587810616514,2.384185791015625e-07,0.00048828125,5.820766091346741e-11,2.4586915969848633e-07
decode_core,community_v3,1,1,32,3,0,3.8649513541410365,3.8894915487617254,3.7133200094103813,4.090203282733758,0.1548373690720939,3.791454015299678,0.019016368411108552,0.0,0.0,0.0,0.0
decode_core,community_v3,1,1,512,3,0,3.896495016912619,3.9181417733844786,3.756826976314187,4.101103326926629,0.14138125275785154,3.841921066244443,0.014005907984303696,1.9073486328125e-06,1.52587890625e-05,5.238689482212067e-10,3.725290298461914e-09
decode_core,community_v3,1,1,64,3,0,3.9915823532889285,4.01222356595099,3.83783100793759,4.2072573366264505,0.15152227081027353,3.9392719821383553,0.013105171463510236,0.0,0.0,0.0,0.0
decode_core,community_v3,128,1,1,3,0,4.160350343833367,4.0882964515023765,3.85496128971378,4.249577720959981,0.16896617906631786,4.006335667024056,0.03701964115536506,0.0,0.0,0.0,0.0
decode_core,community_v3,128,1,1024,3,0,3.915768349543214,3.9125717917664184,3.8807683158665895,3.9411787098894515,0.02476580186082754,2.3129586285601063,0.4093218949405116,0.000244140625,0.0009765625,1.4477026297754492e-06,7.804737833794206e-06
decode_core,community_v3,128,1,128,3,0,4.030909311647217,3.9444431248638363,3.749467354888717,4.052952708055575,0.1381620811205616,3.629345912486315,0.09962104530622751,0.0001220703125,0.00048828125,4.658090801967774e-09,4.2140982259297743e-08
decode_core,community_v3,128,1,16,3,0,3.9880656792471805,3.9647887719588146,3.8397209718823433,4.066579664746921,0.0940658543848919,3.8343109966566162,0.038553698699262166,0.000244140625,0.0009765625,3.5144012144883163e-09,7.115204425645061e-08
decode_core,community_v3,128,1,256,3,0,3.9766323752701283,3.979026676259107,3.9392220011601844,4.021225652347009,0.03352063255083309,3.4751650722076497,0.12610351064408223,0.000244140625,0.0009765625,7.982293936947826e-09,2.8823819775425363e-08
decode_core,community_v3,128,1,32,3,0,4.070149657006065,4.009997989568445,3.8205343298614025,4.139309981837869,0.13691395447482038,3.91638829993705,0.037777814092005604,0.0001220703125,0.0009765625,3.4098093237844296e-09,1.547050487715751e-08
decode_core,community_v3,128,1,512,3,0,3.758770336086551,3.7624494224372835,3.740246950959166,3.788330980266134,0.019801855567605157,2.9048300348222256,0.2271860807950844,0.0001220703125,0.0009765625,3.4060576581396163e-09,2.6080215320689604e-08
decode_core,community_v3,128,1,64,3,0,3.953561962892612,3.982097790059116,3.782637339706222,4.210094067578514,0.17567115799105845,3.5486419995625815,0.10241902545869597,0.0001220703125,0.0009765625,7.169091986725107e-09,6.164748356241034e-08
decode_core,community_v3,16,1,1,3,0,3.898861352354288,3.911331554667817,3.849107694501678,3.9860256171474853,0.05658774216333472,3.8181543350219727,0.02070015064361838,0.0,0.0,0.0,0.0
decode_core,community_v3,16,1,1024,3,0,3.805167352159818,3.8071163257377014,3.7511570068697133,3.8650246181835732,0.04650668124106138,3.5964856700350842,0.05484165683443224,0.000244140625,0.0009765625,1.4352672224049456e-06,8.19818251329707e-06
decode_core,community_v3,16,1,128,3,0,4.0506660006940365,4.055549442354176,3.8444080079595246,4.271574318408966,0.17442410039438,3.9572386691967645,0.023064684049799247,0.0001220703125,0.00048828125,6.822119757998735e-09,2.270098775625229e-08
decode_core,community_v3,16,1,16,3,0,4.018349340185523,3.989583424602946,3.8197076258560023,4.130693307767312,0.1285784637564123,3.93780538191398,0.020044040836883673,6.103515625e-05,0.00048828125,4.198227543383837e-09,1.9586877897381783e-08
decode_core,community_v3,16,1,256,3,0,3.951535327360034,3.9070806621263423,3.809134320666393,3.9605723383526006,0.06935671679062158,3.8428576663136482,0.02750264189564814,0.0001220703125,0.000244140625,6.793015927542001e-09,2.176966518163681e-08
decode_core,community_v3,16,1,32,3,0,3.8402609837551913,3.8232219974613852,3.749787031362454,3.8796179772665105,0.054355397886048054,3.761327049384515,0.02055431511154518,6.103515625e-05,0.00048828125,1.280568540096283e-09,9.778887033462524e-09
decode_core,community_v3,16,1,512,3,0,3.829257640366753,3.8558535743504763,3.8045243515322604,3.9337787311524153,0.05601893394854812,3.7016000133007765,0.03333743483861009,3.0517578125e-05,0.00048828125,1.5479599824175239e-09,1.5617843018844724e-08
decode_core,community_v3,16,1,64,3,0,3.937855285281936,3.939738523008095,3.915671647215883,3.9656886365264654,0.02046272616529307,3.8423575460910797,0.024251205865230094,6.103515625e-05,0.0001220703125,7.159542292356491e-09,7.516064215451479e-09
decode_core,community_v3,2,1,1,3,0,3.9563420383880534,3.8974049190680184,3.747813714047273,3.988059004768729,0.10656652993558298,3.875517984852195,0.02042898534849359,0.0,0.0,0.0,0.0
decode_core,community_v3,2,1,1024,3,0,3.877404689167937,3.8683935741169586,3.817201048756639,3.9105749844262996,0.03864861456298232,3.813577350229025,0.01646135599856837,0.0001220703125,0.00048828125,1.2609452824108303e-06,7.072398148011416e-06
decode_core,community_v3,2,1,128,3,0,3.9472453451404967,3.979021191803945,3.84404129969577,4.145776930575569,0.12521548375764577,3.8967046421021223,0.012804043989967807,1.52587890625e-05,0.00048828125,1.862645149230957e-09,8.940696716308594e-08
decode_core,community_v3,2,1,16,3,0,3.9946959974865117,4.051748559706741,3.9514487143605947,4.209100967273116,0.11265705185693528,3.9144119558235007,0.020097659925442674,0.0,0.000244140625,0.0,2.9802322387695312e-08
decode_core,community_v3,2,1,256,3,0,3.832827710236112,3.8720335707896285,3.7573136699696383,4.0259593321631355,0.11312367149909279,3.781740708897511,0.013328801918793794,4.76837158203125e-07,1.52587890625e-05,5.820766091346741e-11,2.903107088059187e-09
decode_core,community_v3,2,1,32,3,0,4.015902678171794,4.0325461110721035,3.9973489474505186,4.084386707593997,0.037431233096873726,3.934605357547601,0.020243847308870164,6.103515625e-05,0.0001220703125,2.2351741790771484e-08,3.5390257835388184e-08
decode_core,community_v3,2,1,512,3,0,3.8539846427738667,3.892250540148881,3.7881039703885713,4.0346630072842045,0.10423066997501867,3.799864323809743,0.014042691909942633,9.5367431640625e-07,3.0517578125e-05,2.9831426218152046e-10,4.190951585769653e-09
decode_core,community_v3,2,1,64,3,0,3.874148397396008,3.9164052189638214,3.7749973125755787,4.100069946919878,0.13603255401225633,3.8202943590780096,0.013900871312569237,6.103515625e-05,0.0001220703125,1.1175870895385742e-08,1.4901161193847656e-08
decode_core,community_v3,32,1,1,3,0,3.823211028551062,3.8228487958096795,3.77208700714012,3.873248351737857,0.041299740270569194,3.7404370183746023,0.021650390093122855,0.0,0.0,0.0,0.0
decode_core,community_v3,32,1,1024,3,0,3.9575586561113596,3.9155706763267517,3.764757343257467,4.024396029611428,0.11007665419363359,3.521875012665987,0.11008899205387118,0.000244140625,0.0009765625,1.5700634321547113e-06,8.12431244412437e-06
decode_core,community_v3,32,1,128,3,0,3.871274646371603,3.9169016397661633,3.864424613614877,4.01500565931201,0.06942636255045545,3.731443313881755,0.03612023048297714,0.0001220703125,0.0009765625,2.9976945370435715e-09,7.127891876734793e-08
decode_core,community_v3,32,1,16,3,0,4.0448429839064675,4.011919333909948,3.8805350195616484,4.11037999826173,0.0966786898450402,3.9623156189918514,0.020403107176959406,0.0001220703125,0.0009765625,4.547473508864641e-09,2.60770320892334e-08
decode_core,community_v3,32,1,256,3,0,3.8796846444408097,3.883047986568676,3.795487340539694,3.9739719747255244,0.0729048476340417,3.714303330828746,0.042627514545296404,6.103515625e-05,0.00048828125,3.0595401767641306e-09,3.1544459488941357e-08
decode_core,community_v3,32,1,32,3,0,3.9574353334804377,3.9751266594976187,3.9452419926722846,4.022702652340134,0.03400760416170892,3.874034620821476,0.0210744347364012,6.103515625e-05,0.001953125,8.511960913892835e-09,3.742752596735954e-08
decode_core,community_v3,32,1,512,3,0,3.889028293391069,3.963828759474887,3.8367110149314008,4.165746970102191,0.14436642556022936,3.675359922150771,0.05494132598711132,6.103515625e-05,0.000244140625,2.824890543706715e-09,1.801709004212171e-08
decode_core,community_v3,32,1,64,3,0,3.961748986815413,3.907899553370145,3.786620683968067,3.975328989326954,0.0859361283731043,3.8189076973746223,0.03605510846753859,0.0001220703125,0.0009765625,3.9362930692732334e-09,1.7867932911030948e-08
decode_core,community_v3,4,1,1,3,0,3.9916856524844966,4.021504764548606,3.7621503385404744,4.310678302620848,0.2249260862709626,3.9098216220736504,0.020508636585622023,0.0,0.0,0.0,0.0
decode_core,community_v3,4,1,1024,3,0,3.891805031647285,3.8933526828057237,3.8680413272231817,3.9202116895467043,0.02132655768946422,3.8124043494462967,0.020402019514163636,0.0001220703125,0.0009765625,1.4387369446922094e-06,8.726827218197286e-06
decode_core,community_v3,4,1,128,3,0,3.903298328320185,3.9503798664857945,3.7494072845826545,4.1984339865545435,0.18631290561484226,3.841687614719073,0.015784269717253975,9.5367431640625e-07,0.000244140625,8.731149137020111e-11,4.470348358154297e-08
decode_core,community_v3,4,1,16,3,0,3.8292413422216973,3.87506823365887,3.789980662986636,4.005982695768277,0.09394784909918942,3.7464939523488283,0.02160934307286556,7.62939453125e-06,0.00048828125,4.656612873077393e-10,2.9802322387695312e-08
decode_core,community_v3,4,1,256,3,0,3.859844679633776,3.8731170093847647,3.7599903686592975,3.99951597986122,0.09823524709654151,3.794364010294278,0.016964586602409792,3.814697265625e-06,0.000244140625,2.3283064365386963e-10,2.3166649043560028e-08
decode_core,community_v3,4,1,32,3,0,4.143290299301346,4.0931253331816855,3.8693780079483986,4.266707692295313,0.16604238893556592,4.061399570976694,0.019764661032431248,3.0517578125e-05,0.0001220703125,2.7939677238464355e-09,7.450580596923828e-09
decode_core,community_v3,4,1,512,3,0,3.918554944296678,3.927688528266218,3.907728319366773,3.956782321135203,0.02104187158137723,3.8518309593200684,0.017027701774023612,7.62939453125e-06,1.52587890625e-05,5.384208634495735e-10,9.89530235528946e-10
decode_core,community_v3,4,1,64,3,0,4.045523004606366,4.000874805367655,3.910781738037864,4.0463196734587354,0.06370624907067743,3.98209939400355,0.01567748113917526,9.5367431640625e-07,6.103515625e-05,1.2732925824820995e-10,5.587935447692871e-09
decode_core,community_v3,64,1,1,3,0,4.179510675991575,4.06930189476245,3.847944394995769,4.180450613300006,0.15652385951829215,4.066406361137828,0.027061616447938384,0.0,0.0,0.0,0.0
decode_core,community_v3,64,1,1024,3,0,3.8230843686809144,3.8357044621888132,3.7201036854336658,3.96392533245186,0.09993897791078082,2.994694048538804,0.21668115067728186,0.000244140625,0.0009765625,1.515524672868196e-06,7.948645361466333e-06
decode_core,community_v3,64,1,128,3,0,3.824610961601138,3.8021497376677065,3.7290502805262804,3.8527879708757005,0.05295365230521918,3.601478956018885,0.05834109869539279,0.0001220703125,0.0009765625,5.356241672416218e-09,3.151308192173019e-08
decode_core,community_v3,64,1,16,3,0,3.882061690092087,3.936178542466627,3.848720962802569,4.077752974505226,0.10102933857494856,3.7693840761979422,0.029025199208380394,0.0001220703125,0.00048828125,5.920810508541763e-09,3.8682628655806184e-08
decode_core,community_v3,64,1,256,3,0,3.8551612912366786,3.909512759289808,3.816507679099838,4.0568693075329065,0.10538497573309294,3.5828689578920603,0.0706305943576413,0.0001220703125,0.00048828125,5.283482096274383e-09,2.1478626877069473e-08
decode_core,community_v3,64,1,32,3,0,4.038352674494187,3.9550708865539894,3.783487326775988,4.043372658391793,0.1213452060559771,3.924362050990264,0.028227010539192444,0.000244140625,0.00048828125,8.465576684102416e-09,1.4149009075481445e-08
decode_core,community_v3,64,1,512,3,0,3.85716138407588,3.9080062156750097,3.7469036566714444,4.119953606277704,0.15648314904075375,3.412107704207301,0.11538373315308074,6.103515625e-05,0.001953125,5.065203367848881e-09,3.5303173717693426e-08
decode_core,community_v3,64,1,64,3,0,3.9616786719610295,3.939439801292287,3.8730183926721415,3.98362233924369,0.04781376214554606,3.7365836712221308,0.05681808631578819,0.0001220703125,0.0009765625,4.874891601502895e-09,3.0921000870876014e-08
decode_core,community_v3,8,1,1,3,0,3.9116619930913052,3.9058384330322347,3.820054310684403,3.985798995320996,0.06779016895362781,3.830188031618794,0.02082847690224996,0.0,0.0,0.0,0.0
decode_core,community_v3,8,1,1024,3,0,3.9171152748167515,3.910971883063515,3.7182570279886327,4.097543346385161,0.15490391382482568,3.8029910065233707,0.029134774007568528,0.0001220703125,0.0009765625,1.5605874068569392e-06,7.95406049292069e-06
decode_core,community_v3,8,1,128,3,0,4.006779054179788,4.204244016566211,3.8798279905070863,4.726125005011757,0.37264725744112054,3.9321884202460446,0.01861610858126341,0.0001220703125,0.0009765625,3.8664438761770725e-08,5.828042048960924e-08
decode_core,community_v3,8,1,16,3,0,3.827401048814257,3.8409710137380495,3.715973347425461,3.9795386449744306,0.10802707833083319,3.747657096634309,0.020835013410641527,4.76837158203125e-07,0.0001220703125,1.4551915228366852e-11,3.725290298461914e-09
decode_core,community_v3,8,1,256,3,0,3.8616646391650042,3.8725414520336523,3.7289203610271215,4.027039355908831,0.12194934076890239,3.7806806309769554,0.020971269065342742,6.103515625e-05,0.000244140625,6.984919309616089e-09,7.926792022772133e-08
decode_core,community_v3,8,1,32,3,0,4.0835430069516105,4.0916465481536255,4.074913294365008,4.116483343144258,0.017912151813538106,4.003869059185187,0.01951098534551747,0.0001220703125,0.0009765625,7.123162504285574e-09,5.366746336221695e-08
decode_core,community_v3,8,1,512,3,0,4.207957303151488,4.124837875780132,3.8705646681288877,4.29599165606002,0.18335513795172773,4.118913318961859,0.02116085734114777,6.103515625e-05,0.0001220703125,1.0770236258395016e-08,1.7211277736350894e-08
decode_core,community_v3,8,1,64,3,0,3.9853156389047704,3.9970135419732995,3.96909867413342,4.036626312881708,0.028782242220743846,3.909051651135087,0.019136247835727708,3.0517578125e-05,0.00048828125,1.3969838619232178e-09,9.217183105647564e-08
decode_core,hf_sdpa,1,1,1,3,0,0.07253730048735936,0.07326823348800342,0.07110368460416794,0.07616371537248294,0.002129424825729007,0.0,1.0,,,,
decode_core,hf_sdpa,1,1,1024,3,0,0.054403673857450485,0.056666140961978174,0.05247071385383606,0.06312403517464797,0.004634104145025864,0.0,1.0,,,,
decode_core,hf_sdpa,1,1,128,3,0,0.053037346030275025,0.055600578586260475,0.04948698915541172,0.06427740057309468,0.006304320652173365,0.0,1.0,,,,
decode_core,hf_sdpa,1,1,16,3,0,0.07347731540600459,0.07357510427633922,0.07328065112233162,0.07396734630068143,0.00028874390540547596,0.0,1.0,,,,
decode_core,hf_sdpa,1,1,256,3,0,0.05127730158468088,0.05020278816421827,0.0474370705584685,0.051893992349505424,0.0019717965210978954,0.0,1.0,,,,
decode_core,hf_sdpa,1,1,32,3,0,0.07349733884135883,0.07384844745198886,0.07309733579556148,0.07495066771904628,0.0007963113909335906,0.0,1.0,,,,
decode_core,hf_sdpa,1,1,512,3,0,0.05457395066817602,0.0562016438278887,0.047780340537428856,0.06625064027806123,0.007627801426091822,0.0,1.0,,,,
decode_core,hf_sdpa,1,1,64,3,0,0.0523103711505731,0.057009359200795494,0.0492840384443601,0.06943366800745328,0.008871762673582941,0.0,1.0,,,,
decode_core,hf_sdpa,128,1,1,3,0,0.1540146768093109,0.15264353714883327,0.14988798648118973,0.15402794815599918,0.0019484760957602788,0.0,1.0,,,,
decode_core,hf_sdpa,128,1,1024,3,0,1.6028097209831078,1.597342909210258,1.5762793676306803,1.612939639016986,0.01545764962188022,0.0,1.0,,,,
decode_core,hf_sdpa,128,1,128,3,0,0.4015633991609017,0.40129225494133103,0.39729670000573,0.40501666565736133,0.003157489171947329,0.0,1.0,,,,
decode_core,hf_sdpa,128,1,16,3,0,0.1537546825905641,0.15327355100048914,0.1511013445754846,0.1549646258354187,0.0016134541060646972,0.0,1.0,,,,
decode_core,hf_sdpa,128,1,256,3,0,0.5014673030624787,0.5005474409295453,0.49865067315598327,0.5015243465701739,0.0013414195169198036,0.0,1.0,,,,
decode_core,hf_sdpa,128,1,32,3,0,0.1537613570690155,0.1529057820638021,0.1497579893718163,0.15519799975057444,0.002301801420975682,0.0,1.0,,,,
decode_core,hf_sdpa,128,1,512,3,0,0.8539403012643257,0.8531336465643512,0.8434370004882416,0.8620236379404863,0.007609371055877533,0.0,1.0,,,,
decode_core,hf_sdpa,128,1,64,3,0,0.40491996333003044,0.40360886810554397,0.40004332549870014,0.4058633154879014,0.002550463864261305,0.0,1.0,,,,
decode_core,hf_sdpa,16,1,1,3,0,0.08070701733231544,0.08049612450930807,0.07723062299191952,0.08355073320368926,0.0025844799746855673,0.0,1.0,,,,
decode_core,hf_sdpa,16,1,1024,3,0,0.20868168212473392,0.20482931803498003,0.19625131972134113,0.20955495225886503,0.00607602893801454,0.0,1.0,,,,
decode_core,hf_sdpa,16,1,128,3,0,0.09342733149727185,0.0927839945587847,0.0909872663517793,0.09393738582730293,0.001287429750130723,0.0,1.0,,,,
decode_core,hf_sdpa,16,1,16,3,0,0.08054395827154319,0.07913165932728185,0.07608067244291306,0.0807703472673893,0.002159352328948481,0.0,1.0,,,,
decode_core,hf_sdpa,16,1,256,3,0,0.10867766104638577,0.10758201177749369,0.10439070562521617,0.10967766866087914,0.0022932262608872595,0.0,1.0,,,,
decode_core,hf_sdpa,16,1,32,3,0,0.07893393437067668,0.07830399812923537,0.07617403753101826,0.07980402248601119,0.0015474306542523238,0.0,1.0,,,,
decode_core,hf_sdpa,16,1,512,3,0,0.12765762706597647,0.12826878163549635,0.12516765855252743,0.13198105928798518,0.002814929226625757,0.0,1.0,,,,
decode_core,hf_sdpa,16,1,64,3,0,0.09549773919085662,0.09537094997035132,0.09350439844032128,0.09711071227987607,0.0014749986456871415,0.0,1.0,,,,
decode_core,hf_sdpa,2,1,1,3,0,0.0808240535358588,0.07987068966031075,0.07720400268832843,0.08158401275674503,0.0019109856199106049,0.0,1.0,,,,
decode_core,hf_sdpa,2,1,1024,3,0,0.06382733893891175,0.0636172222180499,0.06198060388366381,0.06504372383157413,0.0012593087339517735,0.0,1.0,,,,
decode_core,hf_sdpa,2,1,128,3,0,0.05054070303837458,0.05140934242970414,0.04909032334884008,0.05459700090189775,0.002330489964573164,0.0,1.0,,,,
decode_core,hf_sdpa,2,1,16,3,0,0.08028404166301091,0.07949847107132275,0.07702402460078399,0.08118734695017338,0.0017881375995012709,0.0,1.0,,,,
decode_core,hf_sdpa,2,1,256,3,0,0.05108700133860111,0.050599221140146255,0.049143641566236816,0.05156702051560084,0.0010477399564645998,0.0,1.0,,,,
decode_core,hf_sdpa,2,1,32,3,0,0.08129732062419255,0.08092722338106897,0.08012369895974795,0.0813606505592664,0.0005687655005439814,0.0,1.0,,,,
decode_core,hf_sdpa,2,1,512,3,0,0.054120318964123726,0.05405921385520034,0.051723637928565346,0.056333684672911964,0.0018825396183555904,0.0,1.0,,,,
decode_core,hf_sdpa,2,1,64,3,0,0.05385403831799825,0.05254959170189169,0.04863739013671875,0.05515734665095806,0.0028170485698802814,0.0,1.0,,,,
decode_core,hf_sdpa,32,1,1,3,0,0.08277401017645995,0.08333179478844006,0.08214063321550687,0.08508074097335339,0.001263434779205395,0.0,1.0,,,,
decode_core,hf_sdpa,32,1,1024,3,0,0.4356836434453726,0.43645356264379287,0.4344433546066284,0.43923368987937766,0.0020300098005360343,0.0,1.0,,,,
decode_core,hf_sdpa,32,1,128,3,0,0.13983133248984814,0.13838222043381795,0.1353143403927485,0.14000098841885725,0.002170424189470227,0.0,1.0,,,,
decode_core,hf_sdpa,32,1,16,3,0,0.08252736491461594,0.08411625296705298,0.08207070641219616,0.08775068757434686,0.0025766865587390298,0.0,1.0,,,,
decode_core,hf_sdpa,32,1,256,3,0,0.16538131361206374,0.16422688754068482,0.16079129030307135,0.16650805870691934,0.0024725000723314072,0.0,1.0,,,,
decode_core,hf_sdpa,32,1,32,3,0,0.08340071265896161,0.083177350461483,0.08094737616678079,0.0851839625587066,0.0017367755693640245,0.0,1.0,,,,
decode_core,hf_sdpa,32,1,512,3,0,0.21366837124029794,0.21493522864249018,0.21365199548502764,0.21748531920214495,0.0018031987204540083,0.0,1.0,,,,
decode_core,hf_sdpa,32,1,64,3,0,0.1428412894407908,0.14159342067109212,0.1389209646731615,0.1430180078993241,0.0018910884254053502,0.0,1.0,,,,
decode_core,hf_sdpa,4,1,1,3,0,0.08186403041084607,0.08246289669639534,0.08176732808351517,0.08375733159482479,0.0009161546866229688,0.0,1.0,,,,
decode_core,hf_sdpa,4,1,1024,3,0,0.07940068220098813,0.07954402826726437,0.07922070411344369,0.08001069848736127,0.0003380669053535702,0.0,1.0,,,,
decode_core,hf_sdpa,4,1,128,3,0,0.061610713601112366,0.06186711187991831,0.06156360420087973,0.06242701783776283,0.0003963801501252001,0.0,1.0,,,,
decode_core,hf_sdpa,4,1,16,3,0,0.08274738987286885,0.0829962340907918,0.08261397791405518,0.08362733448545139,0.0004495668054125227,0.0,1.0,,,,
decode_core,hf_sdpa,4,1,256,3,0,0.06548066933949788,0.0656562236448129,0.065187302728494,0.06630069886644681,0.0004711880202127625,0.0,1.0,,,,
decode_core,hf_sdpa,4,1,32,3,0,0.08189072832465172,0.08169512471391095,0.08096732199192047,0.08222732382516067,0.0005326642058828948,0.0,1.0,,,,
decode_core,hf_sdpa,4,1,512,3,0,0.06672398497660954,0.06768953365584214,0.06665398056308429,0.0696906354278326,0.00141528121607822,0.0,1.0,,,,
decode_core,hf_sdpa,4,1,64,3,0,0.06342361060281594,0.06346042371458477,0.06307700338462989,0.06388065715630849,0.0003291213049742067,0.0,1.0,,,,
decode_core,hf_sdpa,64,1,1,3,0,0.11310431485374768,0.11325754328734344,0.11288731669386227,0.11378099831442039,0.00038059245427578877,0.0,1.0,,,,
decode_core,hf_sdpa,64,1,1024,3,0,0.8283903201421102,0.8277691279848417,0.8253633665541807,0.829553697258234,0.001766187537139793,0.0,1.0,,,,
decode_core,hf_sdpa,64,1,128,3,0,0.22313200558225313,0.2219097740534279,0.2191653475165367,0.22343196906149387,0.001944462613768303,0.0,1.0,,,,
decode_core,hf_sdpa,64,1,16,3,0,0.1126776138941447,0.1135809709214502,0.11265433082977931,0.11541096804042657,0.0012940382830163707,0.0,1.0,,,,
decode_core,hf_sdpa,64,1,256,3,0,0.2722923333446185,0.27203220977551407,0.2712723022947709,0.27253199368715286,0.0005461707940519574,0.0,1.0,,,,
decode_core,hf_sdpa,64,1,32,3,0,0.11399062350392342,0.11460087262094021,0.11178098308543365,0.11803101127346356,0.0025877939222958436,0.0,1.0,,,,
decode_core,hf_sdpa,64,1,512,3,0,0.4450536798685789,0.44640034644140136,0.44499368717273075,0.44915367228289443,0.0019470494212121628,0.0,1.0,,,,
decode_core,hf_sdpa,64,1,64,3,0,0.2250950007388989,0.22492844921847185,0.22334170838197073,0.2263486385345459,0.001233210388196556,0.0,1.0,,,,
decode_core,hf_sdpa,8,1,1,3,0,0.08147396147251129,0.08028398992286788,0.0775239896029234,0.08185401869316895,0.0019577729179374127,0.0,1.0,,,,
decode_core,hf_sdpa,8,1,1024,3,0,0.11412426829338074,0.11364432672659557,0.11122769986589749,0.11558101202050845,0.0018093441923372935,0.0,1.0,,,,
decode_core,hf_sdpa,8,1,128,3,0,0.07459063393374284,0.07386945395006074,0.07171401133139928,0.07530371658504009,0.001551681105264417,0.0,1.0,,,,
decode_core,hf_sdpa,8,1,16,3,0,0.0797439521799485,0.08005509153008461,0.07713733551402886,0.08328398689627647,0.002518986115500171,0.0,1.0,,,,
decode_core,hf_sdpa,8,1,256,3,0,0.080984008188049,0.0806373492297199,0.0785739781955878,0.08235406130552292,0.0015625590985189548,0.0,1.0,,,,
decode_core,hf_sdpa,8,1,32,3,0,0.07967394776642323,0.07942065389619933,0.07704730766514938,0.0815407062570254,0.0018431451498074553,0.0,1.0,,,,
decode_core,hf_sdpa,8,1,512,3,0,0.08904398418962955,0.08860846153563923,0.08623402876158555,0.09054737165570259,0.0017876412237287393,0.0,1.0,,,,
decode_core,hf_sdpa,8,1,64,3,0,0.0762639877696832,0.07546152402129438,0.07375027053058147,0.07637031376361847,0.0012108172684470629,0.0,1.0,,,,
decode_core,official_ifa,1,1,1,3,0,0.04887371324002743,0.0506781248582734,0.04393700510263443,0.05922365623215834,0.006369843098799711,-0.023663587247331933,1.4841782152118437,0.0,0.0,0.0,0.0
decode_core,official_ifa,1,1,1024,3,0,0.051690731197595596,0.054856115538212985,0.04397697436312834,0.06890064105391502,0.010418318285476043,-0.002712942659854889,1.0524841223368318,0.0,1.52587890625e-05,0.0,3.725290298461914e-09
decode_core,official_ifa,1,1,128,3,0,0.05169065358738104,0.05530488366882006,0.04205030078689257,0.07217369663218658,0.012560566298917499,-0.001346692442893982,1.0260529196176142,0.0,0.0,0.0,0.0
decode_core,official_ifa,1,1,16,3,0,0.04934372069935004,0.05185811056031121,0.043877012406786285,0.06235359857479731,0.007749738764872975,-0.024133594706654556,1.4890915067734738,0.0,0.0,0.0,0.0
decode_core,official_ifa,1,1,256,3,0,0.0549970039476951,0.05564587708148692,0.043383644272883735,0.06855698302388191,0.010287209638703271,0.003719702363014221,0.9323653636377748,0.0,0.0,0.0,0.0
decode_core,official_ifa,1,1,32,3,0,0.04398031160235405,0.04841032851901319,0.04352365309993426,0.05772702085475127,0.006590533681276427,-0.029517027239004776,1.6711418396913966,0.0,0.0,0.0,0.0
decode_core,official_ifa,1,1,512,3,0,0.051317038014531136,0.054584919578499265,0.046347035095095634,0.06609068562587102,0.00838499538888519,-0.003256912653644882,1.0634664972815198,0.0,0.0,0.0,0.0
decode_core,official_ifa,1,1,64,3,0,0.05915062502026558,0.057051553287439875,0.046563722814122833,0.06544031202793121,0.007847971359588313,0.006840253869692482,0.8843587220363446,0.0,0.0,0.0,0.0
decode_core,official_ifa,128,1,1,3,0,0.09614430988828342,0.09509522674812211,0.09171734564006329,0.09742402471601963,0.002444991901175069,-0.0578703669210275,1.601911511854118,0.0,0.0,0.0,0.0
decode_core,official_ifa,128,1,1024,3,0,0.250075322886308,0.25041986049877274,0.2480719704180956,0.25311228819191456,0.0020720731068298104,-1.3527343980967999,6.409307813677381,0.0001220703125,0.00048828125,2.2628228180110455e-09,7.400558388326317e-09
decode_core,official_ifa,128,1,128,3,0,0.10116095654666424,0.10068541289203697,0.09678762095669906,0.10410766117274761,0.003007252734832268,-0.3004024426142375,3.9695492497213163,0.0,0.0,0.0,0.0
decode_core,official_ifa,128,1,16,3,0,0.09751397495468457,0.09611631847090191,0.09323400445282459,0.09760097600519657,0.002038413250513139,-0.05624070763587953,1.5767451040942078,0.0,0.0,0.0,0.0
decode_core,official_ifa,128,1,256,3,0,0.10856760976215203,0.1083797671728664,0.10421771245698135,0.11235397929946582,0.003324271665772842,-0.39289969330032665,4.618940254474463,0.0,0.0,0.0,0.0
decode_core,official_ifa,128,1,32,3,0,0.09671101967493693,0.0954607967287302,0.0906706942866246,0.09900067622462909,0.0035137295317356314,-0.05705033739407857,1.5899052412624226,0.0,0.0,0.0,0.0
decode_core,official_ifa,128,1,512,3,0,0.12725770163039365,0.1268221013661888,0.1232076125840346,0.1300009898841381,0.002790436582092713,-0.7266825996339321,6.710323149985089,0.0,0.0,0.0,0.0
decode_core,official_ifa,128,1,64,3,0,0.09711435995995998,0.09610855744944678,0.09249732829630375,0.09871398409207661,0.0026357075379481545,-0.30780560337007046,4.169516881921252,0.0,0.0,0.0,0.0
decode_core,official_ifa,16,1,1,3,0,0.05661393515765667,0.058150436315271586,0.05294367050131162,0.06489370328684647,0.004998096154160666,-0.024093082174658775,1.4255680532993358,0.0,0.0,0.0,0.0
decode_core,official_ifa,16,1,1024,3,0,0.0673073809593916,0.0676228923516141,0.06432396670182546,0.07123732939362526,0.0028311724904544404,-0.14137430116534233,3.10042790478859,0.0001220703125,0.0001220703125,3.026798367500305e-09,4.307366907596588e-09
decode_core,official_ifa,16,1,128,3,0,0.05292395750681559,0.053929320226113,0.052573702608545624,0.05629030056297779,0.0016755776589457453,-0.04050337399045626,1.7653126466447677,0.0,0.0,0.0,0.0
decode_core,official_ifa,16,1,16,3,0,0.055293707797924675,0.05524936649534437,0.05163035045067469,0.058824041237433754,0.002936979332263161,-0.025250250473618514,1.4566568508282642,0.0,0.0,0.0,0.0
decode_core,official_ifa,16,1,256,3,0,0.057533616200089455,0.05740255841778384,0.05461702433725198,0.060057034716010094,0.0022228075845614915,-0.05114404484629631,1.888941947755003,0.0,0.0,0.0,0.0
decode_core,official_ifa,16,1,32,3,0,0.0549402708808581,0.05425153196685844,0.05127365390459696,0.056540671115120254,0.002204712912940551,-0.02399366348981858,1.4367227009464616,0.0,0.0,0.0,0.0
decode_core,official_ifa,16,1,512,3,0,0.06281700916588306,0.0616337638348341,0.05769364846249422,0.06439063387612502,0.0028591905081313744,-0.0648406179000934,2.0322143438708857,0.0,0.0,0.0,0.0
decode_core,official_ifa,16,1,64,3,0,0.054373949145277344,0.05466165021061897,0.05195064780612787,0.05766035368045171,0.002339838202393645,-0.04112379004557928,1.7563142036217372,0.0,0.0,0.0,0.0
decode_core,official_ifa,2,1,1,3,0,0.05304068326950073,0.05031488318410184,0.042966955030957855,0.05493701125184695,0.005253129293540619,-0.027783370266358062,1.5238124502505035,0.0,0.0,0.0,0.0
decode_core,official_ifa,2,1,1024,3,0,0.04814037432273229,0.04916702811088827,0.04503371504445871,0.05432699496547381,0.003862794879629417,-0.01568696461617946,1.325858800162506,1.9073486328125e-06,3.0517578125e-05,4.656612873077393e-10,3.725290298461914e-09
decode_core,official_ifa,2,1,128,3,0,0.041623677437504135,0.04438812740974956,0.040693674236536026,0.050847030555208526,0.00458288838108803,-0.008917025600870446,1.2142296440351508,0.0,0.0,0.0,0.0
decode_core,official_ifa,2,1,16,3,0,0.05155700879792372,0.051107128254241414,0.04268701498707136,0.059077360977729164,0.006698888206314837,-0.02872703286508719,1.557189672847042,0.0,0.0,0.0,0.0
decode_core,official_ifa,2,1,256,3,0,0.04386366344988346,0.047138090141945414,0.04356028512120247,0.05399032185475031,0.004846842215096009,-0.007223337888717651,1.1646770315245258,0.0,0.0,0.0,0.0
decode_core,official_ifa,2,1,32,3,0,0.052590311194459595,0.05018809396359655,0.04490030308564504,0.05307366761068503,0.0037442362490443895,-0.028707009429732956,1.5458611819881616,0.0,0.0,0.0,0.0
decode_core,official_ifa,2,1,512,3,0,0.04643698533376058,0.04850922980242305,0.045803685983022056,0.053287018090486526,0.0033882849851686343,-0.007683333630363144,1.1654572013049525,0.0,0.0,0.0,0.0
decode_core,official_ifa,2,1,64,3,0,0.05045370198786259,0.04992701320184602,0.044686952605843544,0.05464038501183192,0.004080502826297398,-0.0034003363301356657,1.067395180059407,0.0,0.0,0.0,0.0
decode_core,official_ifa,32,1,1,3,0,0.06206038718422254,0.061551471137338214,0.057913673420747123,0.06468035280704498,0.0027858253278958906,-0.02071362299223741,1.3337656101105244,0.0,0.0,0.0,0.0
decode_core,official_ifa,32,1,1024,3,0,0.081107330818971,0.08346846637626489,0.07990739929179351,0.08939066901803017,0.004216184848499675,-0.3545763126264016,5.371692534399939,6.103515625e-05,0.0001220703125,1.8044374883174896e-09,3.958120942115784e-09
decode_core,official_ifa,32,1,128,3,0,0.06416067481040955,0.06304844282567501,0.05773066853483518,0.06725398513178031,0.003966626168615046,-0.07567065767943859,2.1793931080531848,0.0,0.0,0.0,0.0
decode_core,official_ifa,32,1,16,3,0,0.05810032598674297,0.05888377523256673,0.05579033556083838,0.06276066415011883,0.002899047510386983,-0.02442703892787297,1.4204286036785165,0.0,0.0,0.0,0.0
decode_core,official_ifa,32,1,256,3,0,0.06615362750987212,0.06475822172231144,0.06147365396221479,0.06664738369484742,0.0023312711583383153,-0.09922768610219161,2.4999583520553554,0.0,0.0,0.0,0.0
decode_core,official_ifa,32,1,32,3,0,0.05656705858806769,0.05759389346672429,0.055653974413871765,0.060560647398233414,0.0021306731870288317,-0.02683365407089392,1.4743689125910153,0.0,0.0,0.0,0.0
decode_core,official_ifa,32,1,512,3,0,0.06945400188366573,0.06935732542640634,0.06911065429449081,0.06950732010106246,0.00017577579197556204,-0.14421436935663223,3.076401149615379,0.0,0.0,0.0,0.0
decode_core,official_ifa,32,1,64,3,0,0.06270400869349639,0.061402666485971875,0.05686034758885702,0.06464364317556222,0.003308075090171498,-0.08013728074729441,2.2780248411072668,0.0,0.0,0.0,0.0
decode_core,official_ifa,4,1,1,3,0,0.053964011992017426,0.053497108941276864,0.05167365695039431,0.05485365788141886,0.0013395522447002916,-0.027900018418828644,1.517011567319267,0.0,0.0,0.0,0.0
decode_core,official_ifa,4,1,1024,3,0,0.05490068967143694,0.05285268545978599,0.04776365434130033,0.0558937123666207,0.0036212522522808834,-0.024499992529551186,1.4462601959315229,0.0,4.76837158203125e-07,0.0,2.9103830456733704e-11
decode_core,official_ifa,4,1,128,3,0,0.05205394700169563,0.050839321273896426,0.04607369191944599,0.05439032490054766,0.003502197669993402,-0.009556766599416733,1.1835935053898108,0.0,0.0,0.0,0.0
decode_core,official_ifa,4,1,16,3,0,0.05295694184799989,0.052783871069550514,0.05227397195994854,0.05312069940070311,0.00036669875056282147,-0.029790448024868958,1.5625409433644268,0.0,0.0,0.0,0.0
decode_core,official_ifa,4,1,256,3,0,0.0522536380837361,0.049992542092998825,0.045173646261294685,0.05255034193396568,0.0034096261839383405,-0.01322703125576178,1.253131298428744,0.0,0.0,0.0,0.0
decode_core,official_ifa,4,1,32,3,0,0.0532370371123155,0.051339338016178876,0.047530358036359154,0.05325061889986197,0.0026933612805363754,-0.02865369121233622,1.5382285109497138,0.0,0.0,0.0,0.0
decode_core,official_ifa,4,1,512,3,0,0.05274033173918724,0.05173820277882947,0.04748697392642498,0.05498730267087618,0.003142921110326194,-0.013983653237422303,1.2651415487216615,0.0,0.0,0.0,0.0
decode_core,official_ifa,4,1,64,3,0,0.04472040260831515,0.04778592847287655,0.04424705790976683,0.05439032490054766,0.004674009908083007,-0.018703207994500794,1.4182253938613512,0.0,0.0,0.0,0.0
decode_core,official_ifa,64,1,1,3,0,0.06918399594724178,0.0701461039069626,0.06915729803343613,0.07209701774020989,0.0013795474579772207,-0.0439203189065059,1.6348335088941464,0.0,0.0,0.0,0.0
decode_core,official_ifa,64,1,1024,3,0,0.10954099707305431,0.11002877727150917,0.10895100422203541,0.11159433051943779,0.0011329138302443075,-0.7188493230690559,7.562377030306251,6.103515625e-05,0.000244140625,2.242813934572041e-09,5.821675586048514e-09
decode_core,official_ifa,64,1,128,3,0,0.07245705152551334,0.0736660375777218,0.07217369663218658,0.07636736457546552,0.0019136262540784227,-0.1506749540567398,3.0795071133095258,0.0,0.0,0.0,0.0
decode_core,official_ifa,64,1,16,3,0,0.0691607128828764,0.07078946671552128,0.06915031311412652,0.07405737414956093,0.0023107634073160333,-0.0435169010112683,1.6292141766231376,0.0,0.0,0.0,0.0
decode_core,official_ifa,64,1,256,3,0,0.07676736762126286,0.07739513077669673,0.07562735117971897,0.07979067352910836,0.0017566783391240624,-0.19552496572335565,3.546980205026589,0.0,0.0,0.0,0.0
decode_core,official_ifa,64,1,32,3,0,0.06878034522136052,0.0699947898586591,0.0676236425836881,0.0735803817709287,0.0025789975144099976,-0.045210278282562896,1.6573139192171766,0.0,0.0,0.0,0.0
decode_core,official_ifa,64,1,512,3,0,0.08539063856005669,0.08664287937184174,0.08496735244989395,0.08957064710557461,0.0020774440561708847,-0.3596630413085222,5.211972733469666,0.0,0.0,0.0,0.0
decode_core,official_ifa,64,1,64,3,0,0.06877398118376732,0.06892387237813738,0.06818065109352271,0.06981698485712211,0.0006763862673976084,-0.15632101955513159,3.2729674342602686,0.0,0.0,0.0,0.0
decode_core,official_ifa,8,1,1,3,0,0.05556697336335977,0.05288921400076813,0.04697365996738275,0.056127008671561875,0.004189172116145368,-0.02590698810915152,1.4662299661301021,0.0,0.0,0.0,0.0
decode_core,official_ifa,8,1,1024,3,0,0.05565738926331202,0.053967245750957064,0.04925400329132875,0.05699034469823042,0.0033769002956658342,-0.05846687903006872,2.0504782887581228,3.0517578125e-05,0.00048828125,9.313225746154785e-10,2.421438694000244e-08
decode_core,official_ifa,8,1,128,3,0,0.05252364402016004,0.05092034633788798,0.04565040580928326,0.054586989184220634,0.003820432191762778,-0.022066989913582795,1.4201344047094842,0.0,0.0,0.0,0.0
decode_core,official_ifa,8,1,16,3,0,0.05005703618129095,0.05083370746837722,0.04569037506977717,0.056753711154063545,0.004549854579698596,-0.029686915998657547,1.593061800365903,0.0,0.0,0.0,0.0
decode_core,official_ifa,8,1,256,3,0,0.05469735090931257,0.052473766522275075,0.04780696084101995,0.054916987816492714,0.0033011479359656357,-0.026286657278736435,1.4805837365381613,0.0,0.0,0.0,0.0
decode_core,official_ifa,8,1,32,3,0,0.052290347715218864,0.0512514573832353,0.0456503281990687,0.05581369623541832,0.00421370638923264,-0.02738360005120436,1.5236836480862508,0.0,0.0,0.0,0.0
decode_core,official_ifa,8,1,512,3,0,0.05431364600857099,0.05272155006726583,0.047204007084170975,0.05664699710905552,0.004016100286534815,-0.03473033818105856,1.639440375178973,0.0,0.0,0.0,0.0
decode_core,official_ifa,8,1,64,3,0,0.04865035104254881,0.049558131852083735,0.04546367563307285,0.05456036888062954,0.003768775796697186,-0.027613636727134384,1.5675937816560448,0.0,0.0,0.0,0.0
prefill_full_layer,hf,1,1,,3,0,0.7552526270349821,0.765699427574873,0.7417193458726009,0.800126309817036,0.02496257319056985,0.0,1.0,,,,
prefill_full_layer,hf,1,1024,,3,0,0.8590570650994778,0.8754425733867619,0.849313335493207,0.9179573195676008,0.030324498333590525,0.0,1.0,,,,
prefill_full_layer,hf,1,128,,3,0,0.78581638323764,0.7938220320890347,0.7064523330579201,0.8891973799715439,0.07481980955609069,0.0,1.0,,,,
prefill_full_layer,hf,1,16,,3,0,0.8041863329708576,0.8281933195475075,0.736119303231438,0.9442743224402269,0.08665786965156483,0.0,1.0,,,,
prefill_full_layer,hf,1,256,,3,0,0.8166196445624033,0.8006231186704503,0.7142156828194857,0.8710340286294619,0.06501238356961062,0.0,1.0,,,,
prefill_full_layer,hf,1,32,,3,0,0.7842230455329021,0.7921663475119406,0.7110089839746555,0.881267013028264,0.06973411957357507,0.0,1.0,,,,
prefill_full_layer,hf,1,512,,3,0,0.8178233013798794,0.8146955321232479,0.7339292981972297,0.8923339967926344,0.06470625595549626,0.0,1.0,,,,
prefill_full_layer,hf,1,64,,3,0,0.786399623999993,0.7929286609093348,0.7112756526718537,0.8811107060561577,0.06948840470052066,0.0,1.0,,,,
prefill_full_layer,hf,128,1,,3,0,0.7102522843827804,0.7142056711018085,0.7034657367815574,0.7288989921410879,0.010752815738475582,0.0,1.0,,,,
prefill_full_layer,hf,128,1024,,3,0,69.37964935787022,69.39201721818083,69.37695597298443,69.41944632368784,0.01942645021993814,0.0,1.0,,,,
prefill_full_layer,hf,128,128,,3,0,7.143051363527775,7.132935570552945,7.0958940001825495,7.159861347948511,0.02707646389622152,0.0,1.0,,,,
prefill_full_layer,hf,128,16,,3,0,1.2298599661638339,1.2298011117511325,1.2241166550666094,1.2354267140229542,0.004617499776604932,0.0,1.0,,,,
prefill_full_layer,hf,128,256,,3,0,16.04731031693518,16.06524712406099,16.046323735887807,16.102107319359977,0.026067205880830883,0.0,1.0,,,,
prefill_full_layer,hf,128,32,,3,0,1.9632459928592045,1.9640046844465866,1.9618523462365072,1.9669157142440479,0.0021355925935627063,0.0,1.0,,,,
prefill_full_layer,hf,128,512,,3,0,32.638127993171416,32.63916119208766,32.630144308010735,32.64921127508084,0.007818266359984376,0.0,1.0,,,,
prefill_full_layer,hf,128,64,,3,0,3.213542668769757,3.2279062240074077,3.198859359448155,3.2713166438043118,0.031275638052282076,0.0,1.0,,,,
prefill_full_layer,hf,16,1,,3,0,0.7518759618202845,0.738962631051739,0.6937022941807905,0.771309637154142,0.03297262000002678,0.0,1.0,,,,
prefill_full_layer,hf,16,1024,,3,0,7.645205361768603,7.681422245999177,7.6144350071748095,7.784626369054119,0.07404963174390371,0.0,1.0,,,,
prefill_full_layer,hf,16,128,,3,0,1.0307650081813335,1.0286048830797274,1.0184313481052716,1.0366182929525773,0.007580274667876569,0.0,1.0,,,,
prefill_full_layer,hf,16,16,,3,0,0.7956399737546841,0.7810553328858482,0.7422359970708688,0.8052900278319916,0.02773068710244833,0.0,1.0,,,,
prefill_full_layer,hf,16,256,,3,0,1.597526017576456,1.5947539876732562,1.5825293182084958,1.6042066272348166,0.009064198585417509,0.0,1.0,,,,
prefill_full_layer,hf,16,32,,3,0,0.8137767047931751,0.7916053291410208,0.7459993163744608,0.8150399662554264,0.03225244443168326,0.0,1.0,,,,
prefill_full_layer,hf,16,512,,3,0,2.99310435851415,3.0055300125645266,2.990827662870288,3.032658016309142,0.019204900002162566,0.0,1.0,,,,
prefill_full_layer,hf,16,64,,3,0,0.8283070443818966,0.8231911342591047,0.8075596609463295,0.8337066974490881,0.011270796533741863,0.0,1.0,,,,
prefill_full_layer,hf,2,1,,3,0,0.7528793066740036,0.7491060015228059,0.6569686811417341,0.8374700167526802,0.07373764942079854,0.0,1.0,,,,
prefill_full_layer,hf,2,1024,,3,0,1.1753060389310122,1.1819717732982504,1.1706526080767314,1.1999566728870075,0.012858358230923829,0.0,1.0,,,,
prefill_full_layer,hf,2,128,,3,0,0.7864663687845072,0.7934799003932211,0.7211860114087661,0.8727873209863901,0.06208935220380635,0.0,1.0,,,,
prefill_full_layer,hf,2,16,,3,0,0.8162666733066241,0.8327656735976537,0.7984363473951817,0.8835940000911554,0.036670780476418995,0.0,1.0,,,,
prefill_full_layer,hf,2,256,,3,0,0.823830021545291,0.8126554700235525,0.7347660139203072,0.8793703746050596,0.05956093928935577,0.0,1.0,,,,
prefill_full_layer,hf,2,32,,3,0,0.805466358239452,0.7926053367555141,0.7059993222355843,0.8663503297915062,0.06609168284162824,0.0,1.0,,,,
prefill_full_layer,hf,2,512,,3,0,0.8220799888173739,0.8155798746479882,0.790539663285017,0.8341199718415737,0.018375698383688868,0.0,1.0,,,,
prefill_full_layer,hf,2,64,,3,0,0.7979196185866991,0.8004586367557446,0.7193556521087885,0.8841006395717462,0.06728081788786253,0.0,1.0,,,,
prefill_full_layer,hf,32,1,,3,0,0.7632259900371233,0.7388046683950557,0.6883553384492794,0.7648326766987642,0.03567909312646571,0.0,1.0,,,,
prefill_full_layer,hf,32,1024,,3,0,17.286313387254875,17.275136791997486,17.24769997720917,17.291397011528414,0.019511448147774158,0.0,1.0,,,,
prefill_full_layer,hf,32,128,,3,0,1.6044462875773509,1.6065031134833891,1.5948630558947723,1.6201999969780445,0.010445510852996926,0.0,1.0,,,,
prefill_full_layer,hf,32,16,,3,0,0.8203466422855854,0.8022821146166986,0.7537763255337874,0.8327233760307232,0.03466895407966053,0.0,1.0,,,,
prefill_full_layer,hf,32,256,,3,0,2.9243070166558027,2.9344704364322953,2.896140329539776,2.9829639631013074,0.03616680948394239,0.0,1.0,,,,
prefill_full_layer,hf,32,32,,3,0,0.8719203372796377,0.8743381282935541,0.8651803558071455,0.8859136917938789,0.008635279973261816,0.0,1.0,,,,
prefill_full_layer,hf,32,512,,3,0,7.346539680535595,7.353176362812519,7.297596040492256,7.415393367409706,0.048318986750950345,0.0,1.0,,,,
prefill_full_layer,hf,32,64,,3,0,1.075755339115858,1.077683125105169,1.0676553162435691,1.0896387199560802,0.009077620055655164,0.0,1.0,,,,
prefill_full_layer,hf,4,1,,3,0,0.7127756252884865,0.7254469932781326,0.695055661102136,0.7685096934437752,0.03129745880907281,0.0,1.0,,,,
prefill_full_layer,hf,4,1024,,3,0,1.8193713234116633,1.8125134520232677,1.798207638785243,1.819961393872897,0.010118605473359044,0.0,1.0,,,,
prefill_full_layer,hf,4,128,,3,0,0.8030300183842579,0.8031065420558055,0.797012976060311,0.8092766317228476,0.005006908857205676,0.0,1.0,,,,
prefill_full_layer,hf,4,16,,3,0,0.7923066926499208,0.7782518967158265,0.7240990332017342,0.8183499642958244,0.03974051223950619,0.0,1.0,,,,
prefill_full_layer,hf,4,256,,3,0,0.8191499703874191,0.824795544354452,0.8169699770708879,0.8382666856050491,0.009567020701701718,0.0,1.0,,,,
prefill_full_layer,hf,4,32,,3,0,0.8104767184704542,0.7887752467973365,0.7269756558040777,0.8288733661174774,0.04433960792461392,0.0,1.0,,,,
prefill_full_layer,hf,4,512,,3,0,1.076115605731805,1.0747987414813704,1.07200862839818,1.076271990314126,0.001973940609903525,0.0,1.0,,,,
prefill_full_layer,hf,4,64,,3,0,0.7879730158795913,0.7678828874809874,0.7193126560499271,0.796362990513444,0.034514716228871076,0.0,1.0,,,,
prefill_full_layer,hf,64,1,,3,0,0.7232993375509977,0.7318147820317084,0.7075023216505846,0.7646426868935426,0.02409204475966719,0.0,1.0,,,,
prefill_full_layer,hf,64,1024,,3,0,34.21118731300036,34.2204741254035,34.20125072201093,34.2489843411992,0.0205638560531313,0.0,1.0,,,,
prefill_full_layer,hf,64,128,,3,0,2.932344020033876,2.927748357049293,2.915367018431425,2.9355340326825776,0.008851259972548068,0.0,1.0,,,,
prefill_full_layer,hf,64,16,,3,0,0.8907140387843052,0.887092797913485,0.8791737103213867,0.8913906446347634,0.005606449267745951,0.0,1.0,,,,
prefill_full_layer,hf,64,256,,3,0,7.156314716363947,7.171327118865318,7.1355080387244625,7.2221586015075445,0.03693335601055492,0.0,1.0,,,,
prefill_full_layer,hf,64,32,,3,0,1.224119992305835,1.226569888078504,1.2226063602914412,1.232983311638236,0.004576881892449134,0.0,1.0,,,,
prefill_full_layer,hf,64,512,,3,0,16.505700380851824,16.51119267464512,16.49932361518343,16.5285540279001,0.0125493220329648,0.0,1.0,,,,
prefill_full_layer,hf,64,64,,3,0,1.7249540736277897,1.7255773353907797,1.7180473078042269,1.7337306247403224,0.00641783706806838,0.0,1.0,,,,
prefill_full_layer,hf,8,1,,3,0,0.7632696845879158,0.7427349790102906,0.6962923022607962,0.7686429501821598,0.03291311454451039,0.0,1.0,,,,
prefill_full_layer,hf,8,1024,,3,0,3.2157759803036847,3.2138827049897776,3.2051827292889357,3.2206894053767123,0.0064705805707315975,0.0,1.0,,,,
prefill_full_layer,hf,8,128,,3,0,0.7908830108741919,0.8015153515670035,0.790819680939118,0.8228433628877004,0.015081203595690524,0.0,1.0,,,,
prefill_full_layer,hf,8,16,,3,0,0.7953830063343048,0.7968254439118836,0.790823328619202,0.804269996782144,0.0055835288002587,0.0,1.0,,,,
prefill_full_layer,hf,8,256,,3,0,1.0397716735800107,1.04018057593041,1.0357617090145748,1.0450083451966445,0.003785980367972701,0.0,1.0,,,,
prefill_full_layer,hf,8,32,,3,0,0.7957362880309423,0.7966629798627562,0.7917996651182572,0.8024529864390691,0.0043982861892999285,0.0,1.0,,,,
prefill_full_layer,hf,8,512,,3,0,1.6777136673529942,1.6787669931848843,1.6707003427048523,1.6878869694968064,0.007055832414987067,0.0,1.0,,,,
prefill_full_layer,hf,8,64,,3,0,0.8035299833863974,0.7884497754275799,0.7498593380053838,0.8119600048909584,0.02750372957702478,0.0,1.0,,,,
prefill_full_layer,hf_precopy,1,1,,3,0,0.749526002133886,0.7815019020603763,0.7000490246961514,0.8949306793510914,0.0827105735374606,-0.0057266249010961,1.0076403285340234,0.0,0.0,0.0,0.0
prefill_full_layer,hf_precopy,1,1024,,3,0,0.8763869603474935,0.8842649662660228,0.8478236074248949,0.9285843310256799,0.03343771176451209,0.01732989524801576,0.980225749546588,0.0,0.0,0.0,0.0
prefill_full_layer,hf_precopy,1,128,,3,0,0.7128223466376463,0.7745251318232881,0.7111656789978346,0.8995873698343834,0.08843494282682264,-0.0729940365999937,1.1024014425814561,0.0,0.0,0.0,0.0
prefill_full_layer,hf_precopy,1,16,,3,0,0.8035629677275816,0.8175687657462226,0.7551459906001886,0.8939973389108976,0.05754445247244188,-0.0006233652432759973,1.000775751581782,0.0,0.0,0.0,0.0
prefill_full_layer,hf_precopy,1,256,,3,0,0.783982997139295,0.8033854472968314,0.7480360412349304,0.8781373035162687,0.05485694070875723,-0.032636647423108345,1.041629279642795,0.0,0.0,0.0,0.0
prefill_full_layer,hf_precopy,1,32,,3,0,0.7979166693985462,0.8054876493083106,0.7160323051114877,0.9025139734148979,0.07631881793241348,0.0136936238656441,0.9828382782428069,0.0,0.0,0.0,0.0
prefill_full_layer,hf_precopy,1,512,,3,0,0.7989162889619669,0.8134720847010612,0.7271259867896637,0.9143739783515533,0.077133460003594,-0.018907012417912483,1.0236658241659817,0.0,0.0,0.0,0.0
prefill_full_layer,hf_precopy,1,64,,3,0,0.7907730372001728,0.8085488031307856,0.7094156462699175,0.9254577259222666,0.0890899486883638,0.00437341320017981,0.9944694457265963,0.0,0.0,0.0,0.0
prefill_full_layer,hf_precopy,128,1,,3,0,0.7078023627400398,0.7096580229699612,0.6968523375689983,0.7243193686008453,0.01128987908387553,-0.0024499216427406045,1.0034613075227052,0.0,0.0,0.0,0.0
prefill_full_layer,hf_precopy,128,1024,,3,0,69.41873300820589,69.44517767988145,69.40828970012565,69.50851033131282,0.04498543633896004,0.03908365033566952,0.9994369869825909,0.0,0.0,0.0,0.0
prefill_full_layer,hf_precopy,128,128,,3,0,7.121920973683397,7.165372552764085,7.1139943320304155,7.260202352578442,0.06713283405109075,-0.02113038984437754,1.0029669509002497,0.0,0.0,0.0,0.0
prefill_full_layer,hf_precopy,128,16,,3,0,1.233470005293687,1.2341501036038,1.2320366222411394,1.236943683276574,0.002060212332897392,0.0036100391298532486,0.9970732655724419,0.0,0.0,0.0,0.0
prefill_full_layer,hf_precopy,128,256,,3,0,16.077690369759996,16.07853145752516,16.063940323268373,16.093963679547112,0.01227140448445267,0.03038005282481393,0.9981104218251425,0.0,0.0,0.0,0.0
prefill_full_layer,hf_precopy,128,32,,3,0,1.9722359720617533,1.974660437554121,1.9677259648839633,1.9840193757166464,0.00686912579752864,0.008989979202548737,0.9954417324651316,0.0,0.0,0.0,0.0
prefill_full_layer,hf_precopy,128,512,,3,0,32.65833171705405,32.6621471128116,32.64385795531174,32.68425166606903,0.016709895287444824,0.020203723882630698,0.9993813608099252,0.0,0.0,0.0,0.0
prefill_full_layer,hf_precopy,128,64,,3,0,3.2278660219162703,3.2320050005283623,3.2194959931075573,3.248652986561259,0.012257811788904609,0.014323353146513451,0.9955625936611798,0.0,0.0,0.0,0.0
prefill_full_layer,hf_precopy,16,1,,3,0,0.7556860024730364,0.74199711283048,0.7063089869916439,0.7639963490267595,0.025462354033320006,0.0038100406527519226,0.9949581696097541,0.0,0.0,0.0,0.0
prefill_full_layer,hf_precopy,16,1024,,3,0,7.725735971083243,7.709590433579352,7.666889034832518,7.736146294822295,0.03049208423279812,0.08053060931464007,0.9895763187331201,0.0,0.0,0.0,0.0
prefill_full_layer,hf_precopy,16,128,,3,0,1.0519216302782297,1.0468373333828316,1.0347583641608555,1.0538320057094097,0.00857665461863769,0.02115662209689617,0.9798876442047301,0.0,0.0,0.0,0.0
prefill_full_layer,hf_precopy,16,16,,3,0,0.8090433354179064,0.8028854305545489,0.7625763149311146,0.8370366413146257,0.030708575300876187,0.013403361663222313,0.9834330732651065,0.0,0.0,0.0,0.0
prefill_full_layer,hf_precopy,16,256,,3,0,1.5999229314426582,1.5976574116696916,1.5811230211208265,1.6119262824455898,0.012677004429062147,0.0023969138662021106,0.998501856671283,0.0,0.0,0.0,0.0
prefill_full_layer,hf_precopy,16,32,,3,0,0.8228499597559372,0.8026454339010848,0.7524897033969561,0.832596638550361,0.03568797569380577,0.009073254962762123,0.9889733786151569,0.0,0.0,0.0,0.0
prefill_full_layer,hf_precopy,16,512,,3,0,3.05119133554399,3.0569968900332847,3.0151943986614547,3.1046049358944097,0.03673181535823802,0.05808697702984,0.9809625255705298,0.0,0.0,0.0,0.0
prefill_full_layer,hf_precopy,16,64,,3,0,0.8364000047246615,0.8288889140304592,0.806103382880489,0.844163354486227,0.016420570883697392,0.008092960342764854,0.9903240551206967,0.0,0.0,0.0,0.0
prefill_full_layer,hf_precopy,2,1,,3,0,0.7588330190628767,0.7849974661237664,0.7587127232303222,0.8374466560781002,0.03708721040036288,0.0059537123888731,0.9921541205518104,0.0,0.0,0.0,0.0
prefill_full_layer,hf_precopy,2,1024,,3,0,1.1751660301039617,1.1769405617896054,1.171366001168887,1.1842896540959675,0.005423216958744754,-0.00014000882705045292,1.000119139613862,0.0,0.0,0.0,0.0
prefill_full_layer,hf_precopy,2,128,,3,0,0.8117766119539738,0.8057375283290943,0.7184456723431746,0.8869903006901344,0.06894043726012052,0.025310243169466617,0.9688211722329078,0.0,0.0,0.0,0.0
prefill_full_layer,hf_precopy,2,16,,3,0,0.824113686879476,0.8149234474533134,0.731362650791804,0.8892940046886603,0.06480186988791893,0.00784701357285189,0.9904782389884037,0.0,0.0,0.0,0.0
prefill_full_layer,hf_precopy,2,256,,3,0,0.8001600702603658,0.8101111226197746,0.7364959456026554,0.8936773519963026,0.06455367901349486,-0.023669951284925106,1.029581520204105,0.0,0.0,0.0,0.0
prefill_full_layer,hf_precopy,2,32,,3,0,0.8182000213613113,0.8112786648174127,0.7263390192141136,0.8892969538768133,0.06670707608487024,0.012733663121859307,0.9844369802133797,0.0,0.0,0.0,0.0
prefill_full_layer,hf_precopy,2,512,,3,0,0.8416070292393366,0.8455614507612255,0.8026766590774059,0.8924006639669338,0.03673624323501784,0.019527040421962738,0.9767979119190441,0.0,0.0,0.0,0.0
prefill_full_layer,hf_precopy,2,64,,3,0,0.7932363854100307,0.8032564591202471,0.7200056376556555,0.896527354295055,0.07241215606603973,-0.004683233176668411,1.0059039565794092,0.0,0.0,0.0,0.0
prefill_full_layer,hf_precopy,32,1,,3,0,0.7671930361539125,0.7456726549814144,0.6990522767106692,0.7707726520796617,0.032997961200903564,0.003967046116789219,0.9948291421717319,0.0,0.0,0.0,0.0
prefill_full_layer,hf_precopy,32,1024,,3,0,17.309053645779688,17.30444934219122,17.290383732567232,17.313910648226738,0.010141618830787165,0.022740258524812873,0.9986862217316914,0.0,0.0,0.0,0.0
prefill_full_layer,hf_precopy,32,128,,3,0,1.5825859736651182,1.58201833255589,1.5684060441950958,1.5950629798074563,0.010890047945472891,-0.021860313912232643,1.0138130340316402,0.0,0.0,0.0,0.0
prefill_full_layer,hf_precopy,32,16,,3,0,0.7799196367462476,0.7940799049619172,0.7601097070922455,0.8422103710472584,0.03498108681767206,-0.04042700553933776,1.0518348348145143,0.0,0.0,0.0,0.0
prefill_full_layer,hf_precopy,32,256,,3,0,2.960010664537549,2.9571584374126463,2.951347346728047,2.9601173009723425,0.004109292237582484,0.03570364788174629,0.9879380002546969,0.0,0.0,0.0,0.0
prefill_full_layer,hf_precopy,32,32,,3,0,0.87003029572467,0.8749659690592024,0.8642903218666712,0.8905772895862659,0.011284851835437443,-0.0018900415549676364,1.002172385909152,0.0,0.0,0.0,0.0
prefill_full_layer,hf_precopy,32,512,,3,0,7.327779351423184,7.34855620087021,7.318462633217375,7.399426617970069,0.036171349725686495,-0.018760329112410545,1.002560165667211,0.0,0.0,0.0,0.0
prefill_full_layer,hf_precopy,32,64,,3,0,1.0853353887796402,1.0844976899938452,1.074298672998945,1.0938590082029502,0.008007412514458237,0.00958004966378212,0.9911731896307611,0.0,0.0,0.0,0.0
prefill_full_layer,hf_precopy,4,1,,3,0,0.7740263051042954,0.7480683270841837,0.692838958154122,0.7773397179941336,0.03907648116667519,0.061250679815808895,0.9208674441528757,0.0,0.0,0.0,0.0
prefill_full_layer,hf_precopy,4,1024,,3,0,1.799174662058552,1.8012200792630513,1.7990112925569217,1.8054742831736803,0.003008915705413248,-0.020196661353111267,1.011225514553436,0.0,0.0,0.0,0.0
prefill_full_layer,hf_precopy,4,128,,3,0,0.8199367051323255,0.8113687702765068,0.7924396389474472,0.8217299667497476,0.013404923385625126,0.016906686748067612,0.9793804977356891,0.0,0.0,0.0,0.0
prefill_full_layer,hf_precopy,4,16,,3,0,0.813496687139074,0.7889875624742773,0.7297859992831945,0.8236800010005633,0.0420677531568716,0.021189994489153152,0.9739519597016741,0.0,0.0,0.0,0.0
prefill_full_layer,hf_precopy,4,256,,3,0,0.819723354652524,0.8121232191721598,0.7811863130579392,0.8354599898060163,0.022799554694900078,0.0005733842651048926,0.9993005149092672,0.0,0.0,0.0,0.0
prefill_full_layer,hf_precopy,4,32,,3,0,0.7958263158798218,0.7771962943176428,0.7260892695436875,0.8096732975294193,0.03657759524750399,-0.014650402590632439,1.018409045162619,0.0,0.0,0.0,0.0
prefill_full_layer,hf_precopy,4,512,,3,0,1.0790220306565363,1.0869887967904408,1.077658652017514,1.1042857076972723,0.012243421240744857,0.0029064249247312546,0.9973064267066328,0.0,0.0,0.0,0.0
prefill_full_layer,hf_precopy,4,64,,3,0,0.7939196657389402,0.7689030220111212,0.7096626795828342,0.8031267207115889,0.042057548617601394,0.005946649859348896,0.9925097587124082,0.0,0.0,0.0,0.0
prefill_full_layer,hf_precopy,64,1,,3,0,0.7407960171500841,0.7403982130603658,0.7207389765729507,0.7596596454580625,0.01589178619468718,0.017496679599086407,0.9763812450471887,0.0,0.0,0.0,0.0
prefill_full_layer,hf_precopy,64,1024,,3,0,34.32433493435383,34.316554898396134,34.28757136377195,34.33775839706262,0.021214480860282537,0.11314762135346967,0.9967035742551206,0.0,0.0,0.0,0.0
prefill_full_layer,hf_precopy,64,128,,3,0,2.993251041819652,2.9841520461357303,2.953580735872189,3.0056243607153497,0.022199527225385256,0.060907021785776116,0.979651883208316,0.0,0.0,0.0,0.0
prefill_full_layer,hf_precopy,64,16,,3,0,0.8926307006428639,0.8890038977066675,0.8800403059770664,0.8943406865000725,0.006376545325341116,0.0019166618585586548,0.9978527941542025,0.0,0.0,0.0,0.0
prefill_full_layer,hf_precopy,64,256,,3,0,7.225981991117199,7.225758654789792,7.188971620053053,7.262322353199124,0.029945727826663358,0.06966727475325207,0.9903587810156609,0.0,0.0,0.0,0.0
prefill_full_layer,hf_precopy,64,32,,3,0,1.2178733013570309,1.2141821078128285,1.198943005874753,1.2257300162067015,0.011242913707948084,-0.0062466909488041455,1.005129179646063,0.0,0.0,0.0,0.0
prefill_full_layer,hf_precopy,64,512,,3,0,16.523883988459904,16.52391733498209,16.515317372977734,16.532550643508632,0.007035492747049887,0.01818360760807991,0.9988995560837404,0.0,0.0,0.0,0.0
prefill_full_layer,hf_precopy,64,64,,3,0,1.6944336239248514,1.6979082332303126,1.688317007695635,1.7109740680704515,0.009570450305540048,-0.030520449702938324,1.0180121837007952,0.0,0.0,0.0,0.0
prefill_full_layer,hf_precopy,8,1,,3,0,0.7647530486186346,0.7631007012807661,0.7509293500334024,0.7736197051902612,0.009336692600695315,0.0014833640307188034,0.9980603359039912,0.0,0.0,0.0,0.0
prefill_full_layer,hf_precopy,8,1024,,3,0,3.3294002835949263,3.3351380843669176,3.3188466913998127,3.357167278106014,0.01616186065301407,0.11362430329124162,0.9658724413969967,0.0,0.0,0.0,0.0
prefill_full_layer,hf_precopy,8,128,,3,0,0.8231500008453926,0.8137954347249534,0.7894029840826988,0.828833319246769,0.017403424246662438,0.0322669899712007,0.9608005953494967,0.0,0.0,0.0,0.0
prefill_full_layer,hf_precopy,8,16,,3,0,0.7971433612207571,0.8019243573976887,0.7945163330684105,0.8141133779038986,0.008685408641467156,0.00176035488645232,0.9977916708937318,0.0,0.0,0.0,0.0
prefill_full_layer,hf_precopy,8,256,,3,0,1.055975289394458,1.0578440916207101,1.0477183386683464,1.069838646799326,0.009126749120871878,0.016203615814447403,0.9846553077735946,0.0,0.0,0.0,0.0
prefill_full_layer,hf_precopy,8,32,,3,0,0.8003530092537403,0.7839530137264066,0.736226017276446,0.8152800146490335,0.03429386257159041,0.004616721222797993,0.9942316438253881,0.0,0.0,0.0,0.0
prefill_full_layer,hf_precopy,8,512,,3,0,1.6701636680712302,1.6610235389735963,1.641716652860244,1.6711902959893148,0.013658462084388428,-0.0075499992817640305,1.00452051462147,0.0,0.0,0.0,0.0
prefill_full_layer,hf_precopy,8,64,,3,0,0.7726763530323902,0.7848241107745303,0.7650159920255343,0.8167799872656664,0.022811602521909724,-0.030853630354007122,1.039930858803846,0.0,0.0,0.0,0.0
prefill_full_layer,official,1,1,,3,0,0.960144679993391,0.9658645528058211,0.9514543538292249,0.9859946245948473,0.014669589516715854,0.20489205295840895,0.7866029388822742,0.0,0.0,0.0,0.0
prefill_full_layer,official,1,1024,,3,0,1.0915589518845081,1.1078702389366097,1.016158377751708,1.2158933871736128,0.08235315035934829,0.23250188678503036,0.7870001557097485,0.00390625,0.015625,0.00012280761438887566,0.0006086904322728515
prefill_full_layer,official,1,128,,3,0,1.0608953889459372,1.0817599120653338,0.9760913283874592,1.208293018862605,0.09593714090878724,0.27507900570829713,0.7407105275652065,0.00390625,0.015625,0.00010826259676832706,0.0005915403598919511
prefill_full_layer,official,1,16,,3,0,1.0851656552404165,1.1155459150258038,0.9993550678094228,1.262117022027572,0.10940195392711496,0.2809793222695589,0.7410724151536952,0.001953125,0.015625,7.536950579378754e-05,0.0004849541583098471
prefill_full_layer,official,1,256,,3,0,1.0876290034502745,1.0825854519175158,0.9767943217108647,1.1833330305914085,0.08439446121461684,0.27100935888787114,0.750825549862912,0.00390625,0.03125,0.00011628337961155921,0.0006015961989760399
prefill_full_layer,official,1,32,,3,0,1.0599786570916574,1.0741697883026466,0.9617776765177647,1.2007530312985182,0.09807597803720809,0.2757556115587553,0.7398479585283665,0.0009765625,0.015625,8.825973054626957e-05,0.0005484831635840237
prefill_full_layer,official,1,512,,3,0,1.1673596842835348,1.1141213536676433,0.983827980235219,1.1911763964841764,0.09264297532395695,0.3495363829036554,0.7005752489060963,0.001953125,0.0234375,0.00012068883370375261,0.0006076833815313876
prefill_full_layer,official,1,64,,3,0,1.05612197269996,1.0776643175631762,0.9833546355366707,1.1935163444528978,0.08713988922149467,0.26972234869996703,0.7446106077971033,0.001953125,0.015625,9.963048796635121e-05,0.0005643103504553437
prefill_full_layer,official,128,1,,3,0,1.2384533571700256,1.239164447825816,1.2334200243155162,1.2456199619919062,0.005005920312823874,0.5282010727872452,0.5734994218964928,0.0,0.0,0.0,0.0
prefill_full_layer,official,128,1024,,3,0,71.94854660580556,71.9473855311258,71.93632299701373,71.9572869905581,0.008597803096957934,2.5688972479353396,0.9642953559297047,0.008544921875,0.03515625,0.0001237008982570842,0.0006066611385904253
prefill_full_layer,official,128,128,,3,0,7.610818293566505,7.601822726428509,7.5701812747865915,7.624468610932429,0.02305744836350358,0.4677669300387306,0.9385392066929074,0.00390625,0.03125,0.00010839961760211736,0.000589266128372401
prefill_full_layer,official,128,16,,3,0,3.4267776645720005,3.4274911094042992,3.4256543343265853,3.4300413293143115,0.0018606779950928098,2.196917698408167,0.3588969249096123,0.00390625,0.03125,7.648004975635558e-05,0.0004813745035789907
prefill_full_layer,official,128,256,,3,0,16.719205615421135,16.712977757884396,16.693078679963946,16.726648978268106,0.014395158657942386,0.6718952984859534,0.9598129651646712,0.0048828125,0.03125,0.00011566159082576632,0.0006027254275977612
prefill_full_layer,official,128,32,,3,0,4.0153260342776775,4.015803673408097,4.004308953881264,4.0277760320653515,0.009586345983696584,2.052080041418473,0.4889381275890279,0.00390625,0.03125,8.89464863575995e-05,0.0005263160564936697
prefill_full_layer,official,128,512,,3,0,33.592239022254944,33.592265797778964,33.55886903591454,33.62568933516741,0.027279279508535568,0.9541110290835277,0.971597277917336,0.00634765625,0.0390625,0.00012038709974149242,0.0006052096141502261
prefill_full_layer,official,128,64,,3,0,3.9484886607776084,3.9518331177532673,3.944298718124628,3.9627119743575654,0.007880399550846658,0.7349459920078516,0.8138665056054352,0.00390625,0.03125,9.90590633591637e-05,0.0005622041644528508
prefill_full_layer,official,16,1,,3,0,0.9788346942514181,0.9677434443599647,0.9252309488753477,0.9991646899531285,0.03118558839758175,0.22695873243113363,0.7681337474406702,0.0,0.0,0.0,0.0
prefill_full_layer,official,16,1024,,3,0,8.160666019345323,8.156873906652132,8.099909018104276,8.2100466825068,0.0450433966231022,0.5154606575767193,0.9368359572178557,0.0078125,0.03125,0.00012360267282929271,0.0006051413947716355
prefill_full_layer,official,16,128,,3,0,1.1369656616201003,1.125927885166473,1.086705286676685,1.1541127072026331,0.028604364087445235,0.10620065343876672,0.9065929103897141,0.00390625,0.03125,0.00010803659097291529,0.0005874481284990907
prefill_full_layer,official,16,16,,3,0,1.1398060402522485,1.122189090690679,1.0658885973195236,1.1608726345002651,0.04072885556686058,0.3441660664975644,0.698048567612962,0.00390625,0.015625,7.752559758955613e-05,0.00047727502533234656
prefill_full_layer,official,16,256,,3,0,1.5915930271148682,1.592519563726253,1.5915529802441597,1.594412683819731,0.0013387378892601627,-0.005932990461587906,1.003727705739163,0.00390625,0.03125,0.00011580705177038908,0.0006024555186741054
prefill_full_layer,official,16,32,,3,0,1.1633860412985086,1.149329434459408,1.0859423006574314,1.1986599614222844,0.047078012624061256,0.34960933650533355,0.6994898304649431,0.00390625,0.03125,8.860918751452118e-05,0.0005287326639518142
prefill_full_layer,official,16,512,,3,0,3.142142357925574,3.13578670223554,3.116292025273045,3.1489257235080004,0.01406023552577098,0.1490379994114237,0.9525680308419197,0.0048828125,0.03125,0.00012028370110783726,0.0006057221908122301
prefill_full_layer,official,16,64,,3,0,1.1389326148976882,1.1081679775897,1.044955337420106,1.1406159804513056,0.044703369282450445,0.31062557051579154,0.727266067849242,0.00390625,0.03125,9.859713463811204e-05,0.0005622801836580038
prefill_full_layer,official,2,1,,3,0,0.9742609690874815,0.9992801998224523,0.9629476505021254,1.0606319798777502,0.04362742624633171,0.2213816624134779,0.77276964854619,0.0,0.0,0.0,0.0
prefill_full_layer,official,2,1024,,3,0,1.205563001955549,1.2085286693440545,1.1832063707212608,1.2368166353553534,0.021986533845800443,0.030256963024536843,0.9749022133430962,0.005859375,0.0234375,0.00012377816892694682,0.0006088634254410863
prefill_full_layer,official,2,128,,3,0,1.0886386347313721,1.0816765586949058,0.9842279832810163,1.1721630580723286,0.07688194829848849,0.30217226594686497,0.7224310654550418,0.00390625,0.015625,0.00010782275785459206,0.0005873485933989286
prefill_full_layer,official,2,16,,3,0,1.0812485901017983,1.105182312635912,1.0679719659189384,1.1663263818869989,0.043573807812029464,0.26498191679517424,0.7549296995890404,0.001953125,0.015625,7.615894719492644e-05,0.0004749983490910381
prefill_full_layer,official,2,256,,3,0,1.1070657055824995,1.1116690002381802,1.0145516134798527,1.2133896816521883,0.0812405361868563,0.28323568403720856,0.7441563923360992,0.00390625,0.015625,0.0001159672683570534,0.0005980695132166147
prefill_full_layer,official,2,32,,3,0,1.081158717473348,1.0758997975952096,0.9785013583799204,1.1680393169323604,0.07746784972606434,0.2756923592338959,0.7450028799858499,0.001953125,0.03125,8.940944098867476e-05,0.0005273029091767967
prefill_full_layer,official,2,512,,3,0,1.0893357296784718,1.0638808986792962,1.0058346670120955,1.0964722993473213,0.0411481584418334,0.26725574086109793,0.7546617323017752,0.00390625,0.03125,0.00011994736996712163,0.0006031186203472316
prefill_full_layer,official,2,64,,3,0,1.0692119443168242,1.0845832164502807,1.0004413779824972,1.1840963270515203,0.07576055299268852,0.2712923257301251,0.746268897226482,0.001953125,0.015625,9.885946928989142e-05,0.0005615106783807278
prefill_full_layer,official,32,1,,3,0,1.0144713645180066,0.9924546918935245,0.9463743772357702,1.016518333926797,0.03259441741728552,0.25124537448088324,0.7523386235744028,0.0,0.0,0.0,0.0
prefill_full_layer,official,32,1024,,3,0,18.00987939350307,18.0098336810867,18.00303564717372,18.016586002583306,0.005532003865404411,0.7235660062481948,0.9598239393813367,0.0087890625,0.03515625,0.00012362923007458448,0.0006064109038561583
prefill_full_layer,official,32,128,,3,0,1.6015430446714163,1.6012840076453156,1.599576013783614,1.6027329644809167,0.001301770476945017,-0.0029032429059345777,1.0018127785672661,0.00390625,0.03125,0.00010846232180483639,0.0005898713134229183
prefill_full_layer,official,32,16,,3,0,1.4382617082446814,1.4319638980345593,1.4163216886421044,1.4413082972168922,0.011130422636463641,0.617915065959096,0.5703736931763086,0.00390625,0.03125,7.69331818446517e-05,0.00048285193042829633
prefill_full_layer,official,32,256,,3,0,3.082591729859511,3.0666315514180393,3.014731298511227,3.1025716258833804,0.0375945585612641,0.15828471320370818,0.9486520671321849,0.00390625,0.03125,0.00011541019921423867,0.0006029910873621702
prefill_full_layer,official,32,32,,3,0,1.4298783304790657,1.434513781633642,1.429798003907005,1.4438650105148554,0.00661239867124247,0.557957993199428,0.6097863844034268,0.00390625,0.03125,8.84175460669212e-05,0.0005276083247736096
prefill_full_layer,official,32,512,,3,0,7.675638655200601,7.677982121499048,7.659108688433965,7.699199020862579,0.016450482551750602,0.3290989746650057,0.9571242225632878,0.00390625,0.03515625,0.00012054899707436562,0.0006070601521059871
prefill_full_layer,official,32,64,,3,0,1.2945773390432198,1.2979561256037817,1.291903977592786,1.3073870601753395,0.006757396467620626,0.21882199992736173,0.8309703149221769,0.00390625,0.03125,9.955695713870227e-05,0.000560054904781282
prefill_full_layer,official,4,1,,3,0,0.9032106803109249,0.9340465379257997,0.902720649416248,0.9962082840502262,0.04395544747049886,0.1904350550224384,0.789157658148061,0.0,0.0,0.0,0.0
prefill_full_layer,official,4,1024,,3,0,1.784124644473195,1.783820205471582,1.777734685068329,1.7896012868732214,0.004849300425714051,-0.03524667893846822,1.0197557267356034,0.0078125,0.03125,0.0001235601375810802,0.0006062535103410482
prefill_full_layer,official,4,128,,3,0,1.0723986197263002,1.0708275561531384,1.0651120295127232,1.074972019220392,0.004175805696471071,0.2693686013420423,0.7488167213318578,0.001953125,0.03125,0.0001076732951332815,0.0005856812349520624
prefill_full_layer,official,4,16,,3,0,1.095432322472334,1.061087551837166,0.9905779734253883,1.0972523596137762,0.04986333736426688,0.3031256298224131,0.7232821931543207,0.001953125,0.015625,7.696766988374293e-05,0.000484575517475605
prefill_full_layer,official,4,256,,3,0,1.0874852693329256,1.0799376500977411,1.012298356120785,1.1400293248395126,0.05241834926528201,0.26833529894550645,0.7532515552048755,0.00390625,0.03125,0.0001143609406426549,0.0006019172142259777
prefill_full_layer,official,4,32,,3,0,1.0713853407651186,1.0564353627463183,0.9905217060198387,1.1073990414539974,0.04887197060769545,0.2609086222946644,0.7564754599793766,0.001953125,0.03125,8.990891365101561e-05,0.0005286530358716846
prefill_full_layer,official,4,512,,3,0,1.1351522989571095,1.1437803299890623,1.132249366492033,1.1639393245180447,0.01430374192391285,0.05903669322530436,0.9479922709229918,0.00390625,0.03125,0.00012106756184948608,0.0006045002955943346
prefill_full_layer,official,4,64,,3,0,1.0706653508047264,1.0612707636836503,1.0345482733100653,1.0785986669361591,0.01917121096914276,0.282692334925135,0.7359657387692058,0.00390625,0.015625,9.922742174239829e-05,0.0005670211394317448
prefill_full_layer,official,64,1,,3,0,1.0352886747568846,1.0400751295189063,1.0052580231179793,1.079678690681855,0.030570045818904535,0.31198933720588684,0.6986450786017234,0.0,0.0,0.0,0.0
prefill_full_layer,official,64,1024,,3,0,35.574671967575945,35.57458843311502,35.56950165269276,35.57959167907635,0.004119659501304048,1.3634846545755863,0.9616726007812998,0.0078125,0.03125,0.00012368876195978373,0.0006067469948902726
prefill_full_layer,official,64,128,,3,0,3.130635324244698,3.111783027028044,3.0694184048722186,3.1352953519672155,0.030016660622594803,0.19829130421082208,0.9366610021054873,0.00390625,0.03125,0.00010832808038685471,0.0005878661759197712
prefill_full_layer,official,64,16,,3,0,2.036946670462688,2.0411376737886004,2.0316430212308965,2.0548233296722174,0.009916486491933569,1.1462326316783829,0.4372790175120203,0.00390625,0.03125,7.69447215134278e-05,0.00047681183787062764
prefill_full_layer,official,64,256,,3,0,7.568411296233535,7.5697246421542435,7.567834652339418,7.572927977889776,0.0022773009493788662,0.4120965798695879,0.9455504512453399,0.005859375,0.03125,0.00011564076703507453,0.0006027551717124879
prefill_full_layer,official,64,32,,3,0,2.29409197345376,2.29205744754937,2.277468331158161,2.3046120380361876,0.011174365828740422,1.0699719811479251,0.5335967373892686,0.00390625,0.03125,8.820963557809591e-05,0.0005259232129901648
prefill_full_layer,official,64,512,,3,0,17.010274653633434,17.00476357816822,16.97347437342008,17.030541707451146,0.0236213056080146,0.5045742727816105,0.9703370884329706,0.0078125,0.03125,0.00012025814794469625,0.000606645189691335
prefill_full_layer,official,64,64,,3,0,2.02096967647473,2.023155361206995,2.0191996979216733,2.0292967092245817,0.004402296569171388,0.2960156028469403,0.8535279344896981,0.00390625,0.03125,9.838117694016546e-05,0.0005653270054608583
prefill_full_layer,official,8,1,,3,0,0.981214689090848,0.9793657809495926,0.9674980149914821,0.9893846387664477,0.009030316386218958,0.2179450045029322,0.7778824482286636,0.0,0.0,0.0,0.0
prefill_full_layer,official,8,1024,,3,0,3.3921507031967244,3.392103024654918,3.370720660313964,3.4134377104540667,0.017439195281520815,0.17637472289303968,0.9480050450804481,0.00439453125,0.03125,0.00012353563215583563,0.0006081199971958995
prefill_full_layer,official,8,128,,3,0,1.0640619633098443,1.0585653233445353,1.0253483584771554,1.0862856482466061,0.02517933159415573,0.2731789524356524,0.7432678153573794,0.00390625,0.03125,0.00010774175461847335,0.0005880935932509601
prefill_full_layer,official,8,16,,3,0,1.0968057128290336,1.0969588895224862,1.0913753261168797,1.1026956296215455,0.004622763616712428,0.3014227064947288,0.7251813124520864,0.00390625,0.015625,7.685231685172766e-05,0.00048051614430733025
prefill_full_layer,official,8,256,,3,0,1.132729308058818,1.12414023735457,1.0938720467189949,1.145819357285897,0.02205991644673624,0.09295763447880745,0.9179348200691383,0.00390625,0.03125,0.00011644892947515473,0.0006018540589138865
prefill_full_layer,official,8,32,,3,0,1.1111456745614607,1.115575743218263,1.1041389467815559,1.1314426083117723,0.011578474697101855,0.3154093865305184,0.7161403821735597,0.00390625,0.015625,8.968832844402641e-05,0.0005135955871082842
prefill_full_layer,official,8,512,,3,0,1.6437166680892308,1.6481400105274386,1.637990043188135,1.66271332030495,0.010566758462049616,-0.03399699926376343,1.0206830045127449,0.0064697265625,0.0390625,0.0001204569562105462,0.0006048767827451229
prefill_full_layer,official,8,64,,3,0,1.079301970700423,1.0638397393955126,1.0290516074746847,1.0831656400114298,0.024649443226191968,0.27577198731402564,0.7444904254783665,0.001953125,0.03125,0.00010048726107925177,0.0005635340930894017
prefill_full_layer,official_fused_both,1,1,,3,0,0.8385599746058384,0.8656504408766826,0.7873866707086563,0.9710046773155531,0.07737059350791878,0.08330734757085634,0.900654276266865,0.00048828125,0.03125,6.943187327124178e-05,0.00030850546318106353
prefill_full_layer,official_fused_both,1,1024,,3,0,0.9767413139343262,1.001293770968914,0.9307743360598882,1.0963656629125278,0.0697960803198904,0.1176842488348484,0.8795133909501434,0.00390625,0.03515625,0.0001682961155893281,0.0008028006413951516
prefill_full_layer,official_fused_both,1,128,,3,0,1.054378692060709,1.0023382492363453,0.8653170273949703,1.0873190282533567,0.09781744174157166,0.268562308823069,0.7452885658205186,0.0029296875,0.03125,0.0001645068114157766,0.0008551450446248055
prefill_full_layer,official_fused_both,1,16,,3,0,0.9439873198668162,0.9657844590644041,0.8989273725698391,1.0544386847565572,0.0653313529244471,0.13980098689595855,0.8519037449404696,0.001953125,0.02734375,0.00015061680460348725,0.0008179186843335629
prefill_full_layer,official_fused_both,1,256,,3,0,0.9416809771209955,0.956173442925016,0.8743139915168285,1.0525253601372242,0.07347265545856348,0.1250613325585922,0.8671935234999196,0.00390625,0.03125,0.0001663024304434657,0.0008530024206265807
prefill_full_layer,official_fused_both,1,32,,3,0,0.9409910223136345,0.9539222293015983,0.8532236485431591,1.0675520170480013,0.08797565751240899,0.1567679767807324,0.8334011982438646,0.001953125,0.03125,0.0001513529132353142,0.0008537169778719544
prefill_full_layer,official_fused_both,1,512,,3,0,0.9456476351867119,0.9677500929683447,0.8833436295390129,1.0742590141793091,0.07949238958575304,0.12782433380683256,0.8648287913482758,0.00390625,0.03125,0.00017052973271347582,0.0008314072038047016
prefill_full_layer,official_fused_both,1,64,,3,0,0.9404040562609831,0.9589531303693851,0.8746269935121139,1.0618283413350582,0.07754197688732206,0.15400443226099014,0.8362358911197099,0.001953125,0.03125,0.000156814930960536,0.0008370454888790846
prefill_full_layer,official_fused_both,128,1,,3,0,1.1388723117609818,1.1408703349944618,1.1361526946226757,1.1475859985997279,0.004876760030256691,0.4286200273782014,0.6236452296259205,0.00390625,0.0390625,6.033033787389286e-05,0.00029350537806749344
prefill_full_layer,official_fused_both,128,1024,,3,0,55.79756565081576,55.79072120599449,55.761518655344844,55.813079311822854,0.02159876760055932,-13.582083707054458,1.2434171374438068,0.01318359375,0.046875,0.00016914219304453582,0.0008056756341829896
prefill_full_layer,official_fused_both,128,128,,3,0,6.918922687570254,6.9207937663628,6.904969302316506,6.938489309201638,0.013748294858654421,-0.2241286759575205,1.0323935800525947,0.0078125,0.0625,0.0001648097240831703,0.0008583320304751396
prefill_full_layer,official_fused_both,128,16,,3,0,4.102193051949143,4.099870928459697,4.094980036218961,4.102439697210987,0.0034598486146235293,2.8723330857853098,0.29980548223576897,0.00390625,0.0625,0.00013792239769827574,0.0007823563646525145
prefill_full_layer,official_fused_both,128,256,,3,0,13.265020679682493,13.262876335324512,13.252770683417717,13.270837642873326,0.007530047168372034,-2.7822896372526884,1.2097463475133674,0.005859375,0.0625,0.0001685668103164062,0.0008471593027934432
prefill_full_layer,official_fused_both,128,32,,3,0,4.649697958181302,4.647675539470382,4.643237683922052,4.65009097630779,0.003142136981186847,2.6864519653220977,0.42223086542746424,0.00390625,0.0625,0.00015070781228132546,0.0008304713410325348
prefill_full_layer,official_fused_both,128,512,,3,0,25.987434045722086,25.98409181357258,25.977274014924962,25.987567380070686,0.004821218954559486,-6.65069394744933,1.2559196085211088,0.0078125,0.0625,0.00016977425548247993,0.0008282396011054516
prefill_full_layer,official_fused_both,128,64,,3,0,4.218907638763388,4.22238532660736,4.210304003208876,4.237944337849815,0.011548961261252478,1.005364969993631,0.761700170737012,0.00390625,0.0625,0.00015823787543922663,0.0008523501455783844
prefill_full_layer,official_fused_both,16,1,,3,0,0.8458236698061228,0.8341035443461604,0.8082366548478603,0.848250308384498,0.018317462031905752,0.09394770798583829,0.888927549157648,0.001953125,0.03125,5.9786863857880235e-05,0.0002884990826714784
prefill_full_layer,official_fused_both,16,1024,,3,0,6.810444950436552,6.798619559655586,6.757255022724469,6.8281587058057385,0.030129863026175818,-0.8347604113320513,1.1225706128464548,0.0107421875,0.0625,0.00016926974058151245,0.0008028335287235677
prefill_full_layer,official_fused_both,16,128,,3,0,1.0186416717867057,1.0089615566862955,0.9852179791778326,1.023025019094348,0.016884342610441187,-0.012123336394627815,1.0119014730404299,0.00439453125,0.0625,0.0001646889722906053,0.0008602575398981571
prefill_full_layer,official_fused_both,16,16,,3,0,1.0152917044858139,0.997995880121986,0.9595879819244146,1.0191079539557297,0.027203136130115792,0.21965173073112976,0.7836565296843723,0.00390625,0.03125,0.0001385492505505681,0.000781954382546246
prefill_full_layer,official_fused_both,16,256,,3,0,1.459425004820029,1.4581772395306163,1.4534716804822285,1.4616350332895915,0.003447489030919723,-0.13810101275642706,1.0946270019359146,0.005859375,0.0390625,0.00016872980631887913,0.000846533861476928
prefill_full_layer,official_fused_both,16,32,,3,0,1.0329383270194132,1.0155904520716932,0.9740313204626242,1.039801708733042,0.02952002221331232,0.21916162222623814,0.7878270013867739,0.00390625,0.046875,0.00015000402345322073,0.0008338047773577273
prefill_full_layer,official_fused_both,16,512,,3,0,2.646881310890118,2.6509924015651145,2.6421379297971725,2.6639579640080533,0.00937031743128389,-0.346223047624032,1.130804145316059,0.005859375,0.046875,0.0001697415573289618,0.0008267905795946717
prefill_full_layer,official_fused_both,16,64,,3,0,1.0021783721943696,0.9836524776700469,0.938804354518652,1.0099747062971194,0.03187173584868412,0.17387132781247294,0.8265066053742866,0.00390625,0.03125,0.0001579999370733276,0.0008460768149234354
prefill_full_layer,official_fused_both,2,1,,3,0,0.8528199978172779,0.8799415599140856,0.8521136672546467,0.9348910146703323,0.038856202072277794,0.09994069114327431,0.8828115060633378,0.0009765625,0.015625,5.926487210672349e-05,0.00028568253037519753
prefill_full_layer,official_fused_both,2,1024,,3,0,1.072351975987355,1.0700675451921093,1.0317183720568817,1.1061322875320911,0.03042226895035505,-0.10295406294365717,1.0960077150497751,0.005859375,0.03125,0.00016913676518015563,0.0008058738312684
prefill_full_layer,official_fused_both,2,128,,3,0,0.9541476611047983,0.9587987895227141,0.8761036830643812,1.0461450243989627,0.06949695047211722,0.16768129232029116,0.8242606473235656,0.00390625,0.03125,0.00016459326434414834,0.0008533104555681348
prefill_full_layer,official_fused_both,2,16,,3,0,0.9518309962004423,0.964332346080078,0.8925540217508873,1.0486120202889044,0.06432074594578198,0.13556432289381826,0.8575752172024557,0.00146484375,0.03125,0.00014067385927774012,0.0008462950354442
prefill_full_layer,official_fused_both,2,256,,3,0,0.9461443405598402,0.9519955298552911,0.8756973159809908,1.0341449330250423,0.06481815151567243,0.12231431901454926,0.8707234046951282,0.00390625,0.03125,0.00017090252367779613,0.0008475843351334333
prefill_full_layer,official_fused_both,2,32,,3,0,0.9508579969406128,0.9587756616787778,0.8791303262114525,1.046338661884268,0.06849172183944435,0.14539163870116079,0.8470942673154576,0.001953125,0.03125,0.00015210150741040707,0.0008067851886153221
prefill_full_layer,official_fused_both,2,512,,3,0,0.9596379629025856,0.96373009081516,0.8949139931549629,1.0366383163879316,0.057931022674098664,0.13755797408521175,0.8566563856340732,0.00390625,0.046875,0.00016974488971754909,0.0008286766242235899
prefill_full_layer,official_fused_both,2,64,,3,0,0.9756546933203936,0.967217893857095,0.870446984966596,1.0555520032842953,0.07580392092096067,0.17773507473369443,0.8178299392699909,0.0029296875,0.03125,0.00015880807768553495,0.0008323187939822674
prefill_full_layer,official_fused_both,32,1,,3,0,0.8801003762831291,0.8705591317266226,0.840023315201203,0.8915537036955357,0.02209255900915528,0.11687438624600577,0.8672033447598401,0.00390625,0.0390625,6.092531111789867e-05,0.00028976492467336357
prefill_full_layer,official_fused_both,32,1024,,3,0,14.145401306450367,14.148524651924768,14.132167988767227,14.168004660556713,0.014796018078099861,-3.140912080804508,1.2220447488734192,0.0087890625,0.046875,0.0001688799384282902,0.0008057893137447536
prefill_full_layer,official_fused_both,32,128,,3,0,1.56347934777538,1.5607793401512835,1.5523793796698253,1.5664792930086453,0.006064619796722213,-0.04096693980197097,1.0262024182540443,0.0078125,0.0625,0.00016445197979919612,0.0008570399368181825
prefill_full_layer,official_fused_both,32,16,,3,0,1.4535849913954735,1.4520406774762604,1.441221684217453,1.4613153568158548,0.008275570422786456,0.6332383491098881,0.5643609745158655,0.00390625,0.03125,0.00013733250671066344,0.000789846177212894
prefill_full_layer,official_fused_both,32,256,,3,0,2.6743917260318995,2.6670815681831703,2.652047978093227,2.674805000424385,0.01063169231355662,-0.24991529062390327,1.0934475261014633,0.0048828125,0.046875,0.00016827057697810233,0.0008504283614456654
prefill_full_layer,official_fused_both,32,32,,3,0,1.425494672730565,1.435094978660345,1.4206982838610809,1.4590919793893893,0.017081049334260058,0.5535743354509274,0.611661589453334,0.00390625,0.046875,0.00014954579819459468,0.0008294942672364414
prefill_full_layer,official_fused_both,32,512,,3,0,6.3633346774925785,6.3699282084902125,6.343167973682284,6.403281974295775,0.024980382379009236,-0.9832050030430164,1.1545109683639083,0.005859375,0.046875,0.00016998613136820495,0.0008298211032524705
prefill_full_layer,official_fused_both,32,64,,3,0,1.2834836573650439,1.2857169947690434,1.283460296690464,1.2902070302516222,0.0031749488611516143,0.2077283182491858,0.8381527360654937,0.00390625,0.046875,0.00015873945085331798,0.0008489481406286359
prefill_full_layer,official_fused_both,4,1,,3,0,0.7898763287812471,0.8061953251146609,0.785626315822204,0.8430833307405313,0.026141402306541748,0.07710070349276066,0.9023888921804702,0.0009002685546875,0.0078125,5.996034451527521e-05,0.0003086990909650922
prefill_full_layer,official_fused_both,4,1024,,3,0,1.5737830350796382,1.5745538856006331,1.5737460150072973,1.576132606714964,0.001116426707271725,-0.24558828833202506,1.1560496477963353,0.00439453125,0.03125,0.00016902586503420025,0.0008048788877204061
prefill_full_layer,official_fused_both,4,128,,3,0,0.9481542898962895,0.9501354199730687,0.9348872893800338,0.967364680642883,0.013332638975983871,0.14512427151203156,0.8469402363534047,0.00390625,0.03125,0.0001641997369006276,0.0008524456061422825
prefill_full_layer,official_fused_both,4,16,,3,0,0.9641776947925488,0.9411442507472303,0.8834040102859338,0.9758510471632084,0.04110570370227349,0.17187100214262796,0.8217434368468692,0.00390625,0.03125,0.0001445538946427405,0.0008012168109416962
prefill_full_layer,official_fused_both,4,256,,3,0,0.9690613175431887,0.9702867828309536,0.9496177081018686,0.9921813228478035,0.017398115778032363,0.1499113471557696,0.8453025165261656,0.00439453125,0.03125,0.00016868676175363362,0.0008473751368001103
prefill_full_layer,official_fused_both,4,32,,3,0,0.9389543750633796,0.9259153416173326,0.8840907054642836,0.9547009443243345,0.03026509268528912,0.12847765659292543,0.8631694361248883,0.00390625,0.03125,0.00015496526611968875,0.0008088367176242173
prefill_full_layer,official_fused_both,4,512,,3,0,1.0258383117616177,1.0220971889793873,1.0140882804989815,1.0263649746775627,0.005667233583939345,-0.05027729397018743,1.0490109341732898,0.005859375,0.0390625,0.0001697466359473765,0.0008311069686897099
prefill_full_layer,official_fused_both,4,64,,3,0,0.9333643441398939,0.9133785497397184,0.8678436279296875,0.9389276771495739,0.03227805752858921,0.14539132826030254,0.844228752498273,0.00390625,0.046875,0.00015858991537243128,0.0008591031655669212
prefill_full_layer,official_fused_both,64,1,,3,0,0.9273176547139883,0.9295709120730559,0.9020340318481127,0.9593610496570667,0.02345782910191075,0.20401831716299057,0.7799909058930666,0.00390625,0.03125,6.171691347844899e-05,0.00028975887107662857
prefill_full_layer,official_fused_both,64,1024,,3,0,27.790352003648877,27.781131910160184,27.75571836779515,27.797325359036524,0.01819419363414438,-6.420835309351482,1.2310454832852935,0.0078125,0.046875,0.00016906915698200464,0.0008051878539845347
prefill_full_layer,official_fused_both,64,128,,3,0,2.8997499806185565,2.9027134231809115,2.891616662964225,2.916773625959953,0.01048187930533418,-0.032594039415319465,1.0112402930022149,0.00390625,0.046875,0.00016443536151200533,0.000855542253702879
prefill_full_layer,official_fused_both,64,16,,3,0,2.270791679620743,2.265152780132161,2.2485479712486267,2.2761186895271144,0.011941078041217693,1.3800776408364377,0.3922482395800694,0.00390625,0.0625,0.00013925303937867284,0.0007780999876558781
prefill_full_layer,official_fused_both,64,256,,3,0,6.42789900302887,6.425058883097437,6.417251968135436,6.430025678128004,0.005588179647687921,-0.7284157133350773,1.1133209642827062,0.0048828125,0.0625,0.00016834840062074363,0.0008476099465042353
prefill_full_layer,official_fused_both,64,32,,3,0,2.498779989158114,2.4942256406777434,2.483553330724438,2.5003436021506786,0.007573412757896118,1.274659996852279,0.48988706393405373,0.00390625,0.0625,0.00014963489957153797,0.0008270081598311663
prefill_full_layer,official_fused_both,64,512,,3,0,13.24163400568068,13.243744098063972,13.234977299968401,13.254620988542834,0.008157123373749249,-3.2640663751711436,1.2465002713238302,0.0078125,0.0625,0.00016962112567853183,0.0008293176651932299
prefill_full_layer,official_fused_both,64,64,,3,0,2.207137644290924,2.207274419359035,2.2053213324397802,2.2093642813464007,0.001653358103946535,0.48218357066313433,0.7815344358289702,0.0048828125,0.046875,0.00015815341612324119,0.0008506622398272157
prefill_full_layer,official_fused_both,8,1,,3,0,0.84688700735569,0.8472224128329091,0.844426608333985,0.8503536228090525,0.0024312887902682876,0.08361732276777423,0.9012650778185156,0.00390625,0.03125,6.461548036895692e-05,0.00028512123390100896
prefill_full_layer,official_fused_both,8,1024,,3,0,2.917846975227197,2.914874659230312,2.8982299845665693,2.9285470178971686,0.012554059749238447,-0.29792900507648756,1.10210576757655,0.0048828125,0.03125,0.00016898306785151362,0.000807794916909188
prefill_full_layer,official_fused_both,8,128,,3,0,0.9559643610070149,0.9460909964723719,0.9214709668109814,0.9608376615991195,0.017522303122231856,0.165081350132823,0.8273143258615562,0.00390625,0.033203125,0.00016455093282274902,0.0008556238026358187
prefill_full_layer,official_fused_both,8,16,,3,0,0.979564618319273,0.9780078608956602,0.9728642956664165,0.9815946687012911,0.003730279130663582,0.18418161198496819,0.811976046765567,0.00390625,0.03125,0.00013539988140109926,0.0007835383294150233
prefill_full_layer,official_fused_both,8,256,,3,0,1.009541330859065,1.0010135722243123,0.9746910072863102,1.018808378527562,0.018993465750253073,-0.030230342720945602,1.0299446310882796,0.005859375,0.046875,0.00016960666107479483,0.0008490098407492042
prefill_full_layer,official_fused_both,8,32,,3,0,0.9745347003142039,0.9634367759442991,0.925250972310702,0.9905246552079916,0.027779325210595906,0.17879841228326154,0.8165294553127617,0.00390625,0.03125,0.00014981473213993013,0.0008258317830041051
prefill_full_layer,official_fused_both,8,512,,3,0,1.4578052796423435,1.4594850751260917,1.4562349921713273,1.464414953564604,0.0035444065558087215,-0.2199083877106507,1.1508489444931924,0.00390625,0.0625,0.000169799430295825,0.0008234926499426365
prefill_full_layer,official_fused_both,8,64,,3,0,0.9394176304340363,0.9346509921467966,0.8998039799431959,0.9647313660631577,0.026719930108612237,0.1358876470476389,0.8553490560052027,0.00390625,0.0390625,0.0001589766179677099,0.000851562712341547
prefill_full_layer,official_fused_both_precopy,1,1,,3,0,0.8441732885936896,0.8717280967781941,0.8018433582037687,0.969167643537124,0.07103428611660313,0.08892066155870748,0.8946653930417052,0.00048828125,0.03125,6.943187327124178e-05,0.00030850546318106353
prefill_full_layer,official_fused_both_precopy,1,1024,,3,0,0.9741613175719976,0.9919290896505117,0.9106939348081747,1.0909320165713627,0.07464677632197267,0.11510425247251987,0.8818427190689464,0.00390625,0.03515625,0.0001682961155893281,0.0008028006413951516
prefill_full_layer,official_fused_both_precopy,1,128,,3,0,0.8611236698925495,0.9208842335889738,0.8553870332737764,1.0461419976005952,0.08860157197182324,0.07530728665490949,0.9125476522271112,0.0029296875,0.03125,0.0001645068114157766,0.0008551450446248055
prefill_full_layer,official_fused_both_precopy,1,16,,3,0,0.9408876455078522,0.9537232108414173,0.8728936469803253,1.0473883400360744,0.0718130131161439,0.13670131253699458,0.8547102694039427,0.001953125,0.02734375,0.00015061680460348725,0.0008179186843335629
prefill_full_layer,official_fused_both_precopy,1,256,,3,0,0.9459676997115215,0.961921126064327,0.8630936499685049,1.0767020285129547,0.08793186265661625,0.12934805514911818,0.8632637719146609,0.00390625,0.03125,0.0001663024304434657,0.0008530024206265807
prefill_full_layer,official_fused_both_precopy,1,32,,3,0,0.9535476565361023,0.9714135537958808,0.8862140433241924,1.0744789615273476,0.07789014730239376,0.16932461100320018,0.8224266927378376,0.001953125,0.03125,0.0001513529132353142,0.0008537169778719544
prefill_full_layer,official_fused_both_precopy,1,512,,3,0,0.9512513255079588,0.9641979769286183,0.8822705907126268,1.0590720145652692,0.07275711972646377,0.13342802412807941,0.8597342042526667,0.00390625,0.03125,0.00017052973271347582,0.0008314072038047016
prefill_full_layer,official_fused_both_precopy,1,64,,3,0,0.9409076689432064,0.9612222202122211,0.8746336679905653,1.0681253237028916,0.08028808941356297,0.15450804494321346,0.8357883031001848,0.001953125,0.03125,0.000156814930960536,0.0008370454888790846
prefill_full_layer,official_fused_both_precopy,128,1,,3,0,1.1489059931288164,1.1455426768710215,1.1384993170698483,1.1492227204144,0.004982085708479005,0.43865370874603593,0.6181987809538272,0.00390625,0.0390625,6.033033787389286e-05,0.00029350537806749344
prefill_full_layer,official_fused_both_precopy,128,1024,,3,0,55.75273232534528,55.74251988178326,55.702081648632884,55.77274567137162,0.029738544349441894,-13.626917032524943,1.2444170261110257,0.01318359375,0.046875,0.00016914219304453582,0.0008056756341829896
prefill_full_layer,official_fused_both_precopy,128,128,,3,0,6.877959007397294,6.884000341718395,6.877362650508682,6.89667936724921,0.008968729999018418,-0.26509235613048077,1.038542299517251,0.0078125,0.0625,0.0001648097240831703,0.0008583320304751396
prefill_full_layer,official_fused_both_precopy,128,16,,3,0,4.1016963465760155,4.102350885255469,4.098482973252733,4.106873335937659,0.0034564781843494513,2.871836380412182,0.2998417879447579,0.00390625,0.0625,0.00013792239769827574,0.0007823563646525145
prefill_full_layer,official_fused_both_precopy,128,256,,3,0,13.25033069588244,13.25112413097587,13.241693998376528,13.261347698668638,0.008043180889367878,-2.796979621052742,1.211087533228277,0.005859375,0.0625,0.0001685668103164062,0.0008471593027934432
prefill_full_layer,official_fused_both_precopy,128,32,,3,0,4.6443109555790825,4.657537779874272,4.638704393679897,4.689597990363836,0.02278524678468832,2.681064962719878,0.4227206170381015,0.00390625,0.0625,0.00015070781228132546,0.0008304713410325348
prefill_full_layer,official_fused_both_precopy,128,512,,3,0,25.961263648544747,25.96739498484466,25.947473632792633,25.993447673196595,0.019263057240622373,-6.676864344626669,1.2571856453143389,0.0078125,0.0625,0.00016977425548247993,0.0008282396011054516
prefill_full_layer,official_fused_both_precopy,128,64,,3,0,4.219854017719626,4.243445427467425,4.213597625494003,4.296884639188647,0.0378734526457022,1.0063113489498696,0.7615293456303799,0.00390625,0.0625,0.00015823787543922663,0.0008523501455783844
prefill_full_layer,official_fused_both_precopy,16,1,,3,0,0.8570502977818251,0.8456668713026577,0.8183599760135015,0.8615903401126465,0.019397644081023804,0.10517433596154058,0.8772833563750604,0.001953125,0.03125,5.9786863857880235e-05,0.0002884990826714784
prefill_full_layer,official_fused_both_precopy,16,1024,,3,0,6.76088803447783,6.782628233648008,6.749774639805158,6.837222026661038,0.03886934149129015,-0.8843173272907734,1.1307989901298627,0.0107421875,0.0625,0.00016926974058151245,0.0008028335287235677
prefill_full_layer,official_fused_both_precopy,16,128,,3,0,0.9921946718047062,1.0136393571479452,0.9843280228475729,1.0643953767915566,0.03603332891459135,-0.03857033637662732,1.038873758822421,0.00439453125,0.0625,0.0001646889722906053,0.0008602575398981571
prefill_full_layer,official_fused_both_precopy,16,16,,3,0,1.0153350109855335,1.004894884924094,0.9801012929528952,1.019248350833853,0.01760435948504098,0.21969503723084938,0.7836231048335438,0.00390625,0.03125,0.0001385492505505681,0.000781954382546246
prefill_full_layer,official_fused_both_precopy,16,256,,3,0,1.4573049265891314,1.4581673054231539,1.455282016346852,1.461914973333478,0.0027757044194984468,-0.14022109098732471,1.09621945855595,0.005859375,0.0390625,0.00016872980631887913,0.000846533861476928
prefill_full_layer,official_fused_both_precopy,16,32,,3,0,1.026798350115617,1.0147804342624214,0.9789112955331802,1.0386316571384668,0.02581928379664337,0.21302164532244194,0.7925379941461186,0.00390625,0.046875,0.00015000402345322073,0.0008338047773577273
prefill_full_layer,official_fused_both_precopy,16,512,,3,0,2.663515042513609,2.680627370460166,2.6415780497093997,2.7367890191574893,0.04070958938320839,-0.3295893160005412,1.1237422393866046,0.005859375,0.046875,0.0001697415573289618,0.0008267905795946717
prefill_full_layer,official_fused_both_precopy,16,64,,3,0,1.0042050077269475,0.9885037887013621,0.9521346849699815,1.0091716734071572,0.025796649933181655,0.17589796334505092,0.8248385917301867,0.00390625,0.03125,0.0001579999370733276,0.0008460768149234354
prefill_full_layer,official_fused_both_precopy,2,1,,3,0,0.841509938860933,0.8681690734293726,0.8378132867316405,0.9251839946955442,0.040343873921427596,0.08863063218692935,0.894676666199689,0.0009765625,0.015625,5.926487210672349e-05,0.00028568253037519753
prefill_full_layer,official_fused_both_precopy,2,1024,,3,0,1.061452009404699,1.0629420220437977,1.0401250328868628,1.0872490238398314,0.019267117654739672,-0.11385402952631307,1.1072625314357514,0.005859375,0.03125,0.00016913676518015563,0.0008058738312684
prefill_full_layer,official_fused_both_precopy,2,128,,3,0,0.9732179654141268,0.9650712211926779,0.8741740602999926,1.0478216378639142,0.07112499504164872,0.1867515966296196,0.8081091767041595,0.00390625,0.03125,0.00016459326434414834,0.0008533104555681348
prefill_full_layer,official_fused_both_precopy,2,16,,3,0,0.9811813166985909,0.9628300968971517,0.868756944934527,1.0385520290583372,0.07052265876677978,0.16491464339196682,0.8319223566681234,0.00146484375,0.03125,0.00014067385927774012,0.0008462950354442
prefill_full_layer,official_fused_both_precopy,2,256,,3,0,0.9506913678099712,0.9668112422029177,0.9188173959652582,1.0309249628335238,0.04716576724782453,0.12686134626468026,0.866558853314383,0.00390625,0.03125,0.00017090252367779613,0.0008475843351334333
prefill_full_layer,official_fused_both_precopy,2,32,,3,0,0.9470843554784855,0.9623723259816568,0.8784940000623465,1.0615386224041383,0.07550551844574752,0.14161799723903346,0.8504694999766043,0.001953125,0.03125,0.00015210150741040707,0.0008067851886153221
prefill_full_layer,official_fused_both_precopy,2,512,,3,0,0.9563710385312637,0.9586222521546814,0.9021506800005833,1.0173450379321973,0.047054833240259164,0.13429104971388983,0.8595826888274181,0.00390625,0.046875,0.00016974488971754909,0.0008286766242235899
prefill_full_layer,official_fused_both_precopy,2,64,,3,0,0.9441943063090245,0.9507088818483883,0.8647270345439514,1.043205304692189,0.07300891726184493,0.14627468772232533,0.845079887958516,0.0029296875,0.03125,0.00015880807768553495,0.0008323187939822674
prefill_full_layer,official_fused_both_precopy,32,1,,3,0,0.8885503436128298,0.8794782269332144,0.8523703242341677,0.8975140129526457,0.019514364513764825,0.12532435357570648,0.8589563838711266,0.00390625,0.0390625,6.092531111789867e-05,0.00028976492467336357
prefill_full_layer,official_fused_both_precopy,32,1024,,3,0,14.14411134707431,14.145872555673122,14.136677995945016,14.15682832400004,0.008320068989204012,-3.1422020401805657,1.2221562007733011,0.0087890625,0.046875,0.0001688799384282902,0.0008057893137447536
prefill_full_layer,official_fused_both_precopy,32,128,,3,0,1.5607126988470554,1.5590582301633225,1.55207933858037,1.5643826530625422,0.005157249705084876,-0.043733588730295425,1.0280215498743637,0.0078125,0.0625,0.00016445197979919612,0.0008570399368181825
prefill_full_layer,official_fused_both_precopy,32,16,,3,0,1.4532783534377813,1.4571985747251246,1.4502120514710743,1.4681053192665179,0.007813166635288075,0.6329317111521959,0.5644800532155636,0.00390625,0.03125,0.00013733250671066344,0.000789846177212894
prefill_full_layer,official_fused_both_precopy,32,256,,3,0,2.674098281810681,2.700738427746627,2.6529746440549693,2.775142357374231,0.053313604117715276,-0.25020873484512185,1.093567516402464,0.0048828125,0.046875,0.00016827057697810233,0.0008504283614456654
prefill_full_layer,official_fused_both_precopy,32,32,,3,0,1.4424053175995748,1.443725208648377,1.4272516903777916,1.4615186179677646,0.014020512731937771,0.5704849803199371,0.6044905177767037,0.00390625,0.046875,0.00014954579819459468,0.0008294942672364414
prefill_full_layer,official_fused_both_precopy,32,512,,3,0,6.356165045872331,6.372212768635816,6.343304645270109,6.417168614765008,0.03221923392226139,-0.9903746346632643,1.1558132344764096,0.005859375,0.046875,0.00016998613136820495,0.0008298211032524705
prefill_full_layer,official_fused_both_precopy,32,64,,3,0,1.2809903516123693,1.2852961145755317,1.2807672998557489,1.2941306922584772,0.006247653434078576,0.20523501249651122,0.8397841074773248,0.00390625,0.046875,0.00015873945085331798,0.0008489481406286359
prefill_full_layer,official_fused_both_precopy,4,1,,3,0,0.8375303198893865,0.8229689879549874,0.7746963140865167,0.8566803298890591,0.03501779550034231,0.12475469460090005,0.8510445632375715,0.0009002685546875,0.0078125,5.996034451527521e-05,0.0003086990909650922
prefill_full_layer,official_fused_both_precopy,4,1024,,3,0,1.5737560267249744,1.574579341751006,1.5688526909798384,1.5811293075482051,0.005045606294308038,-0.2456152966866889,1.156069487592572,0.00439453125,0.03125,0.00016902586503420025,0.0008048788877204061
prefill_full_layer,official_fused_both_precopy,4,128,,3,0,0.9445909721155962,0.9579233463025756,0.9427176943669716,0.9864613724251589,0.02019391812090641,0.14156095373133826,0.8501351824120393,0.00390625,0.03125,0.0001641997369006276,0.0008524456061422825
prefill_full_layer,official_fused_both_precopy,4,16,,3,0,0.9639813409497341,0.9438289174189171,0.8930307036886612,0.9744747076183558,0.03617431477949602,0.17167464829981327,0.821910818179659,0.00390625,0.03125,0.0001445538946427405,0.0008012168109416962
prefill_full_layer,official_fused_both_precopy,4,256,,3,0,0.9620143100619316,0.9615188723223077,0.9586976375430822,0.9638446693619093,0.002130270413411907,0.1428643396745125,0.8514945794669985,0.00439453125,0.03125,0.00016868676175363362,0.0008473751368001103
prefill_full_layer,official_fused_both_precopy,4,32,,3,0,0.9466243597368399,0.9312554417798916,0.8884039707481861,0.958737994854649,0.030701481681157543,0.13614764126638568,0.856175641513985,0.00390625,0.03125,0.00015496526611968875,0.0008088367176242173
prefill_full_layer,official_fused_both_precopy,4,512,,3,0,1.0272050276398659,1.0259083420452144,1.0205416474491358,1.0299783510466416,0.003960125321697723,-0.048910578091939216,1.0476152051205565,0.005859375,0.0390625,0.0001697466359473765,0.0008311069686897099
prefill_full_layer,official_fused_both_precopy,4,64,,3,0,0.9423043423642715,0.9214897743529744,0.8638403378427029,0.9583246428519487,0.04128563635933396,0.15433132648468018,0.8362192345442684,0.00390625,0.046875,0.00015858991537243128,0.0008591031655669212
prefill_full_layer,official_fused_both_precopy,64,1,,3,0,0.91527394639949,0.9231231071882777,0.9013740345835686,0.9527213405817747,0.021684763500893687,0.19197460884849227,0.7902544810723794,0.00390625,0.03125,6.171691347844899e-05,0.00028975887107662857
prefill_full_layer,official_fused_both_precopy,64,1024,,3,0,27.755581696207326,27.74850059197181,27.72737170259158,27.76254837711652,0.015208684702149618,-6.455605616793033,1.2325876534475644,0.0078125,0.046875,0.00016906915698200464,0.0008051878539845347
prefill_full_layer,official_fused_both_precopy,64,128,,3,0,2.950820606201887,2.943377217484845,2.906640370686849,2.9726706755657992,0.027465776489982545,0.018476586168011178,0.9937384922251193,0.00390625,0.046875,0.00016443536151200533,0.000855542253702879
prefill_full_layer,official_fused_both_precopy,64,16,,3,0,2.257368372132381,2.255770688255628,2.2429483166585364,2.2669953759759665,0.009881960358199066,1.3666543333480758,0.39458072053295795,0.00390625,0.0625,0.00013925303937867284,0.0007780999876558781
prefill_full_layer,official_fused_both_precopy,64,256,,3,0,6.3979183323681355,6.399831889818112,6.3952420217295485,6.406335315356652,0.00472663146155596,-0.7583963839958114,1.1185379907334794,0.0048828125,0.0625,0.00016834840062074363,0.0008476099465042353
prefill_full_layer,official_fused_both_precopy,64,32,,3,0,2.4937936880936227,2.493838003526131,2.4880533261845508,2.4996669963002205,0.0047413645210402445,1.2696736957877877,0.4908665853756378,0.00390625,0.0625,0.00014963489957153797,0.0008270081598311663
prefill_full_layer,official_fused_both_precopy,64,512,,3,0,13.26376098829011,13.254624222301775,13.23421400350829,13.265897675106922,0.014458541444113075,-3.2419393925617133,1.244420824185829,0.0078125,0.0625,0.00016962112567853183,0.0008293176651932299
prefill_full_layer,official_fused_both_precopy,64,64,,3,0,2.2077910446872315,2.206553446335925,2.203561287994186,2.2083080063263574,0.002126275458889038,0.4828369710594418,0.7813031390713684,0.0048828125,0.046875,0.00015815341612324119,0.0008506622398272157
prefill_full_layer,official_fused_both_precopy,8,1,,3,0,0.8434003684669733,0.8429257820049921,0.8410833155115446,0.8442936620364586,0.0013528994628645374,0.08013068387905753,0.9049909309089953,0.00390625,0.03125,6.461548036895692e-05,0.00028512123390100896
prefill_full_layer,official_fused_both_precopy,8,1024,,3,0,2.904989989474416,2.9022357581804195,2.882093656808138,2.919623628258705,0.015444827220048337,-0.31078599082926894,1.1069834980345312,0.0048828125,0.03125,0.00016898306785151362,0.000807794916909188
prefill_full_layer,official_fused_both_precopy,8,128,,3,0,0.9688810290147861,0.9630543386770619,0.9468543188025554,0.9734276682138443,0.01160455269717903,0.17799801814059424,0.8162849588234865,0.00390625,0.033203125,0.00016455093282274902,0.0008556238026358187
prefill_full_layer,official_fused_both_precopy,8,16,,3,0,0.9827246734251579,0.9816180293758711,0.9745146768788496,0.9876147378236055,0.005405022046081854,0.1873416670908531,0.8093650519245658,0.00390625,0.03125,0.00013539988140109926,0.0007835383294150233
prefill_full_layer,official_fused_both_precopy,8,256,,3,0,1.0031613831718762,0.9973757745077213,0.9748679585754871,1.0140979817758005,0.016529844338556022,-0.03661029040813446,1.0364949159948493,0.005859375,0.046875,0.00016960666107479483,0.0008490098407492042
prefill_full_layer,official_fused_both_precopy,8,32,,3,0,0.973814632743597,0.957624340015981,0.9201407277335724,0.9789176595707735,0.02658666474009317,0.1780783447126547,0.8171332215342236,0.00390625,0.03125,0.00014981473213993013,0.0008258317830041051
prefill_full_layer,official_fused_both_precopy,8,512,,3,0,1.459891985480984,1.456724221093787,1.4502786410351594,1.4600020367652178,0.004557934805766351,-0.21782168187201023,1.1492039712789064,0.00390625,0.0625,0.000169799430295825,0.0008234926499426365
prefill_full_layer,official_fused_both_precopy,8,64,,3,0,0.9179340365032355,0.9341885646184286,0.9125473443418741,0.9720843130101761,0.026886426845012256,0.1144040531168381,0.8753678929341728,0.00390625,0.0390625,0.0001589766179677099,0.000851562712341547
prefill_full_layer,official_fused_rmsnorm,1,1,,3,0,0.9356143418699503,0.9731368886099921,0.9267676311234633,1.0570286928365629,0.059430307560200034,0.1803617148349682,0.8072264321274819,0.00048828125,0.03125,6.943187327124178e-05,0.00030850546318106353
prefill_full_layer,official_fused_rmsnorm,1,1024,,3,0,1.0396016295999289,1.0774687656925783,0.9804346288243929,1.2123700386534135,0.09840036781785379,0.1805445645004511,0.8263329343087599,0.0029296875,0.03515625,0.00016432817210443318,0.0007924195961095393
prefill_full_layer,official_fused_rmsnorm,1,128,,3,0,1.0186016249159973,1.038539559683866,0.9533743529270092,1.1436427012085915,0.07894577050759258,0.23278524167835724,0.7714658645890589,0.0029296875,0.03125,0.0001621060073375702,0.0008407509885728359
prefill_full_layer,official_fused_rmsnorm,1,16,,3,0,1.0023783737172682,1.0605732289453347,0.9652380055437485,1.2141033075749874,0.10961589154873684,0.1981920407464106,0.8022782155490589,0.001953125,0.03125,0.00014908220327924937,0.0008114825468510389
prefill_full_layer,official_fused_rmsnorm,1,256,,3,0,0.9993979862580696,1.0329594628678427,0.9647347033023834,1.1347456990430753,0.07335172891557795,0.1827783416956663,0.8171115569483763,0.00390625,0.03125,0.00016325057367794216,0.000843138201162219
prefill_full_layer,official_fused_rmsnorm,1,32,,3,0,1.0153516971816618,1.0348807813392744,0.9247510073085626,1.164539639527599,0.0988624832158132,0.23112865164875973,0.7723659178486533,0.001953125,0.03125,0.00014706414367537946,0.0008425095584243536
prefill_full_layer,official_fused_rmsnorm,1,512,,3,0,1.0282250586897135,1.038625112010373,0.9425010066479445,1.1451492706934612,0.08305701078965695,0.21040175730983413,0.7953738283932187,0.00439453125,0.03125,0.00016784804756753147,0.0008145659230649471
prefill_full_layer,official_fused_rmsnorm,1,64,,3,0,1.021565015738209,1.0338450212859445,0.937984324991703,1.1419857231279213,0.08373466630801636,0.23516539173821605,0.769798898635659,0.0029296875,0.0234375,0.0001533255126560107,0.000837968080304563
prefill_full_layer,official_fused_rmsnorm,128,1,,3,0,1.1871696915477514,1.1874196740488212,1.1866896723707516,1.1883996582279603,0.0007201302410417425,0.476917407164971,0.5982735993342296,0.00390625,0.0390625,6.033033787389286e-05,0.00029350537806749344
prefill_full_layer,official_fused_rmsnorm,128,1024,,3,0,66.23983367656668,66.25201390124857,66.20978703722358,66.30642098995547,0.0403798514948858,-3.1398156813035456,1.0474007180729727,0.01318359375,0.0625,0.00016497643082402647,0.0007911996217444539
prefill_full_layer,official_fused_rmsnorm,128,128,,3,0,7.317036002253492,7.314232669563757,7.294205715879798,7.3314562905579805,0.015336130196167896,0.17398463872571757,0.9762219785891263,0.0087890625,0.0625,0.00016221054829657078,0.0008472937624901533
prefill_full_layer,official_fused_rmsnorm,128,16,,3,0,3.3764607117821774,3.377120786656936,3.3730406624575457,3.3818609857310853,0.003631005351382418,2.1466007456183434,0.36424530629728075,0.00390625,0.0625,0.0001363134797429666,0.0007770638912916183
prefill_full_layer,official_fused_rmsnorm,128,256,,3,0,15.285900638749203,15.284622760696545,15.279704006388783,15.288263636951646,0.0036093903530718236,-0.7614096781859789,1.049811240840846,0.0078125,0.0625,0.00016541295917704701,0.0008350553107447922
prefill_full_layer,official_fused_rmsnorm,128,32,,3,0,3.9247950383772454,3.92594734310276,3.9127282798290253,3.940318711102009,0.011293178740361792,1.9615490455180409,0.500216182924786,0.00390625,0.0625,0.0001489285205025226,0.00082338263746351
prefill_full_layer,official_fused_rmsnorm,128,512,,3,0,30.742709369709093,30.740418212695253,30.73246932278077,30.7460759455959,0.005786311228803423,-1.895418623462323,1.0616542478630686,0.0078125,0.0625,0.00016602629330009222,0.0008146908367052674
prefill_full_layer,official_fused_rmsnorm,128,64,,3,0,3.833271019781629,3.8259353281723127,3.8069072955598435,3.837627669175466,0.013571897860680188,0.6197283510118723,0.8383291064436199,0.005859375,0.0625,0.00015628314577043056,0.0008425006526522338
prefill_full_layer,official_fused_rmsnorm,16,1,,3,0,0.9195940413822731,0.912316246993012,0.879640302931269,0.9377143966654936,0.024260733832569124,0.1677180795619886,0.8176172615147812,0.001953125,0.03125,5.9786863857880235e-05,0.0002884990826714784
prefill_full_layer,official_fused_rmsnorm,16,1024,,3,0,7.835957066466411,7.837269144753615,7.820320005218188,7.855530362576246,0.014404477970278367,0.19075170469780733,0.9756568721497825,0.0068359375,0.0625,0.00016519869677722454,0.0007880206685513258
prefill_full_layer,official_fused_rmsnorm,16,128,,3,0,1.083028968423605,1.0709165491991572,1.0319050246228774,1.0978156545509894,0.028238104386115254,0.05226396024227142,0.9517427864202526,0.00390625,0.0625,0.00016166633577086031,0.0008499423856846988
prefill_full_layer,official_fused_rmsnorm,16,16,,3,0,1.0810419917106628,1.067069669564565,1.0264616770048935,1.0937053399781387,0.029175867792070855,0.28540201795597875,0.7359935875346038,0.00390625,0.03125,0.0001378271117573604,0.0007769315270707011
prefill_full_layer,official_fused_rmsnorm,16,256,,3,0,1.5111023870607216,1.5147623295585315,1.509635631615917,1.5235489699989557,0.006241881690414124,-0.08642363051573443,1.0571924386168425,0.005859375,0.0390625,0.00016558192146476358,0.0008349116542376578
prefill_full_layer,official_fused_rmsnorm,16,32,,3,0,1.1071286474665005,1.0926265579958756,1.0444119883080323,1.126339038213094,0.03498326576900377,0.2933519426733254,0.7350335542805998,0.00390625,0.046875,0.000147549610119313,0.0008243275806307793
prefill_full_layer,official_fused_rmsnorm,16,512,,3,0,2.9705706207702556,2.9743108639700546,2.966690963755051,2.9856710073848567,0.008187493651603112,-0.022533737743894555,1.0075856596663073,0.0078125,0.046875,0.00016609080194029957,0.0008142141159623861
prefill_full_layer,official_fused_rmsnorm,16,64,,3,0,1.0770656323681276,1.0588375282370381,1.0092149799068768,1.0902319724361103,0.03549775678152865,0.24875858798623096,0.7690404553719821,0.00390625,0.03125,0.00015576925943605602,0.0008399738580919802
prefill_full_layer,official_fused_rmsnorm,2,1,,3,0,0.924440644060572,0.9484643168333504,0.9104739874601364,1.0104783189793427,0.0442196730032458,0.17156133738656842,0.8144160596044421,0.0009765625,0.015625,5.926487210672349e-05,0.00028568253037519753
prefill_full_layer,official_fused_rmsnorm,2,1024,,3,0,1.1545127102484305,1.150130449483792,1.1098789982497692,1.1859996399531763,0.031230233005765266,-0.020793328682581658,1.0180104805239496,0.005859375,0.03125,0.00016484364459756762,0.0007904311059974134
prefill_full_layer,official_fused_rmsnorm,2,128,,3,0,1.0399783495813608,1.0385961116602023,0.9396706397334734,1.1361393456657727,0.08021396818896771,0.25351198079685366,0.7562334053406939,0.00390625,0.03125,0.00016222478006966412,0.0008396675111725926
prefill_full_layer,official_fused_rmsnorm,2,16,,3,0,1.0422916772464912,1.0608874468339815,1.0073513258248568,1.1330193374305964,0.052962025830767624,0.22602500393986713,0.7831461107537804,0.00146484375,0.03125,0.00013531313743442297,0.0008206396014429629
prefill_full_layer,official_fused_rmsnorm,2,256,,3,0,1.0407449832806985,1.035660660515229,0.9435476580013832,1.1226893402636051,0.07322259821677242,0.21691496173540759,0.7915772209137772,0.00390625,0.03125,0.00016619224334135652,0.0008346268441528082
prefill_full_layer,official_fused_rmsnorm,2,32,,3,0,1.0327020039161046,1.0382719079239502,0.9358176806320747,1.146296039223671,0.0860176444374277,0.22723564567665255,0.7799600999950099,0.00390625,0.03125,0.0001495963952038437,0.0008008448639884591
prefill_full_layer,official_fused_rmsnorm,2,512,,3,0,1.0052149494489033,0.9992148520218002,0.9594546475758156,1.0329749590406816,0.030312922726386027,0.18313496063152945,0.8178151242856755,0.00390625,0.046875,0.0001662861614022404,0.0008154523675329983
prefill_full_layer,official_fused_rmsnorm,2,64,,3,0,1.0223482580234606,1.0351927485316992,0.9450943519671758,1.138135635604461,0.07933040610591824,0.2244286394367615,0.7804773102752122,0.0029296875,0.03125,0.00015905601321719587,0.00082108419155702
prefill_full_layer,official_fused_rmsnorm,32,1,,3,0,0.9665576120217642,0.9516777936369181,0.9206010339160761,0.9678747349729141,0.02198116541158702,0.20333162198464083,0.7896332102135859,0.00390625,0.0390625,6.092531111789867e-05,0.00028976492467336357
prefill_full_layer,official_fused_rmsnorm,32,1024,,3,0,16.591811319813132,16.585715451381272,16.558147345980007,16.607187688350677,0.02047939621362649,-0.6945020674417428,1.0418581223023193,0.0087890625,0.046875,0.00016477395547553897,0.0007910359418019652
prefill_full_layer,official_fused_rmsnorm,32,128,,3,0,1.5315960627049208,1.5295391333185964,1.5224289769927661,1.5345923602581024,0.0051743078113637,-0.07285022487243009,1.047564907384112,0.0078125,0.0625,0.00016206575674004853,0.0008478692616336048
prefill_full_layer,official_fused_rmsnorm,32,16,,3,0,1.3838480226695538,1.3810102310445573,1.363768009468913,1.3954146609952052,0.01307459200604532,0.5635013803839684,0.5928011088262937,0.00390625,0.03125,0.0001361123868264258,0.0007842586492188275
prefill_full_layer,official_fused_rmsnorm,32,256,,3,0,2.914740393559138,2.906350211964713,2.8786632853249707,2.9256469570100307,0.020077561466189813,-0.009566623096664895,1.0032821527151456,0.00390625,0.046875,0.00016514465096406639,0.0008383183740079403
prefill_full_layer,official_fused_rmsnorm,32,32,,3,0,1.3678943893561761,1.3730711458871763,1.3567109902699788,1.3946080580353737,0.015898554283113764,0.49597405207653844,0.6374178767485278,0.00390625,0.046875,0.0001479120401199907,0.0008205942576751113
prefill_full_layer,official_fused_rmsnorm,32,512,,3,0,7.331912638619542,7.336858323671752,7.320539327338338,7.358123005057375,0.015736964090930346,-0.014627041916052796,1.0019949831151844,0.005859375,0.046875,0.00016626417345833033,0.0008157704723998904
prefill_full_layer,official_fused_rmsnorm,32,64,,3,0,1.2280766386538744,1.2303588446229696,1.2211099577446778,1.2418899374703567,0.008635517255842757,0.15232129953801632,0.8759675945753845,0.00390625,0.046875,0.00015704051475040615,0.0008411675808019936
prefill_full_layer,official_fused_rmsnorm,4,1,,3,0,0.8558633271604776,0.871236901730299,0.8395100012421608,0.9183373767882586,0.0339676206620538,0.14308770187199116,0.8328147762251745,0.0009002685546875,0.0078125,5.996034451527521e-05,0.0003086990909650922
prefill_full_layer,official_fused_rmsnorm,4,1024,,3,0,1.7053606764723857,1.7107128062182002,1.7039873637259007,1.7227903784563143,0.008558516629652721,-0.11401064693927765,1.066854272244106,0.00439453125,0.04296875,0.0001650101039558649,0.0007913309382274747
prefill_full_layer,official_fused_rmsnorm,4,128,,3,0,1.0238616572072108,1.02134488729967,1.0163046730061371,1.0238683316856623,0.0035639707472345933,0.22083163882295287,0.7843149635808067,0.00390625,0.03125,0.00016251135093625635,0.0008446092251688242
prefill_full_layer,official_fused_rmsnorm,4,16,,3,0,1.0343116397658985,1.0138004242132108,0.9576309627542893,1.0494586701194446,0.04019630524125124,0.24200494711597764,0.7660231812041176,0.00390625,0.03125,0.00014267410733737051,0.0008090542396530509
prefill_full_layer,official_fused_rmsnorm,4,256,,3,0,1.0312287292132776,1.0568486888789468,1.0280416657527287,1.1112756716708343,0.03850767616330282,0.21207875882585847,0.7943436283164328,0.00390625,0.03125,0.00016532339213881642,0.0008353984449058771
prefill_full_layer,official_fused_rmsnorm,4,32,,3,0,1.0322350232551496,1.0105860160870686,0.9564476398130258,1.0430753851930301,0.03853657311289656,0.22175830478469538,0.7851668469014146,0.00390625,0.03125,0.00015361738041974604,0.0008055428043007851
prefill_full_layer,official_fused_rmsnorm,4,512,,3,0,1.127422632028659,1.1191603261977434,1.0983456547061603,1.1317126918584108,0.014822034617703568,0.05130702629685402,0.9544917541662852,0.005859375,0.0390625,0.00016659540415275842,0.0008166013867594302
prefill_full_layer,official_fused_rmsnorm,4,64,,3,0,1.0089549856881301,0.9904014619274273,0.9478310433526834,1.0144183567414682,0.03018435034956894,0.2209819698085388,0.7809793569156863,0.00390625,0.046875,0.0001572767796460539,0.0008509933832101524
prefill_full_layer,official_fused_rmsnorm,64,1,,3,0,0.9917413505415121,0.9945024632745318,0.9621977029989163,1.0295683362831671,0.0275731556037581,0.2684420129905144,0.7293225568905246,0.00390625,0.03125,6.171691347844899e-05,0.00028975887107662857
prefill_full_layer,official_fused_rmsnorm,64,1024,,3,0,32.73260531326135,32.73668543746074,32.72771198923389,32.74973900988698,0.009443974086677392,-1.4785819997390064,1.045171534180934,0.0078125,0.078125,0.00016491563292220235,0.0007905579404905438
prefill_full_layer,official_fused_rmsnorm,64,128,,3,0,2.9764906503260136,2.9689606486095323,2.926113627230128,3.0042776682724557,0.03235150715092304,0.04414663029213761,0.9851682281322461,0.00390625,0.0625,0.00016162316023837775,0.0008439820958301425
prefill_full_layer,official_fused_rmsnorm,64,16,,3,0,1.977579357723395,1.9822405495991309,1.962849327052633,2.0062929640213647,0.018039446232161273,1.0868653189390898,0.45040621773565753,0.00390625,0.0625,0.00013836665311828256,0.0007705994648858905
prefill_full_layer,official_fused_rmsnorm,64,256,,3,0,7.256335656469067,7.24340543254382,7.213578326627612,7.260302314534783,0.021153026254023686,0.10002094010511975,0.9862160538265687,0.005859375,0.0625,0.0001651513739489019,0.0008355090394616127
prefill_full_layer,official_fused_rmsnorm,64,32,,3,0,2.2248846168319383,2.221465731660525,2.2028212745984397,2.236691303551197,0.014037124519801953,1.0007646245261033,0.5501948204616949,0.00390625,0.03387451171875,0.00014777894830331206,0.0008173083188012242
prefill_full_layer,official_fused_rmsnorm,64,512,,3,0,15.589722975467643,15.585122009118399,15.560669669260582,15.604973382626971,0.018377185548444797,-0.9159774053841812,1.058755207313535,0.0078125,0.0625,0.0001658553082961589,0.0008165633771568537
prefill_full_layer,official_fused_rmsnorm,64,64,,3,0,1.9549393715957801,1.9529436766687367,1.9483223247031372,1.9555693337072928,0.0032778939944165804,0.2299852979679904,0.8823568130502902,0.00390625,0.046875,0.0001557111827423796,0.0008419848163612187
prefill_full_layer,official_fused_rmsnorm,8,1,,3,0,0.9351976526280245,0.9354976678474082,0.9308243170380592,0.940471033876141,0.003943965287831417,0.17192796804010868,0.8161586830794868,0.00390625,0.03125,6.461548036895692e-05,0.00028512123390100896
prefill_full_layer,official_fused_rmsnorm,8,1024,,3,0,3.272576645637552,3.2641054389791355,3.2435663354893527,3.2761733358105025,0.014597377028609432,0.05680066533386707,0.9826434423133881,0.0048828125,0.03125,0.0001651472266530618,0.0007930971914902329
prefill_full_layer,official_fused_rmsnorm,8,128,,3,0,1.035454993446668,1.0737753473222256,1.0061246963838737,1.179746352136135,0.07588349393379373,0.24457198257247603,0.763802401726432,0.00390625,0.03125,0.0001619105169083923,0.0008468794403597713
prefill_full_layer,official_fused_rmsnorm,8,16,,3,0,1.0465219772110383,1.0474819120847516,1.0450317058712244,1.0508920531719923,0.0024869022019013507,0.25113897087673354,0.7600251343540685,0.00390625,0.03125,0.00013277237303555012,0.0007817495497874916
prefill_full_layer,official_fused_rmsnorm,8,256,,3,0,1.0689419383804004,1.06669085410734,1.0333519894629717,1.0977786344786484,0.026350188896189727,0.029170264800389756,0.9727110858382197,0.0048828125,0.046875,0.00016613764455541968,0.0008383047534152865
prefill_full_layer,official_fused_rmsnorm,8,32,,3,0,1.049171977986892,1.0310972057696846,0.993644663443168,1.0504749758789937,0.02648828855571635,0.2534356899559497,0.7584421855774002,0.00390625,0.03125,0.00014756451128050685,0.0008164988830685616
prefill_full_layer,official_fused_rmsnorm,8,512,,3,0,1.5775659897675116,1.5774561195737786,1.5748996908466022,1.5799026781072218,0.0020439380253298345,-0.1001476775854826,1.0634824015192172,0.005859375,0.0625,0.00016604324628133327,0.0008122983272187412
prefill_full_layer,official_fused_rmsnorm,8,64,,3,0,1.0291786553959053,1.0199549918373427,0.9848446740458409,1.0458416460702817,0.025741854713271575,0.2256486720095079,0.7807487836767221,0.00390625,0.0390625,0.00015690976579207927,0.0008427192224189639
prefill_full_layer,official_fused_rope,1,1,,3,0,0.8843903585026661,0.9324407825867335,0.8756869938224554,1.0372449954350789,0.07419289908636877,0.12913773146768404,0.8539810726947282,0.0,0.0,0.0,0.0
prefill_full_layer,official_fused_rope,1,1024,,3,0,1.0146317072212696,1.0352384609480698,0.9464676647136608,1.1446160109092791,0.08219558179278817,0.15557464212179184,0.8466688543098483,0.00390625,0.015625,0.00013061024947091937,0.0006325554568320513
prefill_full_layer,official_fused_rope,1,128,,3,0,0.9882846691956123,1.000951561662886,0.9141476669659218,1.1004223488271236,0.07657197877033128,0.20246828595797228,0.7951316131183479,0.001953125,0.015625,0.00011397300113458186,0.0006163979414850473
prefill_full_layer,official_fused_rope,1,16,,3,0,1.014738343656063,1.0316716507077217,0.9535742768396934,1.1267023316274087,0.07168627718247453,0.21055201068520546,0.7925061056364593,0.001953125,0.015625,7.80313421273604e-05,0.0004854489234276116
prefill_full_layer,official_fused_rope,1,256,,3,0,1.0125749589254458,1.0171039806058009,0.9173343423753977,1.1214026405165594,0.08337206408461353,0.19595531436304248,0.8064782141452598,0.001953125,0.03125,0.00012323432019911706,0.000622894149273634
prefill_full_layer,official_fused_rope,1,32,,3,0,0.9872380178421736,1.0086525904221668,0.9233207286645969,1.1153990247597296,0.07986428445302365,0.20301497230927146,0.7943606621298829,0.0009765625,0.015625,9.482474706601351e-05,0.0005593555397354066
prefill_full_layer,official_fused_rope,1,512,,3,0,0.9884513759364685,1.0085581129209864,0.9293473170449337,1.1078756457815568,0.07425766714396739,0.17062807455658913,0.8273783832867505,0.001953125,0.01953125,0.0001277685078093782,0.0006354049546644092
prefill_full_layer,official_fused_rope,1,64,,3,0,0.9922646762182316,1.020534998840756,0.9161276587595543,1.153212661544482,0.09883229226748548,0.2058650522182386,0.7925301009375425,0.001953125,0.015625,0.00010480577475391328,0.0005796517943963408
prefill_full_layer,official_fused_rope,128,1,,3,0,1.195469715942939,1.195073024266296,1.1937629897147417,1.195986367141207,0.000950043862098762,0.4852174315601586,0.5941198467102629,0.0,0.0,0.0,0.0
prefill_full_layer,official_fused_rope,128,1024,,3,0,61.48903498736521,61.478036222979426,61.436284643908344,61.508789037664734,0.030604481066295063,-7.890614370505013,1.1283255522244964,0.0087890625,0.03515625,0.00013114072498865426,0.0006337524391710758
prefill_full_layer,official_fused_rope,128,128,,3,0,7.287952350452542,7.265267790191703,7.214811708157261,7.293039311965306,0.03573822841214396,0.1449009869247675,0.9801177367857283,0.00390625,0.03125,0.00011363765952410176,0.0006109867244958878
prefill_full_layer,official_fused_rope,128,16,,3,0,4.157670307904482,4.15344590631624,4.135993386929234,4.166674024115006,0.012876582132313125,2.9278103417406482,0.29580507233237036,0.00390625,0.03125,7.897678733570501e-05,0.0004931394942104816
prefill_full_layer,official_fused_rope,128,256,,3,0,14.720486011356115,14.716353888312975,14.702639309689403,14.725936343893409,0.009949666034877541,-1.3268243055790663,1.090134544780348,0.005859375,0.03125,0.00012151700502727181,0.000626350927632302
prefill_full_layer,official_fused_rope,128,32,,3,0,4.716377938166261,4.724348222629891,4.716095048934221,4.740571680789192,0.011472298594566513,2.7531319453070564,0.41626138078801195,0.00390625,0.03125,9.216525359079242e-05,0.0005426597781479359
prefill_full_layer,official_fused_rope,128,512,,3,0,28.824357005457085,28.837537315363686,28.822757303714752,28.86549763691922,0.019781716264145568,-3.8137709877143315,1.1323107046929894,0.005859375,0.0390625,0.00012725543638225645,0.0006307577132247388
prefill_full_layer,official_fused_rope,128,64,,3,0,4.352111990253131,4.3425330012622805,4.317378314832847,4.358108698700865,0.017954735959706192,1.138569321483374,0.7383869431592563,0.005859375,0.03125,0.00010334416583646089,0.0005822409293614328
prefill_full_layer,official_fused_rope,16,1,,3,0,0.904633974035581,0.9011217496461339,0.8713203327109417,0.9274109421918789,0.023033177637299958,0.1527580122152965,0.8311383204702765,0.0,0.0,0.0,0.0
prefill_full_layer,official_fused_rope,16,1024,,3,0,7.166741726299127,7.168889252675904,7.157191323737304,7.182734707991282,0.010538027074704855,-0.4784636354694767,1.066761668515792,0.0078125,0.03515625,0.00013110198779031634,0.0006324626738205552
prefill_full_layer,official_fused_rope,16,128,,3,0,1.0815852632125218,1.0731286731445127,1.0533783740053575,1.084422382215659,0.014013518428624016,0.050820255031188255,0.9530131772688525,0.00390625,0.03125,0.00011337270552758127,0.0006080798921175301
prefill_full_layer,official_fused_rope,16,16,,3,0,1.0798686804870765,1.0593951058884463,1.0060113078604143,1.092305329317848,0.03808796815669629,0.2842287067323924,0.7367932676738151,0.00390625,0.015625,8.024180715437979e-05,0.000493965926580131
prefill_full_layer,official_fused_rope,16,256,,3,0,1.5335789260764916,1.534538964430491,1.5326822952677805,1.537355671947201,0.002025070801692337,-0.06394709149996447,1.0416979461654228,0.00390625,0.03125,0.00012179760233266279,0.0006268687429837883
prefill_full_layer,official_fused_rope,16,32,,3,0,1.097622017065684,1.0771620242546003,1.0208383512993653,1.1130257043987513,0.04032026369986453,0.283845312272509,0.7413997643457227,0.00390625,0.03125,9.159058390650898e-05,0.0005442971596494317
prefill_full_layer,official_fused_rope,16,512,,3,0,2.8233296858767667,2.8248985504938497,2.802149625495076,2.849216340109706,0.01924690292477903,-0.16977467263738344,1.0601327834601297,0.0040283203125,0.03125,0.00012711805175058544,0.0006299623055383563
prefill_full_layer,official_fused_rope,16,64,,3,0,1.0606253830095131,1.0402497007615037,0.9985549841076136,1.0615687351673841,0.02948513213988334,0.23231833862761653,0.780960985519302,0.00390625,0.03125,0.00010319105058442801,0.0005808034329675138
prefill_full_layer,official_fused_rope,2,1,,3,0,0.912060650686423,0.9354464451058043,0.9084139795353016,0.9858647050956885,0.03568216415266661,0.15918134401241935,0.8254706593332161,0.0,0.0,0.0,0.0
prefill_full_layer,official_fused_rope,2,1024,,3,0,1.118978951126337,1.121025661834412,1.0830786389609177,1.1610193954159815,0.03185207630844814,-0.0563270878046751,1.050337933298904,0.0052490234375,0.01953125,0.00013084047532174736,0.0006339095416478813
prefill_full_layer,official_fused_rope,2,128,,3,0,1.0214416154970725,1.012889202684164,0.9192673023790121,1.0979586901764076,0.07320068689081906,0.2349752467125653,0.7699572416596543,0.001953125,0.0234375,0.00011314656876493245,0.0006123136845417321
prefill_full_layer,official_fused_rope,2,16,,3,0,1.0233549401164055,1.0443540910879772,1.013931663086017,1.0957756700615089,0.036563493866571685,0.20708826680978143,0.7976378881932935,0.001953125,0.015625,7.946992263896391e-05,0.0004777701396960765
prefill_full_layer,official_fused_rope,2,256,,3,0,1.0001846433927615,1.0067915492173698,0.9292376538117727,1.0909523504475753,0.06618483804434291,0.17635462184747053,0.8236779348568563,0.00390625,0.015625,0.00012147348752478138,0.0006243609823286533
prefill_full_layer,official_fused_rope,2,32,,3,0,1.0086546341578166,1.0150025288263957,0.9168706213434538,1.1194823309779167,0.08283758424488454,0.20318827591836464,0.7985551555136431,0.001953125,0.03125,9.190885612042621e-05,0.0005467233713716269
prefill_full_layer,official_fused_rope,2,512,,3,0,1.0113116974631946,0.9913414509760009,0.9465476808448633,1.0161649746199448,0.031735888798130475,0.18923170864582073,0.8128848809714202,0.00390625,0.0234375,0.00012694942415691912,0.0006281641544774175
prefill_full_layer,official_fused_rope,2,64,,3,0,0.9835779977341493,1.0048892193784318,0.9167406242340803,1.1143490361670654,0.08206865923378982,0.1856583791474502,0.8112418338198414,0.001953125,0.03125,0.00010261627176078036,0.0005843056133016944
prefill_full_layer,official_fused_rope,32,1,,3,0,0.9531843631217877,0.9436353316737546,0.8932736236602068,0.9844480082392693,0.03782926646605191,0.18995837308466434,0.8007118240352485,0.0,0.0,0.0,0.0
prefill_full_layer,official_fused_rope,32,1024,,3,0,15.612176697080335,15.613592255653607,15.58136303598682,15.647237033893665,0.02691156820171737,-1.6741366901745405,1.1072327531680848,0.00927734375,0.0390625,0.00013104065146762878,0.0006342068663798273
prefill_full_layer,official_fused_rope,32,128,,3,0,1.6427099859962861,1.6425899747345183,1.6382699832320213,1.6467899549752474,0.0034792989383452834,0.03826369841893529,0.9767069666921585,0.00390625,0.03125,0.00011374575842637569,0.0006114323623478413
prefill_full_layer,official_fused_rope,32,16,,3,0,1.505892335747679,1.5099666909211211,1.5021120198071003,1.521895717208584,0.008575117036242516,0.6855456934620936,0.5447578308301048,0.00390625,0.03125,7.956077752169222e-05,0.0004922786611132324
prefill_full_layer,official_fused_rope,32,256,,3,0,2.869133371859789,2.858030894357297,2.8261926490813494,2.878766662130753,0.022853963435251506,-0.05517364479601383,1.019230073212055,0.00390625,0.03125,0.00012158085883129388,0.0006260426598601043
prefill_full_layer,official_fused_rope,32,32,,3,0,1.5038523512581985,1.5062322426173422,1.493975364913543,1.5208690116802852,0.011107504108021487,0.6319320139785608,0.5797911853182564,0.00390625,0.03125,9.185192175209522e-05,0.0005434923805296421
prefill_full_layer,official_fused_rope,32,512,,3,0,6.716487696394324,6.71327869511313,6.650597012291352,6.772751376653711,0.049920907110548564,-0.6300519841412706,1.0938067651757193,0.00482177734375,0.03515625,0.0001273815578315407,0.0006328376475721598
prefill_full_layer,official_fused_rope,32,64,,3,0,1.344154356047511,1.3426132500171661,1.3347443503638108,1.3489410436401765,0.005897331647639538,0.268399016931653,0.8003212832483905,0.00390625,0.03125,0.00010405776993138716,0.0005804667016491294
prefill_full_layer,official_fused_rope,4,1,,3,0,0.8701236608127753,0.8705104442520274,0.8382803450028101,0.9031273269404968,0.026475082218044513,0.15734803552428878,0.8191658926073665,0.0,0.0,0.0,0.0
prefill_full_layer,official_fused_rope,4,1024,,3,0,1.6575999713192384,1.6574289960165818,1.6520966310054064,1.6625903857251008,0.004285762977181224,-0.16177135209242488,1.0975937227868529,0.00390625,0.03125,0.00013097333430778235,0.0006334475474432111
prefill_full_layer,official_fused_rope,4,128,,3,0,1.003268330047528,1.0078104678541422,1.0006746742874384,1.0194883992274602,0.008325155590954621,0.2002383116632701,0.8004140012534989,0.001953125,0.03125,0.00011252302647335455,0.0006058064172975719
prefill_full_layer,official_fused_rope,4,16,,3,0,1.0134879654894273,0.9914168881045448,0.9360410428295532,1.0247216559946537,0.03942429141643219,0.2211812728395065,0.7817623095971395,0.001953125,0.015625,7.85472002462484e-05,0.0004948736168444157
prefill_full_layer,official_fused_rope,4,256,,3,0,1.0123016933600109,1.0259119121150837,0.9468080631146828,1.1186259798705578,0.07080149560803972,0.19315172297259176,0.8091954955330692,0.001953125,0.03125,0.0001211734488606453,0.0006290158489719033
prefill_full_layer,official_fused_rope,4,32,,3,0,1.008181677510341,0.9847069935252268,0.9316276603688797,1.01431164269646,0.03761609429076542,0.19770495903988672,0.8038994722378707,0.001953125,0.015625,9.342467092210427e-05,0.0005402707029134035
prefill_full_layer,official_fused_rope,4,512,,3,0,1.0920856924106677,1.0848777730845742,1.069065338621537,1.0934822882215183,0.011195607254651546,0.01597008667886257,0.9853765260456712,0.00390625,0.03125,0.0001278694107895717,0.0006294889026321471
prefill_full_layer,official_fused_rope,4,64,,3,0,1.0142349638044834,0.9873957476682134,0.9272942940394083,1.0206579851607482,0.042578964658285645,0.22626194792489207,0.7769136777969438,0.00390625,0.015625,0.00010319243301637471,0.0005832157330587506
prefill_full_layer,official_fused_rope,64,1,,3,0,0.9766546233246723,0.9825991000980139,0.9659343243887027,1.0052083525806665,0.016575381859601092,0.2533552857736746,0.7405886587510159,0.0,0.0,0.0,0.0
prefill_full_layer,official_fused_rope,64,1024,,3,0,30.594215029850602,30.6003470129023,30.591854670395453,30.614971338460844,0.01038575940799386,-3.6169722831497566,1.11822405901314,0.005859375,0.03515625,0.000131185122882016,0.0006339553510770202
prefill_full_layer,official_fused_rope,64,128,,3,0,3.107491647824645,3.1090307877295547,3.080058377236128,3.139542338127891,0.02430860087264544,0.1751476277907691,0.943636975528678,0.00390625,0.03125,0.0001134015983552672,0.0006100820610299706
prefill_full_layer,official_fused_rope,64,16,,3,0,2.3231753148138523,2.3207689066314034,2.3150856917103133,2.324045713370045,0.004034319214864149,1.4324612760295472,0.383403711766658,0.00390625,0.03125,7.928576087579131e-05,0.0004888697294518352
prefill_full_layer,official_fused_rope,64,256,,3,0,6.761368286485474,6.76131263996164,6.7285179781417055,6.794051655257742,0.026754040585662817,-0.3949464298784733,1.058412204918328,0.0048828125,0.03125,0.00012153027637396008,0.0006260330555960536
prefill_full_layer,official_fused_rope,64,32,,3,0,2.55729405519863,2.556055137473676,2.5523239746689796,2.5585473825534186,0.0026874882041202034,1.3331740628927948,0.47867783910785155,0.00390625,0.03125,9.178064647130668e-05,0.000541375542525202
prefill_full_layer,official_fused_rope,64,512,,3,0,14.705379338314136,14.706484766470062,14.699399005621672,14.714675955474377,0.0062855802042691275,-1.8003210425376874,1.1224260184738684,0.0078125,0.03125,0.0001271109067602083,0.000632213952485472
prefill_full_layer,official_fused_rope,64,64,,3,0,2.286845352500677,2.286868454474542,2.2806316458930573,2.2931283650298915,0.005101790376728972,0.5618912788728874,0.7542941509978117,0.00390625,0.03125,0.00010291188664268702,0.0005837730132043362
prefill_full_layer,official_fused_rope,8,1,,3,0,0.9082306642085314,0.9047863228867451,0.8917540156592926,0.9143742887924114,0.009550455643927782,0.1449609796206156,0.8403918901516715,0.0,0.0,0.0,0.0
prefill_full_layer,official_fused_rope,8,1024,,3,0,3.033244671920935,3.033451192701856,3.0146376229822636,3.05247128320237,0.015446217434209864,-0.18253130838274956,1.0601769155229912,0.00439453125,0.03125,0.00013099369243718684,0.0006343236891552806
prefill_full_layer,official_fused_rope,8,128,,3,0,1.014665002003312,1.0084948864661984,0.9688713277379671,1.0419483296573162,0.030150896025227678,0.22378199112912023,0.7794523407358148,0.00390625,0.03125,0.0001128683434217237,0.0006076968857087195
prefill_full_layer,official_fused_rope,8,16,,3,0,1.0263982694596052,1.0281127308391862,1.0243482732524474,1.033591649805506,0.003963545205323513,0.2310152631253004,0.774926293234176,0.00390625,0.03125,7.991110032889992e-05,0.0005003183614462614
prefill_full_layer,official_fused_rope,8,256,,3,0,1.051268617932995,1.0510729884521828,1.0351983364671469,1.0667520109564066,0.012882476382379854,0.011496944352984428,0.9890637424566238,0.00390625,0.03125,0.0001222004066221416,0.0006256611086428165
prefill_full_layer,official_fused_rope,8,32,,3,0,1.0356386968245108,1.019812784054213,0.9727143527319034,1.051085302606225,0.033895388892991145,0.2399024087935685,0.7683531819261288,0.00390625,0.015625,9.219814091920853e-05,0.000528306292835623
prefill_full_layer,official_fused_rope,8,512,,3,0,1.5363890367249649,1.5373279392305348,1.531432382762432,1.5441623982042074,0.005239241466929074,-0.14132463062802936,1.0919849252044151,0.00390625,0.03515625,0.00012715207412838936,0.0006309153977781534
prefill_full_layer,official_fused_rope,8,64,,3,0,1.0011613679428895,0.9976635790533489,0.977304686481754,1.0145246827354033,0.015394975925438857,0.1976313845564921,0.8025978719468869,0.001953125,0.03125,0.00010411183757241815,0.0005806246190331876
