{
  "mode": "serial",
  "role": "attention",
  "total_time_ms": 17076.023675501347,
  "batch_size": 32,
  "max_new_tokens": 20,
  "tokens_per_sec": 1.1712328572543282
}