{
  "mode": "serial",
  "role": "attention",
  "total_time_ms": 8008.888885378838,
  "batch_size": 4,
  "max_new_tokens": 20,
  "tokens_per_sec": 2.4972253063108836
}