{
  "mode": "serial",
  "role": "attention",
  "total_time_ms": 11134.991972707212,
  "batch_size": 8,
  "max_new_tokens": 20,
  "tokens_per_sec": 1.796139597497839
}