{
  "mode": "serial",
  "role": "attention",
  "total_time_ms": 11539.8637233302,
  "batch_size": 8,
  "max_new_tokens": 20,
  "tokens_per_sec": 1.7331227196007437
}