{
  "mode": "serial",
  "role": "attention",
  "total_time_ms": 25697.758430615067,
  "batch_size": 128,
  "max_new_tokens": 20,
  "tokens_per_sec": 0.7782779986044607
}