{
  "mode": "serial",
  "role": "attention",
  "total_time_ms": 20477.597656659782,
  "batch_size": 64,
  "max_new_tokens": 20,
  "tokens_per_sec": 0.9766770660959609
}