{
  "mode": "serial",
  "role": "attention",
  "total_time_ms": 9095.501174218953,
  "batch_size": 64,
  "max_new_tokens": 20,
  "tokens_per_sec": 2.1988892768976456
}