{
  "mode": "serial",
  "role": "attention",
  "total_time_ms": 7323.824119754136,
  "batch_size": 4,
  "max_new_tokens": 20,
  "tokens_per_sec": 2.730813803413866
}