{
  "mode": "serial",
  "role": "attention",
  "total_time_ms": 8560.233096592128,
  "batch_size": 4,
  "max_new_tokens": 20,
  "tokens_per_sec": 2.3363849762411375
}