{
  "mode": "serial",
  "role": "attention",
  "total_time_ms": 7726.618714630604,
  "batch_size": 2,
  "max_new_tokens": 20,
  "tokens_per_sec": 2.5884543729496254
}