{
  "mode": "serial",
  "role": "attention",
  "total_time_ms": 10674.776556901634,
  "batch_size": 128,
  "max_new_tokens": 20,
  "tokens_per_sec": 1.8735755163951668
}