{
  "mode": "serial",
  "role": "attention",
  "total_time_ms": 24329.959246329963,
  "batch_size": 96,
  "max_new_tokens": 20,
  "tokens_per_sec": 0.8220317920596963
}