{
  "mode": "serial",
  "role": "attention",
  "total_time_ms": 6261.429904960096,
  "batch_size": 2,
  "max_new_tokens": 20,
  "tokens_per_sec": 3.194158571376271
}