{
  "mode": "serial",
  "role": "attention",
  "total_time_ms": 8017.798813991249,
  "batch_size": 4,
  "max_new_tokens": 20,
  "tokens_per_sec": 2.4944502180697685
}