{
  "mode": "serial",
  "role": "attention",
  "total_time_ms": 14075.33879391849,
  "batch_size": 16,
  "max_new_tokens": 20,
  "tokens_per_sec": 1.4209249448859709
}