size_mib_requested,tensor_mib,tensor_bytes,sender_enqueue_mean_ms,sender_completion_mean_ms,receiver_wait_mean_ms,blocking_send_mean_ms,blocking_recv_mean_ms,completion_bandwidth_mib_s
0.004,0.0039997100830078125,4194,0.17042336985468864,0.19021624699234962,0.17763780429959297,0.2718079462647438,0.12283580377697945,21.027173789043783
0.031,0.031000137329101562,32506,0.18694551661610603,0.20963601768016815,0.09772386401891708,0.2588004991412163,0.11961318552494049,147.87600753033297
1.0,1.0,1048576,0.23621736094355583,0.2590498887002468,0.0763143040239811,0.25063183158636093,0.07202340289950371,3860.2602958734537
16.0,16.0,16777216,0.2145765721797943,0.23733137175440788,0.09608134627342224,0.22330204024910927,0.10869601741433144,67416.28753807106
32.0,32.0,33554432,0.21252000704407692,0.23531410843133926,0.08817257359623909,0.2458522468805313,0.08278485387563705,135988.4463082972
