{
  "meta": {
    "backend": "cuda",
    "dist_backend": "nccl",
    "dtype": "float16",
    "warmup": 5,
    "iters": 50,
    "sender_delay_ms": 1.0,
    "world_size": 2,
    "note": "sender_completion_ms is isend start -> Work.wait completion. It includes real data movement plus queueing/receiver-readiness/scheduling overhead."
  },
  "results": [
    {
      "size_mib_requested": 0.004,
      "tensor_bytes": 4194,
      "tensor_mib": 0.0039997100830078125,
      "sender_enqueue_ms": {
        "mean": 0.17042336985468864,
        "median": 0.16124360263347626,
        "p95": 0.204344280064106,
        "min": 0.1553921028971672,
        "max": 0.3347378224134445
      },
      "sender_completion_ms": {
        "mean": 0.19021624699234962,
        "median": 0.180067028850317,
        "p95": 0.22744517773389816,
        "min": 0.17424486577510834,
        "max": 0.36892853677272797
      },
      "receiver_wait_ms": {
        "mean": 0.17763780429959297,
        "median": 0.1665703020989895,
        "p95": 0.23879609070718288,
        "min": 0.10796543210744858,
        "max": 0.3045788034796715
      },
      "completion_bandwidth_mib_s": 21.027173789043783,
      "blocking_send_ms": {
        "mean": 0.2718079462647438,
        "median": 0.2210410311818123,
        "p95": 0.24198698811233044,
        "min": 0.2156384289264679,
        "max": 2.604423090815544
      },
      "blocking_recv_ms": {
        "mean": 0.12283580377697945,
        "median": 0.07278192788362503,
        "p95": 0.10682744905352592,
        "min": 0.06923824548721313,
        "max": 2.312537282705307
      }
    },
    {
      "size_mib_requested": 0.031,
      "tensor_bytes": 32506,
      "tensor_mib": 0.031000137329101562,
      "sender_enqueue_ms": {
        "mean": 0.18694551661610603,
        "median": 0.18470361828804016,
        "p95": 0.20164912566542625,
        "min": 0.1761261373758316,
        "max": 0.21439790725708008
      },
      "sender_completion_ms": {
        "mean": 0.20963601768016815,
        "median": 0.20724069327116013,
        "p95": 0.22448934614658356,
        "min": 0.1988038420677185,
        "max": 0.23721158504486084
      },
      "receiver_wait_ms": {
        "mean": 0.09772386401891708,
        "median": 0.0751027837395668,
        "p95": 0.08233105763792992,
        "min": 0.06732530891895294,
        "max": 1.1800043284893036
      },
      "completion_bandwidth_mib_s": 147.87600753033297,
      "blocking_send_ms": {
        "mean": 0.2588004991412163,
        "median": 0.21948106586933136,
        "p95": 0.2307863440364599,
        "min": 0.21727848798036575,
        "max": 2.132621593773365
      },
      "blocking_recv_ms": {
        "mean": 0.11961318552494049,
        "median": 0.07118238136172295,
        "p95": 0.07568248547613621,
        "min": 0.0695185735821724,
        "max": 2.4754609912633896
      }
    },
    {
      "size_mib_requested": 1.0,
      "tensor_bytes": 1048576,
      "tensor_mib": 1.0,
      "sender_enqueue_ms": {
        "mean": 0.23621736094355583,
        "median": 0.18600188195705414,
        "p95": 0.2110564615577459,
        "min": 0.1760236918926239,
        "max": 2.596519887447357
      },
      "sender_completion_ms": {
        "mean": 0.2590498887002468,
        "median": 0.20873919129371643,
        "p95": 0.23431973531842232,
        "min": 0.1986166462302208,
        "max": 2.620115876197815
      },
      "receiver_wait_ms": {
        "mean": 0.0763143040239811,
        "median": 0.07519638165831566,
        "p95": 0.08149719797074795,
        "min": 0.06792973726987839,
        "max": 0.09145215153694153
      },
      "completion_bandwidth_mib_s": 3860.2602958734537,
      "blocking_send_ms": {
        "mean": 0.25063183158636093,
        "median": 0.21951226517558098,
        "p95": 0.23423689417541027,
        "min": 0.2177804708480835,
        "max": 1.691092737019062
      },
      "blocking_recv_ms": {
        "mean": 0.07202340289950371,
        "median": 0.0715404748916626,
        "p95": 0.07575005292892456,
        "min": 0.0697355717420578,
        "max": 0.07974356412887573
      }
    },
    {
      "size_mib_requested": 16.0,
      "tensor_bytes": 16777216,
      "tensor_mib": 16.0,
      "sender_enqueue_ms": {
        "mean": 0.2145765721797943,
        "median": 0.1864815130829811,
        "p95": 0.20262538455426693,
        "min": 0.17580576241016388,
        "max": 1.5306007117033005
      },
      "sender_completion_ms": {
        "mean": 0.23733137175440788,
        "median": 0.20908471196889877,
        "p95": 0.22562360391020775,
        "min": 0.19838940352201462,
        "max": 1.554042100906372
      },
      "receiver_wait_ms": {
        "mean": 0.09608134627342224,
        "median": 0.0752350315451622,
        "p95": 0.07986784912645817,
        "min": 0.06781797856092453,
        "max": 1.1127814650535583
      },
      "completion_bandwidth_mib_s": 67416.28753807106,
      "blocking_send_ms": {
        "mean": 0.22330204024910927,
        "median": 0.22256793454289436,
        "p95": 0.22768243215978146,
        "min": 0.21934974938631058,
        "max": 0.24001486599445343
      },
      "blocking_recv_ms": {
        "mean": 0.10869601741433144,
        "median": 0.07109949365258217,
        "p95": 0.07480345666408539,
        "min": 0.07000938057899475,
        "max": 1.9279047846794128
      }
    },
    {
      "size_mib_requested": 32.0,
      "tensor_bytes": 33554432,
      "tensor_mib": 32.0,
      "sender_enqueue_ms": {
        "mean": 0.21252000704407692,
        "median": 0.1873178407549858,
        "p95": 0.19642403349280355,
        "min": 0.18161628395318985,
        "max": 1.4089234173297882
      },
      "sender_completion_ms": {
        "mean": 0.23531410843133926,
        "median": 0.21012639626860619,
        "p95": 0.21950183436274526,
        "min": 0.20430609583854675,
        "max": 1.4335978776216507
      },
      "receiver_wait_ms": {
        "mean": 0.08817257359623909,
        "median": 0.075523741543293,
        "p95": 0.08181743323802948,
        "min": 0.06970111280679703,
        "max": 0.6930362433195114
      },
      "completion_bandwidth_mib_s": 135988.4463082972,
      "blocking_send_ms": {
        "mean": 0.2458522468805313,
        "median": 0.22413209080696106,
        "p95": 0.2546973526477813,
        "min": 0.21961145102977753,
        "max": 1.1524977162480354
      },
      "blocking_recv_ms": {
        "mean": 0.08278485387563705,
        "median": 0.0724131241440773,
        "p95": 0.08276551961898804,
        "min": 0.06988458335399628,
        "max": 0.4388149827718735
      }
    }
  ]
}