{
  "mode": "serial",
  "role": "attention",
  "total_time_ms": 21735.92833057046,
  "prefill_ms": 1934.6787482500076,
  "decode_loop_ms": 19372.416822239757,
  "decode_steps": 19,
  "decode_tpot_ms": 1019.6008853810398,
  "batch_size": 128,
  "max_new_tokens": 20,
  "tokens_per_sec": 0.9201355330138365
}