{
  "mode": "serial",
  "role": "attention",
  "total_time_ms": 11012.704160064459,
  "prefill_ms": 1808.415912091732,
  "decode_loop_ms": 9083.617826923728,
  "decode_steps": 19,
  "decode_tpot_ms": 478.08514878545935,
  "batch_size": 16,
  "max_new_tokens": 20,
  "tokens_per_sec": 1.816084379395781
}