{
  "mode": "serial",
  "role": "attention",
  "total_time_ms": 11503.55976819992,
  "prefill_ms": 1827.0065654069185,
  "decode_loop_ms": 9555.07424287498,
  "decode_steps": 19,
  "decode_tpot_ms": 502.89864436184104,
  "batch_size": 16,
  "max_new_tokens": 20,
  "tokens_per_sec": 1.7385922621350107
}