{
  "mode": "serial",
  "role": "attention",
  "total_time_ms": 32764.425756409764,
  "prefill_ms": 2117.754492908716,
  "decode_loop_ms": 29844.17651966214,
  "decode_steps": 19,
  "decode_tpot_ms": 1570.746132613797,
  "batch_size": 256,
  "max_new_tokens": 20,
  "tokens_per_sec": 0.6104181452375177
}