{
  "mode": "serial",
  "role": "attention",
  "total_time_ms": 6143.536036834121,
  "prefill_ms": 1796.9994060695171,
  "decode_loop_ms": 4254.843549802899,
  "decode_steps": 19,
  "decode_tpot_ms": 223.9391342001526,
  "batch_size": 2,
  "max_new_tokens": 20,
  "tokens_per_sec": 3.2554541684281184
}