{
  "mode": "serial",
  "role": "attention",
  "total_time_ms": 13543.813729658723,
  "prefill_ms": 1834.464157000184,
  "decode_loop_ms": 11554.268913343549,
  "decode_steps": 19,
  "decode_tpot_ms": 608.1194164917657,
  "batch_size": 32,
  "max_new_tokens": 20,
  "tokens_per_sec": 1.4766889444295364
}