{
  "mode": "serial",
  "role": "attention",
  "total_time_ms": 6752.003056928515,
  "prefill_ms": 1854.2805649340153,
  "decode_loop_ms": 4802.310451865196,
  "decode_steps": 19,
  "decode_tpot_ms": 252.75318167711558,
  "batch_size": 4,
  "max_new_tokens": 20,
  "tokens_per_sec": 2.9620839669906776
}