{
  "mode": "serial",
  "role": "attention",
  "total_time_ms": 7199.9041475355625,
  "prefill_ms": 2077.599488198757,
  "decode_loop_ms": 5025.210412219167,
  "decode_steps": 19,
  "decode_tpot_ms": 264.4847585378509,
  "batch_size": 4,
  "max_new_tokens": 20,
  "tokens_per_sec": 2.7778147583875477
}