{
  "mode": "serial",
  "role": "attention",
  "total_time_ms": 6660.438511520624,
  "prefill_ms": 1801.7953354865313,
  "decode_loop_ms": 4761.498628184199,
  "decode_steps": 19,
  "decode_tpot_ms": 250.60519095706312,
  "batch_size": 4,
  "max_new_tokens": 20,
  "tokens_per_sec": 3.0028052905834666
}