{
  "mode": "serial",
  "role": "attention",
  "total_time_ms": 50119.34397369623,
  "prefill_ms": 2473.3222164213657,
  "decode_loop_ms": 46110.651986673474,
  "decode_steps": 19,
  "decode_tpot_ms": 2426.8764203512355,
  "batch_size": 512,
  "max_new_tokens": 20,
  "tokens_per_sec": 0.3990475216614258
}