{
  "mode": "serial",
  "role": "attention",
  "total_time_ms": 15664.230663329363,
  "prefill_ms": 1796.942599117756,
  "decode_loop_ms": 13610.750632360578,
  "decode_steps": 19,
  "decode_tpot_ms": 716.3552964400304,
  "batch_size": 64,
  "max_new_tokens": 20,
  "tokens_per_sec": 1.276794272879348
}