{
  "mode": "serial",
  "role": "attention",
  "total_time_ms": 15975.569792091846,
  "prefill_ms": 1886.973412707448,
  "decode_loop_ms": 13826.994188129902,
  "decode_steps": 19,
  "decode_tpot_ms": 727.7365362173632,
  "batch_size": 64,
  "max_new_tokens": 20,
  "tokens_per_sec": 1.2519115286830214
}