{
  "mode": "serial",
  "role": "attention",
  "total_time_ms": 17133.84055159986,
  "prefill_ms": 1905.6641720235348,
  "decode_loop_ms": 14969.66235525906,
  "decode_steps": 19,
  "decode_tpot_ms": 787.8769660662664,
  "batch_size": 64,
  "max_new_tokens": 20,
  "tokens_per_sec": 1.1672806187129199
}