{
  "mode": "serial",
  "role": "attention",
  "total_time_ms": 17782.73195028305,
  "prefill_ms": 1840.622927993536,
  "decode_loop_ms": 15682.607328519225,
  "decode_steps": 19,
  "decode_tpot_ms": 825.4003857115382,
  "batch_size": 64,
  "max_new_tokens": 20,
  "tokens_per_sec": 1.1246865811122828
}