{
  "mode": "serial",
  "role": "attention",
  "total_time_ms": 9016.790414229035,
  "prefill_ms": 1842.2696609050035,
  "decode_loop_ms": 7071.650572121143,
  "decode_steps": 19,
  "decode_tpot_ms": 372.19213537479703,
  "batch_size": 8,
  "max_new_tokens": 20,
  "tokens_per_sec": 2.2180841609048385
}