{
  "mode": "serial",
  "role": "attention",
  "total_time_ms": 8707.135807722807,
  "prefill_ms": 1925.619026646018,
  "decode_loop_ms": 6678.201923146844,
  "decode_steps": 19,
  "decode_tpot_ms": 351.48431174457073,
  "batch_size": 8,
  "max_new_tokens": 20,
  "tokens_per_sec": 2.2969665848396406
}