{
  "mode": "serial",
  "role": "attention",
  "total_time_ms": 7301.563889719546,
  "batch_size": 4,
  "max_new_tokens": 20,
  "tokens_per_sec": 2.7391392175804414
}