{
  "mode": "serial",
  "role": "attention",
  "total_time_ms": 7618.451004847884,
  "batch_size": 16,
  "max_new_tokens": 20,
  "tokens_per_sec": 2.6252055683331568
}