{
  "mode": "serial",
  "role": "attention",
  "total_time_ms": 7454.259742051363,
  "batch_size": 8,
  "max_new_tokens": 20,
  "tokens_per_sec": 2.683029662512958
}