{
  "mode": "serial",
  "role": "attention",
  "total_time_ms": 7337.97490503639,
  "batch_size": 2,
  "max_new_tokens": 20,
  "tokens_per_sec": 2.7255476148157824
}