{
  "mode": "serial",
  "role": "attention",
  "total_time_ms": 8337.449097074568,
  "batch_size": 32,
  "max_new_tokens": 20,
  "tokens_per_sec": 2.3988152451830347
}