{
  "mode": "serial",
  "role": "attention",
  "total_time_ms": 10444.359458982944,
  "batch_size": 16,
  "max_new_tokens": 20,
  "tokens_per_sec": 1.914909198457209,
  "prefill_ms": 614.9280797690153,
  "decode_step_ms": 491.47156896069646
}
