{
  "mode": "serial",
  "role": "attention",
  "total_time_ms": 31881.785836070776,
  "batch_size": 256,
  "max_new_tokens": 20,
  "tokens_per_sec": 0.6273174314273253
}