{
  "mode": "serial",
  "role": "attention",
  "total_time_ms": 6116.973390802741,
  "batch_size": 2,
  "max_new_tokens": 20,
  "tokens_per_sec": 3.269590812683814
}