{
  "mode": "serial",
  "role": "attention",
  "total_time_ms": 6347.856232896447,
  "batch_size": 2,
  "max_new_tokens": 20,
  "tokens_per_sec": 3.1506699689186646
}