{
  "mode": "serial",
  "role": "attention",
  "total_time_ms": 6848.015710711479,
  "batch_size": 2,
  "max_new_tokens": 20,
  "tokens_per_sec": 2.920554047315713,
  "prefill_ms": 469.53536570072174,
  "decode_step_ms": 318.9240172505379
}
