{
  "mode": "serial",
  "role": "attention",
  "total_time_ms": 13379.318797960877,
  "batch_size": 32,
  "max_new_tokens": 20,
  "tokens_per_sec": 1.4948444163725414
}