{
  "mode": "serial",
  "role": "attention",
  "total_time_ms": 47540.81019945443,
  "batch_size": 512,
  "max_new_tokens": 20,
  "tokens_per_sec": 0.42069118965560914
}