{
  "meta": {
    "backend": "npu",
    "dist_backend": "hccl",
    "dtype": "float16",
    "warmup": 5,
    "iters": 50,
    "sender_delay_ms": 1.0,
    "world_size": 2,
    "note": "sender_completion_ms is isend start -> Work.wait completion. It includes real data movement plus queueing/receiver-readiness/scheduling overhead."
  },
  "results": [
    {
      "size_mib_requested": 0.004,
      "tensor_bytes": 4194,
      "tensor_mib": 0.0039997100830078125,
      "sender_enqueue_ms": {
        "mean": 0.05803879350423813,
        "median": 0.05713570863008499,
        "p95": 0.06343945860862732,
        "min": 0.051040202379226685,
        "max": 0.08588097989559174
      },
      "sender_completion_ms": {
        "mean": 0.06132829934358597,
        "median": 0.060276128351688385,
        "p95": 0.06656553596258162,
        "min": 0.0540614128112793,
        "max": 0.09170174598693848
      },
      "receiver_wait_ms": {
        "mean": 0.06065208464860916,
        "median": 0.06004050374031067,
        "p95": 0.06679380312561989,
        "min": 0.053860247135162354,
        "max": 0.08458085358142853
      },
      "completion_bandwidth_mib_s": 65.21801722561744,
      "blocking_send_ms": {
        "mean": 0.0636523962020874,
        "median": 0.06317999213933945,
        "p95": 0.06771059706807137,
        "min": 0.055558979511260986,
        "max": 0.08775852620601654
      },
      "blocking_recv_ms": {
        "mean": 0.057048797607421875,
        "median": 0.05630217492580414,
        "p95": 0.06461590528488158,
        "min": 0.04856102168560028,
        "max": 0.08130073547363281
      }
    },
    {
      "size_mib_requested": 0.031,
      "tensor_bytes": 32506,
      "tensor_mib": 0.031000137329101562,
      "sender_enqueue_ms": {
        "mean": 0.05495842546224594,
        "median": 0.054241158068180084,
        "p95": 0.05968185141682625,
        "min": 0.04613213241100311,
        "max": 0.06281957030296326
      },
      "sender_completion_ms": {
        "mean": 0.058108046650886536,
        "median": 0.05751568824052811,
        "p95": 0.06282366812229156,
        "min": 0.04974007606506348,
        "max": 0.06591901183128357
      },
      "receiver_wait_ms": {
        "mean": 0.06004665046930313,
        "median": 0.05995947867631912,
        "p95": 0.06418898701667786,
        "min": 0.052830204367637634,
        "max": 0.07039867341518402
      },
      "completion_bandwidth_mib_s": 533.4912996706042,
      "blocking_send_ms": {
        "mean": 0.06135672330856323,
        "median": 0.06079021841287613,
        "p95": 0.06651738658547401,
        "min": 0.05430728197097778,
        "max": 0.06910227239131927
      },
      "blocking_recv_ms": {
        "mean": 0.05916468799114227,
        "median": 0.05814153701066971,
        "p95": 0.06548361852765082,
        "min": 0.05094707012176514,
        "max": 0.0764206051826477
      }
    },
    {
      "size_mib_requested": 1.0,
      "tensor_bytes": 1048576,
      "tensor_mib": 1.0,
      "sender_enqueue_ms": {
        "mean": 0.09214162826538086,
        "median": 0.04444550722837448,
        "p95": 0.05243886262178421,
        "min": 0.03861077129840851,
        "max": 2.400549128651619
      },
      "sender_completion_ms": {
        "mean": 0.0973186269402504,
        "median": 0.050416216254234314,
        "p95": 0.05859294906258582,
        "min": 0.04177168011665344,
        "max": 2.405596897006035
      },
      "receiver_wait_ms": {
        "mean": 0.058483146131038666,
        "median": 0.05827657878398895,
        "p95": 0.06287358701229095,
        "min": 0.04505366086959839,
        "max": 0.06434135138988495
      },
      "completion_bandwidth_mib_s": 10275.525163481381,
      "blocking_send_ms": {
        "mean": 0.05357082933187485,
        "median": 0.05326978862285614,
        "p95": 0.05639353767037392,
        "min": 0.050220638513565063,
        "max": 0.05961023271083832
      },
      "blocking_recv_ms": {
        "mean": 0.0430433452129364,
        "median": 0.04297960549592972,
        "p95": 0.04520481452345848,
        "min": 0.041332095861434937,
        "max": 0.046370550990104675
      }
    },
    {
      "size_mib_requested": 16.0,
      "tensor_bytes": 16777216,
      "tensor_mib": 16.0,
      "sender_enqueue_ms": {
        "mean": 0.04749353975057602,
        "median": 0.04776474088430405,
        "p95": 0.051216501742601395,
        "min": 0.041171908378601074,
        "max": 0.06290152668952942
      },
      "sender_completion_ms": {
        "mean": 0.05085345357656479,
        "median": 0.050759874284267426,
        "p95": 0.054679904133081436,
        "min": 0.044440850615501404,
        "max": 0.06655044853687286
      },
      "receiver_wait_ms": {
        "mean": 0.044634491205215454,
        "median": 0.04428531974554062,
        "p95": 0.04642000421881676,
        "min": 0.03826804459095001,
        "max": 0.06295926868915558
      },
      "completion_bandwidth_mib_s": 314629.5654416165,
      "blocking_send_ms": {
        "mean": 0.05275063216686249,
        "median": 0.052099116146564484,
        "p95": 0.05820570513606071,
        "min": 0.049870461225509644,
        "max": 0.06047077476978302
      },
      "blocking_recv_ms": {
        "mean": 0.043953582644462585,
        "median": 0.04393048584461212,
        "p95": 0.04539377987384796,
        "min": 0.04186108708381653,
        "max": 0.046329572796821594
      }
    },
    {
      "size_mib_requested": 32.0,
      "tensor_bytes": 33554432,
      "tensor_mib": 32.0,
      "sender_enqueue_ms": {
        "mean": 0.043895281851291656,
        "median": 0.04390440881252289,
        "p95": 0.047537777572870255,
        "min": 0.03945082426071167,
        "max": 0.05912967026233673
      },
      "sender_completion_ms": {
        "mean": 0.04705272614955902,
        "median": 0.04708394408226013,
        "p95": 0.05073724314570427,
        "min": 0.0429004430770874,
        "max": 0.062288716435432434
      },
      "receiver_wait_ms": {
        "mean": 0.04513464868068695,
        "median": 0.04494469612836838,
        "p95": 0.04739388823509216,
        "min": 0.03961101174354553,
        "max": 0.05519203841686249
      },
      "completion_bandwidth_mib_s": 680088.1185563337,
      "blocking_send_ms": {
        "mean": 0.05155190825462341,
        "median": 0.05145557224750519,
        "p95": 0.0544167123734951,
        "min": 0.04756078124046326,
        "max": 0.05494058132171631
      },
      "blocking_recv_ms": {
        "mean": 0.04429422318935394,
        "median": 0.044223852455616,
        "p95": 0.04677632823586464,
        "min": 0.04180707037448883,
        "max": 0.04834868013858795
      }
    }
  ]
}