{
  "mode": "serial",
  "role": "ffn_expert",
  "total_time_ms": 4516.968816518784,
  "prefill_ms": 3590.391179546714,
  "decode_loop_ms": 921.4811064302921,
  "decode_steps": 7,
  "decode_tpot_ms": 131.64015806147032,
  "batch_size": 4,
  "prefill_seq_len": 2048,
  "actual_prompt_len": 2048,
  "max_new_tokens": 8,
  "tokens_per_sec": 0
}