{
  "mode": "serial",
  "role": "ffn_expert",
  "total_time_ms": 9031.620716676116,
  "prefill_ms": 6895.901577547193,
  "decode_loop_ms": 2127.0051151514053,
  "decode_steps": 7,
  "decode_tpot_ms": 303.8578735930579,
  "batch_size": 256,
  "prefill_seq_len": 256,
  "actual_prompt_len": 256,
  "max_new_tokens": 8,
  "tokens_per_sec": 0
}