{
  "mode": "serial",
  "role": "ffn_expert",
  "total_time_ms": 5173.795500770211,
  "prefill_ms": 3870.464088395238,
  "decode_loop_ms": 1297.2809541970491,
  "decode_steps": 7,
  "decode_tpot_ms": 185.32585059957844,
  "batch_size": 128,
  "prefill_seq_len": 128,
  "actual_prompt_len": 128,
  "max_new_tokens": 8,
  "tokens_per_sec": 0
}