{
  "mode": "serial",
  "role": "attention",
  "total_time_ms": 6624.75436553359,
  "prefill_ms": 5198.246030136943,
  "decode_loop_ms": 1422.2546108067036,
  "decode_steps": 7,
  "decode_tpot_ms": 203.17923011524337,
  "batch_size": 16,
  "prefill_seq_len": 2048,
  "actual_prompt_len": 2048,
  "max_new_tokens": 8,
  "tokens_per_sec": 1.2075919435777662,
  "correctness_tokens": [
    2,
    198,
    198,
    27
  ],
  "correctness_mode": "decode"
}