{
  "mode": "serial",
  "role": "ffn_expert",
  "total_time_ms": 4591.300841420889,
  "prefill_ms": 3442.8453501313925,
  "decode_loop_ms": 1143.48285458982,
  "decode_steps": 7,
  "decode_tpot_ms": 163.3546935128314,
  "batch_size": 64,
  "prefill_seq_len": 128,
  "actual_prompt_len": 128,
  "max_new_tokens": 8,
  "tokens_per_sec": 0
}