{
  "mode": "serial",
  "role": "ffn_coordinator",
  "total_time_ms": 5046.912455931306,
  "prefill_ms": 3983.686016872525,
  "decode_loop_ms": 1058.2444090396166,
  "decode_steps": 7,
  "decode_tpot_ms": 151.17777271994524,
  "batch_size": 8,
  "prefill_seq_len": 2048,
  "actual_prompt_len": 2048,
  "max_new_tokens": 8,
  "tokens_per_sec": 0
}