{
  "mode": "serial",
  "role": "ffn_expert",
  "total_time_ms": 4530.269380658865,
  "prefill_ms": 3502.008832991123,
  "decode_loop_ms": 1022.4819369614124,
  "decode_steps": 7,
  "decode_tpot_ms": 146.06884813734465,
  "batch_size": 8,
  "prefill_seq_len": 1024,
  "actual_prompt_len": 1024,
  "max_new_tokens": 8,
  "tokens_per_sec": 0
}