{
  "mode": "serial",
  "role": "ffn_expert",
  "total_time_ms": 3415.9184228628874,
  "prefill_ms": 2510.8709651976824,
  "decode_loop_ms": 900.0443071126938,
  "decode_steps": 7,
  "decode_tpot_ms": 128.57775815895624,
  "batch_size": 4,
  "prefill_seq_len": 512,
  "actual_prompt_len": 512,
  "max_new_tokens": 8,
  "tokens_per_sec": 0
}