{
  "mode": "serial",
  "role": "ffn_expert",
  "total_time_ms": 4464.121403172612,
  "prefill_ms": 3364.463150501251,
  "decode_loop_ms": 1094.7068464010954,
  "decode_steps": 7,
  "decode_tpot_ms": 156.38669234301364,
  "batch_size": 8,
  "prefill_seq_len": 512,
  "actual_prompt_len": 512,
  "max_new_tokens": 8,
  "tokens_per_sec": 0
}