{
  "mode": "serial",
  "role": "ffn_expert",
  "total_time_ms": 25479.785215109587,
  "prefill_ms": 21184.05998311937,
  "decode_loop_ms": 4278.255436569452,
  "decode_steps": 7,
  "decode_tpot_ms": 611.1793480813503,
  "batch_size": 512,
  "prefill_seq_len": 512,
  "actual_prompt_len": 512,
  "max_new_tokens": 8,
  "tokens_per_sec": 0
}