{
  "mode": "serial",
  "role": "ffn_expert",
  "total_time_ms": 4641.949685290456,
  "prefill_ms": 3487.731045112014,
  "decode_loop_ms": 1148.9147152751684,
  "decode_steps": 7,
  "decode_tpot_ms": 164.13067361073834,
  "batch_size": 16,
  "prefill_seq_len": 512,
  "actual_prompt_len": 512,
  "max_new_tokens": 8,
  "tokens_per_sec": 0
}