{
  "mode": "serial",
  "role": "ffn_expert",
  "total_time_ms": 4591.318285092711,
  "prefill_ms": 3442.734317854047,
  "decode_loop_ms": 1143.4833649545908,
  "decode_steps": 7,
  "decode_tpot_ms": 163.3547664220844,
  "batch_size": 64,
  "prefill_seq_len": 128,
  "actual_prompt_len": 128,
  "max_new_tokens": 8,
  "tokens_per_sec": 0
}