{
  "mode": "serial",
  "role": "ffn_expert",
  "total_time_ms": 4161.848111078143,
  "prefill_ms": 3256.850542500615,
  "decode_loop_ms": 900.0046569854021,
  "decode_steps": 7,
  "decode_tpot_ms": 128.57209385505743,
  "batch_size": 4,
  "prefill_seq_len": 1024,
  "actual_prompt_len": 1024,
  "max_new_tokens": 8,
  "tokens_per_sec": 0
}