{
  "mode": "serial",
  "role": "ffn_coordinator",
  "total_time_ms": 4706.494994461536,
  "prefill_ms": 3579.157656058669,
  "decode_loop_ms": 1122.4517095834017,
  "decode_steps": 7,
  "decode_tpot_ms": 160.35024422620023,
  "batch_size": 32,
  "prefill_seq_len": 256,
  "actual_prompt_len": 256,
  "max_new_tokens": 8,
  "tokens_per_sec": 0
}