{
  "mode": "serial",
  "role": "ffn_expert",
  "total_time_ms": 5222.407544031739,
  "prefill_ms": 3959.6756231039762,
  "decode_loop_ms": 1256.7198853939772,
  "decode_steps": 7,
  "decode_tpot_ms": 179.5314121991396,
  "batch_size": 64,
  "prefill_seq_len": 256,
  "actual_prompt_len": 256,
  "max_new_tokens": 8,
  "tokens_per_sec": 0
}