{
  "mode": "serial",
  "role": "ffn_coordinator",
  "total_time_ms": 4245.019378140569,
  "prefill_ms": 3240.232555195689,
  "decode_loop_ms": 999.9303370714188,
  "decode_steps": 7,
  "decode_tpot_ms": 142.8471910102027,
  "batch_size": 32,
  "prefill_seq_len": 128,
  "actual_prompt_len": 128,
  "max_new_tokens": 8,
  "tokens_per_sec": 0
}