{
  "mode": "serial",
  "role": "ffn_expert",
  "total_time_ms": 9035.275870934129,
  "prefill_ms": 6998.223297297955,
  "decode_loop_ms": 2028.9315599948168,
  "decode_steps": 7,
  "decode_tpot_ms": 289.84736571354523,
  "batch_size": 128,
  "prefill_seq_len": 512,
  "actual_prompt_len": 512,
  "max_new_tokens": 8,
  "tokens_per_sec": 0
}