{
  "mode": "serial",
  "role": "attention",
  "total_time_ms": 3069.5907045155764,
  "prefill_ms": 2320.671321824193,
  "decode_loop_ms": 745.0726721435785,
  "decode_steps": 7,
  "decode_tpot_ms": 106.43895316336837,
  "batch_size": 2,
  "prefill_seq_len": 256,
  "actual_prompt_len": 256,
  "max_new_tokens": 8,
  "tokens_per_sec": 2.6062106548053645,
  "correctness_tokens": [
    27,
    91,
    318,
    4906
  ],
  "correctness_mode": "decode"
}