{
  "mode": "serial",
  "role": "attention",
  "total_time_ms": 4245.09995803237,
  "prefill_ms": 3240.913260728121,
  "decode_loop_ms": 999.9335762113333,
  "decode_steps": 7,
  "decode_tpot_ms": 142.8476537444762,
  "batch_size": 32,
  "prefill_seq_len": 128,
  "actual_prompt_len": 128,
  "max_new_tokens": 8,
  "tokens_per_sec": 1.8845257070714656,
  "correctness_tokens": [
    2,
    220,
    16,
    13
  ],
  "correctness_mode": "decode"
}