{
  "mode": "serial",
  "role": "ffn_expert",
  "total_time_ms": 13953.032849356532,
  "prefill_ms": 11038.28950971365,
  "decode_loop_ms": 2902.7793537825346,
  "decode_steps": 7,
  "decode_tpot_ms": 414.6827648260764,
  "batch_size": 512,
  "prefill_seq_len": 256,
  "actual_prompt_len": 256,
  "max_new_tokens": 8,
  "tokens_per_sec": 0
}