{
  "mode": "serial",
  "role": "ffn_expert",
  "total_time_ms": 5173.763310536742,
  "prefill_ms": 3870.5608285963535,
  "decode_loop_ms": 1297.285683453083,
  "decode_steps": 7,
  "decode_tpot_ms": 185.3265262075833,
  "batch_size": 128,
  "prefill_seq_len": 128,
  "actual_prompt_len": 128,
  "max_new_tokens": 8,
  "tokens_per_sec": 0
}