{
  "mode": "serial",
  "role": "ffn_expert",
  "total_time_ms": 4641.927083954215,
  "prefill_ms": 3487.5621516257524,
  "decode_loop_ms": 1148.9207465201616,
  "decode_steps": 7,
  "decode_tpot_ms": 164.13153521716595,
  "batch_size": 16,
  "prefill_seq_len": 512,
  "actual_prompt_len": 512,
  "max_new_tokens": 8,
  "tokens_per_sec": 0
}