{
  "mode": "serial",
  "role": "ffn_expert",
  "total_time_ms": 4245.033008977771,
  "prefill_ms": 3240.011403337121,
  "decode_loop_ms": 999.9366924166679,
  "decode_steps": 7,
  "decode_tpot_ms": 142.84809891666686,
  "batch_size": 32,
  "prefill_seq_len": 128,
  "actual_prompt_len": 128,
  "max_new_tokens": 8,
  "tokens_per_sec": 0
}