{
  "mode": "serial",
  "role": "ffn_expert",
  "total_time_ms": 3275.915525853634,
  "prefill_ms": 2365.1957288384438,
  "decode_loop_ms": 905.9687592089176,
  "decode_steps": 7,
  "decode_tpot_ms": 129.4241084584168,
  "batch_size": 8,
  "prefill_seq_len": 128,
  "actual_prompt_len": 128,
  "max_new_tokens": 8,
  "tokens_per_sec": 0
}