{
  "mode": "serial",
  "role": "attention",
  "total_time_ms": 9035.410042852163,
  "prefill_ms": 7002.000289037824,
  "decode_loop_ms": 2028.9314594119787,
  "decode_steps": 7,
  "decode_tpot_ms": 289.8473513445684,
  "batch_size": 128,
  "prefill_seq_len": 512,
  "actual_prompt_len": 512,
  "max_new_tokens": 8,
  "tokens_per_sec": 0.8854053066832017,
  "correctness_tokens": [
    785,
    3405,
    374,
    10161
  ],
  "correctness_mode": "decode"
}