{
  "mode": "serial",
  "role": "ffn_expert",
  "total_time_ms": 3226.3327091932297,
  "prefill_ms": 2445.5069452524185,
  "decode_loop_ms": 776.0545518249273,
  "decode_steps": 7,
  "decode_tpot_ms": 110.86493597498962,
  "batch_size": 4,
  "prefill_seq_len": 256,
  "actual_prompt_len": 256,
  "max_new_tokens": 8,
  "tokens_per_sec": 0
}