{
  "mode": "serial",
  "role": "ffn_expert",
  "total_time_ms": 15049.662940204144,
  "prefill_ms": 12388.084903359413,
  "decode_loop_ms": 2650.5172979086637,
  "decode_steps": 7,
  "decode_tpot_ms": 378.64532827266623,
  "batch_size": 64,
  "prefill_seq_len": 2048,
  "actual_prompt_len": 2048,
  "max_new_tokens": 8,
  "tokens_per_sec": 0
}