{
  "mode": "serial",
  "role": "ffn_coordinator",
  "total_time_ms": 15049.712292850018,
  "prefill_ms": 12393.197616562247,
  "decode_loop_ms": 2650.533275678754,
  "decode_steps": 7,
  "decode_tpot_ms": 378.64761081125056,
  "batch_size": 64,
  "prefill_seq_len": 2048,
  "actual_prompt_len": 2048,
  "max_new_tokens": 8,
  "tokens_per_sec": 0
}