{
  "mode": "serial",
  "role": "ffn_expert",
  "total_time_ms": 4706.44423365593,
  "prefill_ms": 3578.7051040679216,
  "decode_loop_ms": 1122.4524080753326,
  "decode_steps": 7,
  "decode_tpot_ms": 160.3503440107618,
  "batch_size": 32,
  "prefill_seq_len": 256,
  "actual_prompt_len": 256,
  "max_new_tokens": 8,
  "tokens_per_sec": 0
}