{
  "mode": "serial",
  "role": "ffn_expert",
  "total_time_ms": 3415.8911630511284,
  "prefill_ms": 2510.755106806755,
  "decode_loop_ms": 900.044646114111,
  "decode_steps": 7,
  "decode_tpot_ms": 128.57780658773012,
  "batch_size": 4,
  "prefill_seq_len": 512,
  "actual_prompt_len": 512,
  "max_new_tokens": 8,
  "tokens_per_sec": 0
}