{
  "mode": "serial",
  "role": "ffn_expert",
  "total_time_ms": 6624.670313671231,
  "prefill_ms": 5195.688860490918,
  "decode_loop_ms": 1422.2527593374252,
  "decode_steps": 7,
  "decode_tpot_ms": 203.17896561963218,
  "batch_size": 16,
  "prefill_seq_len": 2048,
  "actual_prompt_len": 2048,
  "max_new_tokens": 8,
  "tokens_per_sec": 0
}