{
  "mode": "serial",
  "role": "attention",
  "total_time_ms": 14330.599719658494,
  "prefill_ms": 11580.383528023958,
  "decode_loop_ms": 2745.520455762744,
  "decode_steps": 7,
  "decode_tpot_ms": 392.2172079661063,
  "batch_size": 128,
  "prefill_seq_len": 1024,
  "actual_prompt_len": 1024,
  "max_new_tokens": 8,
  "tokens_per_sec": 0.5582460020166304,
  "correctness_tokens": [
    14374,
    220,
    16,
    13
  ],
  "correctness_mode": "decode"
}