{
  "mode": "serial",
  "role": "ffn_expert",
  "total_time_ms": 3415.9338902682066,
  "prefill_ms": 2510.8165368437767,
  "decode_loop_ms": 900.043236091733,
  "decode_steps": 7,
  "decode_tpot_ms": 128.57760515596186,
  "batch_size": 4,
  "prefill_seq_len": 512,
  "actual_prompt_len": 512,
  "max_new_tokens": 8,
  "tokens_per_sec": 0
}