{
  "mode": "serial",
  "role": "ffn_coordinator",
  "total_time_ms": 3238.8597652316093,
  "prefill_ms": 2412.9135198891163,
  "decode_loop_ms": 821.1287204176188,
  "decode_steps": 7,
  "decode_tpot_ms": 117.30410291680268,
  "batch_size": 2,
  "prefill_seq_len": 512,
  "actual_prompt_len": 512,
  "max_new_tokens": 8,
  "tokens_per_sec": 0
}