{
  "mode": "serial",
  "role": "ffn_expert",
  "total_time_ms": 4138.188570737839,
  "prefill_ms": 3285.224109888077,
  "decode_loop_ms": 847.9484394192696,
  "decode_steps": 7,
  "decode_tpot_ms": 121.13549134560994,
  "batch_size": 2,
  "prefill_seq_len": 2048,
  "actual_prompt_len": 2048,
  "max_new_tokens": 8,
  "tokens_per_sec": 0
}