{
  "mode": "serial",
  "role": "ffn_expert",
  "total_time_ms": 3367.4936164170504,
  "prefill_ms": 2526.2387562543154,
  "decode_loop_ms": 836.2147267907858,
  "decode_steps": 7,
  "decode_tpot_ms": 119.45924668439797,
  "batch_size": 8,
  "prefill_seq_len": 256,
  "actual_prompt_len": 256,
  "max_new_tokens": 8,
  "tokens_per_sec": 0
}