{
  "mode": "serial",
  "role": "ffn_expert",
  "total_time_ms": 6624.70269203186,
  "prefill_ms": 5196.119893342257,
  "decode_loop_ms": 1422.2505986690521,
  "decode_steps": 7,
  "decode_tpot_ms": 203.17865695272172,
  "batch_size": 16,
  "prefill_seq_len": 2048,
  "actual_prompt_len": 2048,
  "max_new_tokens": 8,
  "tokens_per_sec": 0
}