{
  "mode": "serial",
  "role": "attention",
  "total_time_ms": 6583.2889545708895,
  "prefill_ms": 4957.475423812866,
  "decode_loop_ms": 1621.1779583245516,
  "decode_steps": 7,
  "decode_tpot_ms": 231.59685118922167,
  "batch_size": 64,
  "prefill_seq_len": 512,
  "actual_prompt_len": 512,
  "max_new_tokens": 8,
  "tokens_per_sec": 1.2151980651624692,
  "correctness_tokens": [
    785,
    4226,
    374,
    25
  ],
  "correctness_mode": "decode"
}