{
  "mode": "serial",
  "role": "ffn_expert",
  "total_time_ms": 9195.246877148747,
  "prefill_ms": 7233.786603435874,
  "decode_loop_ms": 1952.6836443692446,
  "decode_steps": 7,
  "decode_tpot_ms": 278.9548063384635,
  "batch_size": 64,
  "prefill_seq_len": 1024,
  "actual_prompt_len": 1024,
  "max_new_tokens": 8,
  "tokens_per_sec": 0
}