{
  "mode": "serial",
  "role": "ffn_expert",
  "total_time_ms": 9776.360683143139,
  "prefill_ms": 7873.9205952733755,
  "decode_loop_ms": 1894.3157363682985,
  "decode_steps": 7,
  "decode_tpot_ms": 270.6165337668998,
  "batch_size": 32,
  "prefill_seq_len": 2048,
  "actual_prompt_len": 2048,
  "max_new_tokens": 8,
  "tokens_per_sec": 0
}