{
  "mode": "serial",
  "role": "ffn_expert",
  "total_time_ms": 4516.927216202021,
  "prefill_ms": 3590.2832206338644,
  "decode_loop_ms": 921.4775450527668,
  "decode_steps": 7,
  "decode_tpot_ms": 131.6396492932524,
  "batch_size": 4,
  "prefill_seq_len": 2048,
  "actual_prompt_len": 2048,
  "max_new_tokens": 8,
  "tokens_per_sec": 0
}