{
  "mode": "serial",
  "role": "ffn_expert",
  "total_time_ms": 13980.215145274997,
  "prefill_ms": 11149.234652519226,
  "decode_loop_ms": 2819.2662205547094,
  "decode_steps": 7,
  "decode_tpot_ms": 402.75231722210134,
  "batch_size": 256,
  "prefill_seq_len": 512,
  "actual_prompt_len": 512,
  "max_new_tokens": 8,
  "tokens_per_sec": 0
}