{
  "mode": "serial",
  "role": "ffn_expert",
  "total_time_ms": 6513.128412887454,
  "prefill_ms": 5036.045344546437,
  "decode_loop_ms": 1470.5853462219238,
  "decode_steps": 7,
  "decode_tpot_ms": 210.08362088884627,
  "batch_size": 32,
  "prefill_seq_len": 1024,
  "actual_prompt_len": 1024,
  "max_new_tokens": 8,
  "tokens_per_sec": 0
}