{
  "mode": "serial",
  "role": "ffn_expert",
  "total_time_ms": 5173.8247983157635,
  "prefill_ms": 3870.359616354108,
  "decode_loop_ms": 1297.285445034504,
  "decode_steps": 7,
  "decode_tpot_ms": 185.32649214778627,
  "batch_size": 128,
  "prefill_seq_len": 128,
  "actual_prompt_len": 128,
  "max_new_tokens": 8,
  "tokens_per_sec": 0
}