{
  "mode": "serial",
  "role": "ffn_expert",
  "total_time_ms": 24871.167914941907,
  "prefill_ms": 20542.24057868123,
  "decode_loop_ms": 4311.545122414827,
  "decode_steps": 7,
  "decode_tpot_ms": 615.9350174878325,
  "batch_size": 256,
  "prefill_seq_len": 1024,
  "actual_prompt_len": 1024,
  "max_new_tokens": 8,
  "tokens_per_sec": 0
}