{
  "mode": "serial",
  "role": "ffn_coordinator",
  "total_time_ms": 6533.083675429225,
  "prefill_ms": 4949.119234457612,
  "decode_loop_ms": 1578.8042787462473,
  "decode_steps": 7,
  "decode_tpot_ms": 225.54346839232105,
  "batch_size": 128,
  "prefill_seq_len": 256,
  "actual_prompt_len": 256,
  "max_new_tokens": 8,
  "tokens_per_sec": 0
}