{
  "mode": "serial",
  "role": "ffn_expert",
  "total_time_ms": 3069.5631597191095,
  "prefill_ms": 2320.103256031871,
  "decode_loop_ms": 745.0694218277931,
  "decode_steps": 7,
  "decode_tpot_ms": 106.43848883254188,
  "batch_size": 2,
  "prefill_seq_len": 256,
  "actual_prompt_len": 256,
  "max_new_tokens": 8,
  "tokens_per_sec": 0
}