{
  "mode": "serial",
  "role": "ffn_expert",
  "total_time_ms": 5230.5751126259565,
  "prefill_ms": 3901.2888334691525,
  "decode_loop_ms": 1323.4121203422546,
  "decode_steps": 7,
  "decode_tpot_ms": 189.0588743346078,
  "batch_size": 32,
  "prefill_seq_len": 512,
  "actual_prompt_len": 512,
  "max_new_tokens": 8,
  "tokens_per_sec": 0
}