{
  "mode": "serial",
  "role": "ffn_expert",
  "total_time_ms": 4245.03617733717,
  "prefill_ms": 3240.0178257375956,
  "decode_loop_ms": 999.933835119009,
  "decode_steps": 7,
  "decode_tpot_ms": 142.847690731287,
  "batch_size": 32,
  "prefill_seq_len": 128,
  "actual_prompt_len": 128,
  "max_new_tokens": 8,
  "tokens_per_sec": 0
}