{
  "mode": "serial",
  "role": "ffn_expert",
  "total_time_ms": 14330.56098036468,
  "prefill_ms": 11573.779845610261,
  "decode_loop_ms": 2745.534250512719,
  "decode_steps": 7,
  "decode_tpot_ms": 392.2191786446742,
  "batch_size": 128,
  "prefill_seq_len": 1024,
  "actual_prompt_len": 1024,
  "max_new_tokens": 8,
  "tokens_per_sec": 0
}