{
  "mode": "serial",
  "role": "attention",
  "total_time_ms": 4706.498734652996,
  "prefill_ms": 3579.8647832125425,
  "decode_loop_ms": 1122.4473286420107,
  "decode_steps": 7,
  "decode_tpot_ms": 160.3496183774301,
  "batch_size": 32,
  "prefill_seq_len": 256,
  "actual_prompt_len": 256,
  "max_new_tokens": 8,
  "tokens_per_sec": 1.6997773612680742,
  "correctness_tokens": [
    27,
    91,
    318,
    4906
  ],
  "correctness_mode": "decode"
}