{
  "mode": "serial",
  "role": "ffn_expert",
  "total_time_ms": 4245.018547400832,
  "prefill_ms": 3240.0031238794327,
  "decode_loop_ms": 999.9317321926355,
  "decode_steps": 7,
  "decode_tpot_ms": 142.84739031323366,
  "batch_size": 32,
  "prefill_seq_len": 128,
  "actual_prompt_len": 128,
  "max_new_tokens": 8,
  "tokens_per_sec": 0
}