{
  "mode": "serial",
  "role": "ffn_expert",
  "total_time_ms": 6564.444988965988,
  "prefill_ms": 4890.888789668679,
  "decode_loop_ms": 1666.664496064186,
  "decode_steps": 7,
  "decode_tpot_ms": 238.09492800916945,
  "batch_size": 256,
  "prefill_seq_len": 128,
  "actual_prompt_len": 128,
  "max_new_tokens": 8,
  "tokens_per_sec": 0
}