{
  "mode": "serial",
  "role": "ffn_expert",
  "total_time_ms": 5222.407944500446,
  "prefill_ms": 3959.5535825937986,
  "decode_loop_ms": 1256.7208539694548,
  "decode_steps": 7,
  "decode_tpot_ms": 179.53155056706495,
  "batch_size": 64,
  "prefill_seq_len": 256,
  "actual_prompt_len": 256,
  "max_new_tokens": 8,
  "tokens_per_sec": 0
}