{
  "mode": "serial",
  "role": "ffn_expert",
  "total_time_ms": 5127.779548987746,
  "prefill_ms": 3902.2097568959,
  "decode_loop_ms": 1219.502616673708,
  "decode_steps": 7,
  "decode_tpot_ms": 174.21465952481543,
  "batch_size": 16,
  "prefill_seq_len": 1024,
  "actual_prompt_len": 1024,
  "max_new_tokens": 8,
  "tokens_per_sec": 0
}