{
  "mode": "serial",
  "role": "ffn_expert",
  "total_time_ms": 5127.814719453454,
  "prefill_ms": 3902.5582894682884,
  "decode_loop_ms": 1219.507796689868,
  "decode_steps": 7,
  "decode_tpot_ms": 174.215399527124,
  "batch_size": 16,
  "prefill_seq_len": 1024,
  "actual_prompt_len": 1024,
  "max_new_tokens": 8,
  "tokens_per_sec": 0
}