{
  "mode": "serial",
  "role": "attention",
  "total_time_ms": 5230.651492252946,
  "prefill_ms": 3902.720896527171,
  "decode_loop_ms": 1323.4082330018282,
  "decode_steps": 7,
  "decode_tpot_ms": 189.05831900026118,
  "batch_size": 32,
  "prefill_seq_len": 512,
  "actual_prompt_len": 512,
  "max_new_tokens": 8,
  "tokens_per_sec": 1.5294461907562953,
  "correctness_tokens": [
    785,
    4226,
    374,
    25
  ],
  "correctness_mode": "decode"
}