{
  "mode": "serial",
  "role": "ffn_coordinator",
  "total_time_ms": 4161.880390718579,
  "prefill_ms": 3257.0548560470343,
  "decode_loop_ms": 900.0087473541498,
  "decode_steps": 7,
  "decode_tpot_ms": 128.57267819344997,
  "batch_size": 4,
  "prefill_seq_len": 1024,
  "actual_prompt_len": 1024,
  "max_new_tokens": 8,
  "tokens_per_sec": 0
}