{
  "mode": "serial",
  "role": "attention",
  "total_time_ms": 3275.9666070342064,
  "prefill_ms": 2365.78818410635,
  "decode_loop_ms": 905.9865567833185,
  "decode_steps": 7,
  "decode_tpot_ms": 129.4266509690455,
  "batch_size": 8,
  "prefill_seq_len": 128,
  "actual_prompt_len": 128,
  "max_new_tokens": 8,
  "tokens_per_sec": 2.4420273341072147,
  "correctness_tokens": [
    2,
    220,
    16,
    13
  ],
  "correctness_mode": "decode"
}