{
  "mode": "serial",
  "role": "ffn_coordinator",
  "total_time_ms": 6583.247555419803,
  "prefill_ms": 4956.694906577468,
  "decode_loop_ms": 1621.18336930871,
  "decode_steps": 7,
  "decode_tpot_ms": 231.5976241869586,
  "batch_size": 64,
  "prefill_seq_len": 512,
  "actual_prompt_len": 512,
  "max_new_tokens": 8,
  "tokens_per_sec": 0
}