{
  "mode": "serial",
  "role": "attention",
  "total_time_ms": 6564.518380910158,
  "prefill_ms": 4893.5375567525625,
  "decode_loop_ms": 1666.6675973683596,
  "decode_steps": 7,
  "decode_tpot_ms": 238.0953710526228,
  "batch_size": 256,
  "prefill_seq_len": 128,
  "actual_prompt_len": 128,
  "max_new_tokens": 8,
  "tokens_per_sec": 1.218672800622247,
  "correctness_tokens": [
    2,
    220,
    16,
    13
  ],
  "correctness_mode": "decode"
}