{
  "mode": "serial",
  "role": "ffn_expert",
  "total_time_ms": 9776.301564648747,
  "prefill_ms": 7873.701902106404,
  "decode_loop_ms": 1894.3211548030376,
  "decode_steps": 7,
  "decode_tpot_ms": 270.61730782900537,
  "batch_size": 32,
  "prefill_seq_len": 2048,
  "actual_prompt_len": 2048,
  "max_new_tokens": 8,
  "tokens_per_sec": 0
}