{
  "mode": "serial",
  "role": "ffn_expert",
  "total_time_ms": 5173.815380781889,
  "prefill_ms": 3870.423797518015,
  "decode_loop_ms": 1297.289116308093,
  "decode_steps": 7,
  "decode_tpot_ms": 185.32701661544186,
  "batch_size": 128,
  "prefill_seq_len": 128,
  "actual_prompt_len": 128,
  "max_new_tokens": 8,
  "tokens_per_sec": 0
}