{
  "mode": "serial",
  "role": "ffn_expert",
  "total_time_ms": 4245.052156969905,
  "prefill_ms": 3240.037214010954,
  "decode_loop_ms": 999.9303724616766,
  "decode_steps": 7,
  "decode_tpot_ms": 142.8471960659538,
  "batch_size": 32,
  "prefill_seq_len": 128,
  "actual_prompt_len": 128,
  "max_new_tokens": 8,
  "tokens_per_sec": 0
}