{
  "mode": "serial",
  "role": "ffn_expert",
  "total_time_ms": 3196.6684758663177,
  "prefill_ms": 2411.958560347557,
  "decode_loop_ms": 780.4016005247831,
  "decode_steps": 7,
  "decode_tpot_ms": 111.48594293211188,
  "batch_size": 4,
  "prefill_seq_len": 128,
  "actual_prompt_len": 128,
  "max_new_tokens": 8,
  "tokens_per_sec": 0
}