{
  "mode": "serial",
  "role": "ffn_expert",
  "total_time_ms": 5222.475366666913,
  "prefill_ms": 3959.563359618187,
  "decode_loop_ms": 1256.727684289217,
  "decode_steps": 7,
  "decode_tpot_ms": 179.532526327031,
  "batch_size": 64,
  "prefill_seq_len": 256,
  "actual_prompt_len": 256,
  "max_new_tokens": 8,
  "tokens_per_sec": 0
}