{
  "mode": "serial",
  "role": "ffn_expert",
  "total_time_ms": 6533.076133579016,
  "prefill_ms": 4947.758423164487,
  "decode_loop_ms": 1578.8037199527025,
  "decode_steps": 7,
  "decode_tpot_ms": 225.5433885646718,
  "batch_size": 128,
  "prefill_seq_len": 256,
  "actual_prompt_len": 256,
  "max_new_tokens": 8,
  "tokens_per_sec": 0
}