{
  "mode": "serial",
  "role": "ffn_expert",
  "total_time_ms": 4138.177812099457,
  "prefill_ms": 3285.1619105786085,
  "decode_loop_ms": 847.9579407721758,
  "decode_steps": 7,
  "decode_tpot_ms": 121.1368486817394,
  "batch_size": 2,
  "prefill_seq_len": 2048,
  "actual_prompt_len": 2048,
  "max_new_tokens": 8,
  "tokens_per_sec": 0
}