{
  "mode": "serial",
  "role": "ffn_expert",
  "total_time_ms": 6583.268763497472,
  "prefill_ms": 4954.984063282609,
  "decode_loop_ms": 1621.1781837046146,
  "decode_steps": 7,
  "decode_tpot_ms": 231.59688338637352,
  "batch_size": 64,
  "prefill_seq_len": 512,
  "actual_prompt_len": 512,
  "max_new_tokens": 8,
  "tokens_per_sec": 0
}