{
  "mode": "serial",
  "role": "ffn_expert",
  "total_time_ms": 9423.988027498126,
  "prefill_ms": 6968.003114685416,
  "decode_loop_ms": 2446.98622263968,
  "decode_steps": 7,
  "decode_tpot_ms": 349.56946037709713,
  "batch_size": 512,
  "prefill_seq_len": 128,
  "actual_prompt_len": 128,
  "max_new_tokens": 8,
  "tokens_per_sec": 0
}