{
  "mode": "serial",
  "role": "ffn_expert",
  "total_time_ms": 9423.967668786645,
  "prefill_ms": 6967.97027438879,
  "decode_loop_ms": 2446.9769839197397,
  "decode_steps": 7,
  "decode_tpot_ms": 349.56814055996284,
  "batch_size": 512,
  "prefill_seq_len": 128,
  "actual_prompt_len": 128,
  "max_new_tokens": 8,
  "tokens_per_sec": 0
}