{
  "mode": "serial",
  "role": "ffn_expert",
  "total_time_ms": 28681.45089223981,
  "prefill_ms": 24443.20054911077,
  "decode_loop_ms": 4220.6275928765535,
  "decode_steps": 7,
  "decode_tpot_ms": 602.9467989823648,
  "batch_size": 128,
  "prefill_seq_len": 2048,
  "actual_prompt_len": 2048,
  "max_new_tokens": 8,
  "tokens_per_sec": 0
}