{
  "mode": "serial",
  "role": "ffn_expert",
  "total_time_ms": 9031.657664105296,
  "prefill_ms": 6895.886059850454,
  "decode_loop_ms": 2127.0049680024385,
  "decode_steps": 7,
  "decode_tpot_ms": 303.85785257177696,
  "batch_size": 256,
  "prefill_seq_len": 256,
  "actual_prompt_len": 256,
  "max_new_tokens": 8,
  "tokens_per_sec": 0
}