{
  "mode": "serial",
  "role": "ffn_expert",
  "total_time_ms": 3069.502830505371,
  "prefill_ms": 2320.0226426124573,
  "decode_loop_ms": 745.0671121478081,
  "decode_steps": 7,
  "decode_tpot_ms": 106.43815887825829,
  "batch_size": 2,
  "prefill_seq_len": 256,
  "actual_prompt_len": 256,
  "max_new_tokens": 8,
  "tokens_per_sec": 0
}