{
  "mode": "serial",
  "role": "ffn_expert",
  "total_time_ms": 28681.502860039473,
  "prefill_ms": 24443.34476068616,
  "decode_loop_ms": 4220.626071095467,
  "decode_steps": 7,
  "decode_tpot_ms": 602.9465815850666,
  "batch_size": 128,
  "prefill_seq_len": 2048,
  "actual_prompt_len": 2048,
  "max_new_tokens": 8,
  "tokens_per_sec": 0
}