{
  "mode": "serial",
  "role": "attention",
  "total_time_ms": 13980.217076838017,
  "prefill_ms": 11156.429558992386,
  "decode_loop_ms": 2819.2491121590137,
  "decode_steps": 7,
  "decode_tpot_ms": 402.7498731655734,
  "batch_size": 256,
  "prefill_seq_len": 512,
  "actual_prompt_len": 512,
  "max_new_tokens": 8,
  "tokens_per_sec": 0.5722371802977329,
  "correctness_tokens": [
    334,
    16141,
    25,
    56177
  ],
  "correctness_mode": "decode"
}