{
  "mode": "serial",
  "role": "ffn_expert",
  "total_time_ms": 4204.37965169549,
  "prefill_ms": 3295.199489220977,
  "decode_loop_ms": 904.03245203197,
  "decode_steps": 7,
  "decode_tpot_ms": 129.14749314742429,
  "batch_size": 16,
  "prefill_seq_len": 256,
  "actual_prompt_len": 256,
  "max_new_tokens": 8,
  "tokens_per_sec": 0
}