{
  "mode": "serial",
  "role": "ffn_expert",
  "total_time_ms": 4204.367132857442,
  "prefill_ms": 3295.1329704374075,
  "decode_loop_ms": 904.0279928594828,
  "decode_steps": 7,
  "decode_tpot_ms": 129.14685612278325,
  "batch_size": 16,
  "prefill_seq_len": 256,
  "actual_prompt_len": 256,
  "max_new_tokens": 8,
  "tokens_per_sec": 0
}