{
  "mode": "serial",
  "role": "ffn_expert",
  "total_time_ms": 4706.444373354316,
  "prefill_ms": 3578.72561365366,
  "decode_loop_ms": 1122.4562786519527,
  "decode_steps": 7,
  "decode_tpot_ms": 160.35089695027895,
  "batch_size": 32,
  "prefill_seq_len": 256,
  "actual_prompt_len": 256,
  "max_new_tokens": 8,
  "tokens_per_sec": 0
}