{
  "mode": "serial",
  "role": "ffn_expert",
  "total_time_ms": 4516.966523602605,
  "prefill_ms": 3590.3218183666468,
  "decode_loop_ms": 921.4840345084667,
  "decode_steps": 7,
  "decode_tpot_ms": 131.64057635835238,
  "batch_size": 4,
  "prefill_seq_len": 2048,
  "actual_prompt_len": 2048,
  "max_new_tokens": 8,
  "tokens_per_sec": 0
}