{
  "mode": "serial",
  "role": "ffn_expert",
  "total_time_ms": 6513.082982972264,
  "prefill_ms": 5035.520419478416,
  "decode_loop_ms": 1470.5799967050552,
  "decode_steps": 7,
  "decode_tpot_ms": 210.08285667215074,
  "batch_size": 32,
  "prefill_seq_len": 1024,
  "actual_prompt_len": 1024,
  "max_new_tokens": 8,
  "tokens_per_sec": 0
}