{
  "mode": "serial",
  "role": "ffn_expert",
  "total_time_ms": 25479.82307523489,
  "prefill_ms": 21183.990132063627,
  "decode_loop_ms": 4278.276916593313,
  "decode_steps": 7,
  "decode_tpot_ms": 611.1824166561876,
  "batch_size": 512,
  "prefill_seq_len": 512,
  "actual_prompt_len": 512,
  "max_new_tokens": 8,
  "tokens_per_sec": 0
}