{
  "mode": "serial",
  "role": "ffn_expert",
  "total_time_ms": 3275.9040258824825,
  "prefill_ms": 2365.197880193591,
  "decode_loop_ms": 905.9699382632971,
  "decode_steps": 7,
  "decode_tpot_ms": 129.42427689475673,
  "batch_size": 8,
  "prefill_seq_len": 128,
  "actual_prompt_len": 128,
  "max_new_tokens": 8,
  "tokens_per_sec": 0
}