{
  "mode": "serial",
  "role": "ffn_expert",
  "total_time_ms": 6513.097232207656,
  "prefill_ms": 5035.884095355868,
  "decode_loop_ms": 1470.5832228064537,
  "decode_steps": 7,
  "decode_tpot_ms": 210.0833175437791,
  "batch_size": 32,
  "prefill_seq_len": 1024,
  "actual_prompt_len": 1024,
  "max_new_tokens": 8,
  "tokens_per_sec": 0
}