{
  "mode": "serial",
  "role": "ffn_expert",
  "total_time_ms": 3415.90435244143,
  "prefill_ms": 2510.8234956860542,
  "decode_loop_ms": 900.0457432121038,
  "decode_steps": 7,
  "decode_tpot_ms": 128.57796331601483,
  "batch_size": 4,
  "prefill_seq_len": 512,
  "actual_prompt_len": 512,
  "max_new_tokens": 8,
  "tokens_per_sec": 0
}