{
  "mode": "serial",
  "role": "ffn_expert",
  "total_time_ms": 3415.9203711897135,
  "prefill_ms": 2510.829146951437,
  "decode_loop_ms": 900.0429250299931,
  "decode_steps": 7,
  "decode_tpot_ms": 128.57756071857042,
  "batch_size": 4,
  "prefill_seq_len": 512,
  "actual_prompt_len": 512,
  "max_new_tokens": 8,
  "tokens_per_sec": 0
}