{
  "mode": "serial",
  "role": "ffn_expert",
  "total_time_ms": 4516.979677602649,
  "prefill_ms": 3590.3844200074673,
  "decode_loop_ms": 921.4745257049799,
  "decode_steps": 7,
  "decode_tpot_ms": 131.63921795785427,
  "batch_size": 4,
  "prefill_seq_len": 2048,
  "actual_prompt_len": 2048,
  "max_new_tokens": 8,
  "tokens_per_sec": 0
}