{
  "mode": "serial",
  "role": "ffn_coordinator",
  "total_time_ms": 4530.25902248919,
  "prefill_ms": 3502.522472292185,
  "decode_loop_ms": 1022.4821865558624,
  "decode_steps": 7,
  "decode_tpot_ms": 146.06888379369462,
  "batch_size": 8,
  "prefill_seq_len": 1024,
  "actual_prompt_len": 1024,
  "max_new_tokens": 8,
  "tokens_per_sec": 0
}