{
  "mode": "serial",
  "role": "ffn_expert",
  "total_time_ms": 5127.741489559412,
  "prefill_ms": 3902.3310355842113,
  "decode_loop_ms": 1219.5023838430643,
  "decode_steps": 7,
  "decode_tpot_ms": 174.2146262632949,
  "batch_size": 16,
  "prefill_seq_len": 1024,
  "actual_prompt_len": 1024,
  "max_new_tokens": 8,
  "tokens_per_sec": 0
}