{
  "mode": "serial",
  "role": "ffn_expert",
  "total_time_ms": 4161.870039999485,
  "prefill_ms": 3256.7953523248434,
  "decode_loop_ms": 900.0036288052797,
  "decode_steps": 7,
  "decode_tpot_ms": 128.57194697218281,
  "batch_size": 4,
  "prefill_seq_len": 1024,
  "actual_prompt_len": 1024,
  "max_new_tokens": 8,
  "tokens_per_sec": 0
}