{
  "mode": "serial",
  "role": "ffn_coordinator",
  "total_time_ms": 3383.512767031789,
  "prefill_ms": 2569.6886964142323,
  "decode_loop_ms": 809.3304261565208,
  "decode_steps": 7,
  "decode_tpot_ms": 115.61863230807441,
  "batch_size": 16,
  "prefill_seq_len": 128,
  "actual_prompt_len": 128,
  "max_new_tokens": 8,
  "tokens_per_sec": 0
}