{
  "mode": "serial",
  "role": "ffn_expert",
  "total_time_ms": 3226.293858140707,
  "prefill_ms": 2445.4690366983414,
  "decode_loop_ms": 776.0512512177229,
  "decode_steps": 7,
  "decode_tpot_ms": 110.86446445967469,
  "batch_size": 4,
  "prefill_seq_len": 256,
  "actual_prompt_len": 256,
  "max_new_tokens": 8,
  "tokens_per_sec": 0
}