{
  "mode": "serial",
  "role": "ffn_expert",
  "total_time_ms": 9031.64429590106,
  "prefill_ms": 6895.973660051823,
  "decode_loop_ms": 2127.0021479576826,
  "decode_steps": 7,
  "decode_tpot_ms": 303.8574497082404,
  "batch_size": 256,
  "prefill_seq_len": 256,
  "actual_prompt_len": 256,
  "max_new_tokens": 8,
  "tokens_per_sec": 0
}