{
  "mode": "serial",
  "role": "ffn_expert",
  "total_time_ms": 3383.519848808646,
  "prefill_ms": 2569.5350747555494,
  "decode_loop_ms": 809.3385361135006,
  "decode_steps": 7,
  "decode_tpot_ms": 115.61979087335723,
  "batch_size": 16,
  "prefill_seq_len": 128,
  "actual_prompt_len": 128,
  "max_new_tokens": 8,
  "tokens_per_sec": 0
}