{
  "mode": "serial",
  "role": "ffn_expert",
  "total_time_ms": 4464.143436402082,
  "prefill_ms": 3364.5069021731615,
  "decode_loop_ms": 1094.7008449584246,
  "decode_steps": 7,
  "decode_tpot_ms": 156.38583499406064,
  "batch_size": 8,
  "prefill_seq_len": 512,
  "actual_prompt_len": 512,
  "max_new_tokens": 8,
  "tokens_per_sec": 0
}