{
  "mode": "serial",
  "role": "ffn_expert",
  "total_time_ms": 6533.049093559384,
  "prefill_ms": 4947.583293542266,
  "decode_loop_ms": 1578.8074918091297,
  "decode_steps": 7,
  "decode_tpot_ms": 225.54392740130424,
  "batch_size": 128,
  "prefill_seq_len": 256,
  "actual_prompt_len": 256,
  "max_new_tokens": 8,
  "tokens_per_sec": 0
}