{
  "mode": "serial",
  "role": "attention",
  "total_time_ms": 15049.649557098746,
  "prefill_ms": 12394.501626491547,
  "decode_loop_ms": 2650.5180578678846,
  "decode_steps": 7,
  "decode_tpot_ms": 378.64543683826923,
  "batch_size": 64,
  "prefill_seq_len": 2048,
  "actual_prompt_len": 2048,
  "max_new_tokens": 8,
  "tokens_per_sec": 0.5315738396198396,
  "correctness_tokens": [
    2,
    9707,
    11,
    1246
  ],
  "correctness_mode": "decode"
}