{
  "mode": "serial",
  "role": "attention",
  "total_time_ms": 4591.33905172348,
  "prefill_ms": 3443.9873974770308,
  "decode_loop_ms": 1143.4825249016285,
  "decode_steps": 7,
  "decode_tpot_ms": 163.35464641451836,
  "batch_size": 64,
  "prefill_seq_len": 128,
  "actual_prompt_len": 128,
  "max_new_tokens": 8,
  "tokens_per_sec": 1.7424110722114912,
  "correctness_tokens": [
    2,
    220,
    16,
    13
  ],
  "correctness_mode": "decode"
}