{
  "mode": "serial",
  "role": "ffn_coordinator",
  "total_time_ms": 5127.797557041049,
  "prefill_ms": 3903.10862287879,
  "decode_loop_ms": 1219.511691480875,
  "decode_steps": 7,
  "decode_tpot_ms": 174.2159559258393,
  "batch_size": 16,
  "prefill_seq_len": 1024,
  "actual_prompt_len": 1024,
  "max_new_tokens": 8,
  "tokens_per_sec": 0
}