{
  "mode": "serial",
  "role": "ffn_coordinator",
  "total_time_ms": 6513.047080487013,
  "prefill_ms": 5037.3753644526005,
  "decode_loop_ms": 1470.5788884311914,
  "decode_steps": 7,
  "decode_tpot_ms": 210.08269834731306,
  "batch_size": 32,
  "prefill_seq_len": 1024,
  "actual_prompt_len": 1024,
  "max_new_tokens": 8,
  "tokens_per_sec": 0
}