{
  "mode": "serial",
  "role": "ffn_expert",
  "total_time_ms": 9195.259870961308,
  "prefill_ms": 7233.870154246688,
  "decode_loop_ms": 1952.686121687293,
  "decode_steps": 7,
  "decode_tpot_ms": 278.9551602410419,
  "batch_size": 64,
  "prefill_seq_len": 1024,
  "actual_prompt_len": 1024,
  "max_new_tokens": 8,
  "tokens_per_sec": 0
}