{
  "mode": "serial",
  "role": "ffn_coordinator",
  "total_time_ms": 5173.757957294583,
  "prefill_ms": 3871.16165086627,
  "decode_loop_ms": 1297.2896732389927,
  "decode_steps": 7,
  "decode_tpot_ms": 185.32709617699896,
  "batch_size": 128,
  "prefill_seq_len": 128,
  "actual_prompt_len": 128,
  "max_new_tokens": 8,
  "tokens_per_sec": 0
}