{
  "mode": "serial",
  "role": "ffn_expert",
  "total_time_ms": 14332.789856940508,
  "prefill_ms": 11573.492582887411,
  "decode_loop_ms": 2745.5314714461565,
  "decode_steps": 7,
  "decode_tpot_ms": 392.2187816351652,
  "batch_size": 128,
  "prefill_seq_len": 1024,
  "actual_prompt_len": 1024,
  "max_new_tokens": 8,
  "tokens_per_sec": 0
}