{
  "mode": "serial",
  "role": "ffn_coordinator",
  "total_time_ms": 3287.7586912363768,
  "prefill_ms": 2535.980861634016,
  "decode_loop_ms": 747.307663783431,
  "decode_steps": 7,
  "decode_tpot_ms": 106.75823768334729,
  "batch_size": 2,
  "prefill_seq_len": 1024,
  "actual_prompt_len": 1024,
  "max_new_tokens": 8,
  "tokens_per_sec": 0
}