{
  "mode": "serial",
  "role": "ffn_expert",
  "total_time_ms": 6583.2143649458885,
  "prefill_ms": 4955.033730715513,
  "decode_loop_ms": 1621.1717948317528,
  "decode_steps": 7,
  "decode_tpot_ms": 231.5959706902504,
  "batch_size": 64,
  "prefill_seq_len": 512,
  "actual_prompt_len": 512,
  "max_new_tokens": 8,
  "tokens_per_sec": 0
}