{
  "mode": "serial",
  "role": "ffn_expert",
  "total_time_ms": 3367.540927603841,
  "prefill_ms": 2526.19362808764,
  "decode_loop_ms": 836.2154811620712,
  "decode_steps": 7,
  "decode_tpot_ms": 119.45935445172447,
  "batch_size": 8,
  "prefill_seq_len": 256,
  "actual_prompt_len": 256,
  "max_new_tokens": 8,
  "tokens_per_sec": 0
}