{
  "mode": "serial",
  "role": "ffn_expert",
  "total_time_ms": 3069.5421248674393,
  "prefill_ms": 2320.0948759913445,
  "decode_loop_ms": 745.0716998428106,
  "decode_steps": 7,
  "decode_tpot_ms": 106.43881426325866,
  "batch_size": 2,
  "prefill_seq_len": 256,
  "actual_prompt_len": 256,
  "max_new_tokens": 8,
  "tokens_per_sec": 0
}