{
  "mode": "serial",
  "role": "ffn_coordinator",
  "total_time_ms": 9031.581023707986,
  "prefill_ms": 6898.497169837356,
  "decode_loop_ms": 2127.000078558922,
  "decode_steps": 7,
  "decode_tpot_ms": 303.857154079846,
  "batch_size": 256,
  "prefill_seq_len": 256,
  "actual_prompt_len": 256,
  "max_new_tokens": 8,
  "tokens_per_sec": 0
}