{
  "mode": "serial",
  "role": "ffn_expert",
  "total_time_ms": 6624.721439555287,
  "prefill_ms": 5195.889184251428,
  "decode_loop_ms": 1422.254428267479,
  "decode_steps": 7,
  "decode_tpot_ms": 203.17920403821128,
  "batch_size": 16,
  "prefill_seq_len": 2048,
  "actual_prompt_len": 2048,
  "max_new_tokens": 8,
  "tokens_per_sec": 0
}