{
  "mode": "serial",
  "role": "ffn_expert",
  "total_time_ms": 3069.547800347209,
  "prefill_ms": 2320.0448844581842,
  "decode_loop_ms": 745.0725715607405,
  "decode_steps": 7,
  "decode_tpot_ms": 106.43893879439149,
  "batch_size": 2,
  "prefill_seq_len": 256,
  "actual_prompt_len": 256,
  "max_new_tokens": 8,
  "tokens_per_sec": 0
}