{
  "mode": "serial",
  "role": "ffn_expert",
  "total_time_ms": 3196.687575429678,
  "prefill_ms": 2411.969792097807,
  "decode_loop_ms": 780.4066091775894,
  "decode_steps": 7,
  "decode_tpot_ms": 111.48665845394135,
  "batch_size": 4,
  "prefill_seq_len": 128,
  "actual_prompt_len": 128,
  "max_new_tokens": 8,
  "tokens_per_sec": 0
}