{
  "mode": "serial",
  "role": "ffn_expert",
  "total_time_ms": 13953.010937198997,
  "prefill_ms": 11038.341879844666,
  "decode_loop_ms": 2902.7833938598633,
  "decode_steps": 7,
  "decode_tpot_ms": 414.68334197998047,
  "batch_size": 512,
  "prefill_seq_len": 256,
  "actual_prompt_len": 256,
  "max_new_tokens": 8,
  "tokens_per_sec": 0
}