{
  "mode": "serial",
  "role": "ffn_expert",
  "total_time_ms": 3196.5538058429956,
  "prefill_ms": 2411.832941696048,
  "decode_loop_ms": 780.3972996771336,
  "decode_steps": 7,
  "decode_tpot_ms": 111.4853285253048,
  "batch_size": 4,
  "prefill_seq_len": 128,
  "actual_prompt_len": 128,
  "max_new_tokens": 8,
  "tokens_per_sec": 0
}