{
  "mode": "serial",
  "role": "ffn_expert",
  "total_time_ms": 13953.011505305767,
  "prefill_ms": 11038.020968437195,
  "decode_loop_ms": 2902.7784820646048,
  "decode_steps": 7,
  "decode_tpot_ms": 414.68264029494355,
  "batch_size": 512,
  "prefill_seq_len": 256,
  "actual_prompt_len": 256,
  "max_new_tokens": 8,
  "tokens_per_sec": 0
}