{
  "mode": "serial",
  "role": "ffn_expert",
  "total_time_ms": 3101.655663922429,
  "prefill_ms": 2303.711688145995,
  "decode_loop_ms": 793.2447195053101,
  "decode_steps": 7,
  "decode_tpot_ms": 113.32067421504429,
  "batch_size": 2,
  "prefill_seq_len": 128,
  "actual_prompt_len": 128,
  "max_new_tokens": 8,
  "tokens_per_sec": 0
}