{
  "mode": "serial",
  "role": "ffn_expert",
  "total_time_ms": 4591.282302513719,
  "prefill_ms": 3442.8329784423113,
  "decode_loop_ms": 1143.4838268905878,
  "decode_steps": 7,
  "decode_tpot_ms": 163.3548324129411,
  "batch_size": 64,
  "prefill_seq_len": 128,
  "actual_prompt_len": 128,
  "max_new_tokens": 8,
  "tokens_per_sec": 0
}