{
  "mode": "serial",
  "role": "ffn_expert",
  "total_time_ms": 3383.444620296359,
  "prefill_ms": 2569.5041064172983,
  "decode_loop_ms": 809.3270789831877,
  "decode_steps": 7,
  "decode_tpot_ms": 115.61815414045539,
  "batch_size": 16,
  "prefill_seq_len": 128,
  "actual_prompt_len": 128,
  "max_new_tokens": 8,
  "tokens_per_sec": 0
}