{
  "mode": "serial",
  "role": "ffn_expert",
  "total_time_ms": 4641.930246725678,
  "prefill_ms": 3487.695634365082,
  "decode_loop_ms": 1148.904599249363,
  "decode_steps": 7,
  "decode_tpot_ms": 164.1292284641947,
  "batch_size": 16,
  "prefill_seq_len": 512,
  "actual_prompt_len": 512,
  "max_new_tokens": 8,
  "tokens_per_sec": 0
}