{
  "mode": "serial",
  "role": "ffn_expert",
  "total_time_ms": 9035.295141860843,
  "prefill_ms": 6998.024007305503,
  "decode_loop_ms": 2028.9330314844847,
  "decode_steps": 7,
  "decode_tpot_ms": 289.847575926355,
  "batch_size": 128,
  "prefill_seq_len": 512,
  "actual_prompt_len": 512,
  "max_new_tokens": 8,
  "tokens_per_sec": 0
}