{
  "mode": "serial",
  "role": "ffn_expert",
  "total_time_ms": 4641.962854191661,
  "prefill_ms": 3487.5668231397867,
  "decode_loop_ms": 1148.922635242343,
  "decode_steps": 7,
  "decode_tpot_ms": 164.1318050346204,
  "batch_size": 16,
  "prefill_seq_len": 512,
  "actual_prompt_len": 512,
  "max_new_tokens": 8,
  "tokens_per_sec": 0
}