{
  "mode": "serial",
  "role": "ffn_expert",
  "total_time_ms": 3238.8548385351896,
  "prefill_ms": 2412.7877317368984,
  "decode_loop_ms": 821.1379107087851,
  "decode_steps": 7,
  "decode_tpot_ms": 117.30541581554073,
  "batch_size": 2,
  "prefill_seq_len": 512,
  "actual_prompt_len": 512,
  "max_new_tokens": 8,
  "tokens_per_sec": 0
}