{
  "mode": "serial",
  "role": "ffn_expert",
  "total_time_ms": 6564.412847161293,
  "prefill_ms": 4890.527796000242,
  "decode_loop_ms": 1666.66666790843,
  "decode_steps": 7,
  "decode_tpot_ms": 238.09523827263288,
  "batch_size": 256,
  "prefill_seq_len": 128,
  "actual_prompt_len": 128,
  "max_new_tokens": 8,
  "tokens_per_sec": 0
}