{
  "mode": "serial",
  "role": "ffn_expert",
  "total_time_ms": 13980.214387178421,
  "prefill_ms": 11149.592824280262,
  "decode_loop_ms": 2819.264732301235,
  "decode_steps": 7,
  "decode_tpot_ms": 402.75210461446216,
  "batch_size": 256,
  "prefill_seq_len": 512,
  "actual_prompt_len": 512,
  "max_new_tokens": 8,
  "tokens_per_sec": 0
}