{
  "mode": "serial",
  "role": "attention",
  "total_time_ms": 28681.565549224615,
  "prefill_ms": 24455.535585060716,
  "decode_loop_ms": 4220.640242099762,
  "decode_steps": 7,
  "decode_tpot_ms": 602.9486060142517,
  "batch_size": 128,
  "prefill_seq_len": 2048,
  "actual_prompt_len": 2048,
  "max_new_tokens": 8,
  "tokens_per_sec": 0.2789248022835446,
  "correctness_tokens": [
    2,
    9707,
    11,
    1246
  ],
  "correctness_mode": "decode"
}