{
  "mode": "serial",
  "role": "ffn_expert",
  "total_time_ms": 3196.6541036963463,
  "prefill_ms": 2411.984533071518,
  "decode_loop_ms": 780.4016694426537,
  "decode_steps": 7,
  "decode_tpot_ms": 111.48595277752194,
  "batch_size": 4,
  "prefill_seq_len": 128,
  "actual_prompt_len": 128,
  "max_new_tokens": 8,
  "tokens_per_sec": 0
}