{
  "mode": "serial",
  "role": "ffn_expert",
  "total_time_ms": 9423.983359709382,
  "prefill_ms": 6967.731632292271,
  "decode_loop_ms": 2446.993414312601,
  "decode_steps": 7,
  "decode_tpot_ms": 349.570487758943,
  "batch_size": 512,
  "prefill_seq_len": 128,
  "actual_prompt_len": 128,
  "max_new_tokens": 8,
  "tokens_per_sec": 0
}