{
  "mode": "serial",
  "role": "ffn_expert",
  "total_time_ms": 14330.592760816216,
  "prefill_ms": 11573.559684678912,
  "decode_loop_ms": 2745.540603995323,
  "decode_steps": 7,
  "decode_tpot_ms": 392.2200862850462,
  "batch_size": 128,
  "prefill_seq_len": 1024,
  "actual_prompt_len": 1024,
  "max_new_tokens": 8,
  "tokens_per_sec": 0
}