{
  "mode": "serial",
  "role": "ffn_expert",
  "total_time_ms": 4245.087018236518,
  "prefill_ms": 3240.12459628284,
  "decode_loop_ms": 999.9351240694523,
  "decode_steps": 7,
  "decode_tpot_ms": 142.8478748670646,
  "batch_size": 32,
  "prefill_seq_len": 128,
  "actual_prompt_len": 128,
  "max_new_tokens": 8,
  "tokens_per_sec": 0
}