{
  "mode": "serial",
  "role": "ffn_expert",
  "total_time_ms": 13953.027555719018,
  "prefill_ms": 11037.983065471053,
  "decode_loop_ms": 2902.7835112065077,
  "decode_steps": 7,
  "decode_tpot_ms": 414.6833587437868,
  "batch_size": 512,
  "prefill_seq_len": 256,
  "actual_prompt_len": 256,
  "max_new_tokens": 8,
  "tokens_per_sec": 0
}