{
  "mode": "serial",
  "role": "ffn_coordinator",
  "total_time_ms": 6624.690825119615,
  "prefill_ms": 5197.469957172871,
  "decode_loop_ms": 1422.264140099287,
  "decode_steps": 7,
  "decode_tpot_ms": 203.1805914427553,
  "batch_size": 16,
  "prefill_seq_len": 2048,
  "actual_prompt_len": 2048,
  "max_new_tokens": 8,
  "tokens_per_sec": 0
}