{
  "mode": "serial",
  "role": "ffn_expert",
  "total_time_ms": 4706.460362300277,
  "prefill_ms": 3578.689035028219,
  "decode_loop_ms": 1122.4458757787943,
  "decode_steps": 7,
  "decode_tpot_ms": 160.34941082554204,
  "batch_size": 32,
  "prefill_seq_len": 256,
  "actual_prompt_len": 256,
  "max_new_tokens": 8,
  "tokens_per_sec": 0
}