{
  "mode": "serial",
  "role": "ffn_expert",
  "total_time_ms": 4706.441974267364,
  "prefill_ms": 3578.668152913451,
  "decode_loop_ms": 1122.449254617095,
  "decode_steps": 7,
  "decode_tpot_ms": 160.34989351672786,
  "batch_size": 32,
  "prefill_seq_len": 256,
  "actual_prompt_len": 256,
  "max_new_tokens": 8,
  "tokens_per_sec": 0
}