{
  "mode": "serial",
  "role": "ffn_coordinator",
  "total_time_ms": 3226.3547778129578,
  "prefill_ms": 2445.601461455226,
  "decode_loop_ms": 776.0496847331524,
  "decode_steps": 7,
  "decode_tpot_ms": 110.86424067616463,
  "batch_size": 4,
  "prefill_seq_len": 256,
  "actual_prompt_len": 256,
  "max_new_tokens": 8,
  "tokens_per_sec": 0
}