{
  "mode": "serial",
  "role": "ffn_expert",
  "total_time_ms": 4204.437492415309,
  "prefill_ms": 3295.221460983157,
  "decode_loop_ms": 904.0298350155354,
  "decode_steps": 7,
  "decode_tpot_ms": 129.14711928793363,
  "batch_size": 16,
  "prefill_seq_len": 256,
  "actual_prompt_len": 256,
  "max_new_tokens": 8,
  "tokens_per_sec": 0
}