{
  "mode": "serial",
  "role": "ffn_expert",
  "total_time_ms": 4641.910955309868,
  "prefill_ms": 3487.6286443322897,
  "decode_loop_ms": 1148.917181417346,
  "decode_steps": 7,
  "decode_tpot_ms": 164.13102591676372,
  "batch_size": 16,
  "prefill_seq_len": 512,
  "actual_prompt_len": 512,
  "max_new_tokens": 8,
  "tokens_per_sec": 0
}