{
  "mode": "serial",
  "role": "ffn_expert",
  "total_time_ms": 5230.608459562063,
  "prefill_ms": 3901.1692628264427,
  "decode_loop_ms": 1323.4138526022434,
  "decode_steps": 7,
  "decode_tpot_ms": 189.0591218003205,
  "batch_size": 32,
  "prefill_seq_len": 512,
  "actual_prompt_len": 512,
  "max_new_tokens": 8,
  "tokens_per_sec": 0
}