{
  "mode": "serial",
  "role": "ffn_expert",
  "total_time_ms": 4161.8553921580315,
  "prefill_ms": 3256.873343139887,
  "decode_loop_ms": 900.0025074928999,
  "decode_steps": 7,
  "decode_tpot_ms": 128.57178678469998,
  "batch_size": 4,
  "prefill_seq_len": 1024,
  "actual_prompt_len": 1024,
  "max_new_tokens": 8,
  "tokens_per_sec": 0
}