{
  "mode": "serial",
  "role": "ffn_expert",
  "total_time_ms": 4245.048487558961,
  "prefill_ms": 3239.9894259870052,
  "decode_loop_ms": 999.9270029366016,
  "decode_steps": 7,
  "decode_tpot_ms": 142.8467147052288,
  "batch_size": 32,
  "prefill_seq_len": 128,
  "actual_prompt_len": 128,
  "max_new_tokens": 8,
  "tokens_per_sec": 0
}