{
  "mode": "serial",
  "role": "ffn_expert",
  "total_time_ms": 4464.121917262673,
  "prefill_ms": 3364.561103284359,
  "decode_loop_ms": 1094.7114750742912,
  "decode_steps": 7,
  "decode_tpot_ms": 156.3873535820416,
  "batch_size": 8,
  "prefill_seq_len": 512,
  "actual_prompt_len": 512,
  "max_new_tokens": 8,
  "tokens_per_sec": 0
}