{
  "mode": "serial",
  "role": "ffn_expert",
  "total_time_ms": 3275.914456695318,
  "prefill_ms": 2365.1656806468964,
  "decode_loop_ms": 905.9797991067171,
  "decode_steps": 7,
  "decode_tpot_ms": 129.42568558667386,
  "batch_size": 8,
  "prefill_seq_len": 128,
  "actual_prompt_len": 128,
  "max_new_tokens": 8,
  "tokens_per_sec": 0
}