{
  "mode": "serial",
  "role": "ffn_expert",
  "total_time_ms": 3101.6350835561752,
  "prefill_ms": 2303.759468719363,
  "decode_loop_ms": 793.2551596313715,
  "decode_steps": 7,
  "decode_tpot_ms": 113.3221656616245,
  "batch_size": 2,
  "prefill_seq_len": 128,
  "actual_prompt_len": 128,
  "max_new_tokens": 8,
  "tokens_per_sec": 0
}