{
  "mode": "serial",
  "role": "ffn_expert",
  "total_time_ms": 4204.460704699159,
  "prefill_ms": 3295.3102607280016,
  "decode_loop_ms": 904.0258526802063,
  "decode_steps": 7,
  "decode_tpot_ms": 129.1465503828866,
  "batch_size": 16,
  "prefill_seq_len": 256,
  "actual_prompt_len": 256,
  "max_new_tokens": 8,
  "tokens_per_sec": 0
}