{
  "mode": "serial",
  "role": "ffn_coordinator",
  "total_time_ms": 9035.252122208476,
  "prefill_ms": 7000.785607844591,
  "decode_loop_ms": 2028.934633359313,
  "decode_steps": 7,
  "decode_tpot_ms": 289.84780476561616,
  "batch_size": 128,
  "prefill_seq_len": 512,
  "actual_prompt_len": 512,
  "max_new_tokens": 8,
  "tokens_per_sec": 0
}