{
  "mode": "serial",
  "role": "ffn_coordinator",
  "total_time_ms": 4516.962744295597,
  "prefill_ms": 3590.7591320574284,
  "decode_loop_ms": 921.4805252850056,
  "decode_steps": 7,
  "decode_tpot_ms": 131.6400750407151,
  "batch_size": 4,
  "prefill_seq_len": 2048,
  "actual_prompt_len": 2048,
  "max_new_tokens": 8,
  "tokens_per_sec": 0
}