{
  "mode": "serial",
  "role": "ffn_expert",
  "total_time_ms": 13980.228977277875,
  "prefill_ms": 11149.3965331465,
  "decode_loop_ms": 2819.264881312847,
  "decode_steps": 7,
  "decode_tpot_ms": 402.7521259018353,
  "batch_size": 256,
  "prefill_seq_len": 512,
  "actual_prompt_len": 512,
  "max_new_tokens": 8,
  "tokens_per_sec": 0
}