{
  "mode": "serial",
  "role": "ffn_expert",
  "total_time_ms": 3383.5111167281866,
  "prefill_ms": 2569.538103416562,
  "decode_loop_ms": 809.3284592032433,
  "decode_steps": 7,
  "decode_tpot_ms": 115.61835131474903,
  "batch_size": 16,
  "prefill_seq_len": 128,
  "actual_prompt_len": 128,
  "max_new_tokens": 8,
  "tokens_per_sec": 0
}