{
  "mode": "serial",
  "role": "ffn_expert",
  "total_time_ms": 4530.297892168164,
  "prefill_ms": 3502.125581726432,
  "decode_loop_ms": 1022.486487403512,
  "decode_steps": 7,
  "decode_tpot_ms": 146.06949820050173,
  "batch_size": 8,
  "prefill_seq_len": 1024,
  "actual_prompt_len": 1024,
  "max_new_tokens": 8,
  "tokens_per_sec": 0
}