{
  "mode": "serial",
  "role": "ffn_expert",
  "total_time_ms": 6533.075384795666,
  "prefill_ms": 4947.182381525636,
  "decode_loop_ms": 1578.8080785423517,
  "decode_steps": 7,
  "decode_tpot_ms": 225.54401122033596,
  "batch_size": 128,
  "prefill_seq_len": 256,
  "actual_prompt_len": 256,
  "max_new_tokens": 8,
  "tokens_per_sec": 0
}