{
  "mode": "serial",
  "role": "ffn_expert",
  "total_time_ms": 15049.662750214338,
  "prefill_ms": 12387.807851657271,
  "decode_loop_ms": 2650.5071464926004,
  "decode_steps": 7,
  "decode_tpot_ms": 378.6438780703715,
  "batch_size": 64,
  "prefill_seq_len": 2048,
  "actual_prompt_len": 2048,
  "max_new_tokens": 8,
  "tokens_per_sec": 0
}