{
  "mode": "serial",
  "role": "ffn_expert",
  "total_time_ms": 5230.569010600448,
  "prefill_ms": 3901.320915669203,
  "decode_loop_ms": 1323.4100695699453,
  "decode_steps": 7,
  "decode_tpot_ms": 189.05858136713505,
  "batch_size": 32,
  "prefill_seq_len": 512,
  "actual_prompt_len": 512,
  "max_new_tokens": 8,
  "tokens_per_sec": 0
}