{
  "mode": "serial",
  "role": "ffn_coordinator",
  "total_time_ms": 3196.6593079268932,
  "prefill_ms": 2412.030791863799,
  "decode_loop_ms": 780.4041001945734,
  "decode_steps": 7,
  "decode_tpot_ms": 111.4863000277962,
  "batch_size": 4,
  "prefill_seq_len": 128,
  "actual_prompt_len": 128,
  "max_new_tokens": 8,
  "tokens_per_sec": 0
}