{
  "mode": "serial",
  "role": "ffn_expert",
  "total_time_ms": 6624.702522531152,
  "prefill_ms": 5195.992551743984,
  "decode_loop_ms": 1422.252956777811,
  "decode_steps": 7,
  "decode_tpot_ms": 203.1789938254016,
  "batch_size": 16,
  "prefill_seq_len": 2048,
  "actual_prompt_len": 2048,
  "max_new_tokens": 8,
  "tokens_per_sec": 0
}