{
  "mode": "serial",
  "role": "ffn_coordinator",
  "total_time_ms": 28681.446339935064,
  "prefill_ms": 24453.1382471323,
  "decode_loop_ms": 4220.635320991278,
  "decode_steps": 7,
  "decode_tpot_ms": 602.947902998754,
  "batch_size": 128,
  "prefill_seq_len": 2048,
  "actual_prompt_len": 2048,
  "max_new_tokens": 8,
  "tokens_per_sec": 0
}