{
  "mode": "serial",
  "role": "ffn_expert",
  "total_time_ms": 15049.650378525257,
  "prefill_ms": 12388.046016916633,
  "decode_loop_ms": 2650.520447641611,
  "decode_steps": 7,
  "decode_tpot_ms": 378.6457782345159,
  "batch_size": 64,
  "prefill_seq_len": 2048,
  "actual_prompt_len": 2048,
  "max_new_tokens": 8,
  "tokens_per_sec": 0
}