{
  "mode": "serial",
  "role": "ffn_expert",
  "total_time_ms": 4464.114123955369,
  "prefill_ms": 3364.494752138853,
  "decode_loop_ms": 1094.7097837924957,
  "decode_steps": 7,
  "decode_tpot_ms": 156.38711197035653,
  "batch_size": 8,
  "prefill_seq_len": 512,
  "actual_prompt_len": 512,
  "max_new_tokens": 8,
  "tokens_per_sec": 0
}