{
  "mode": "serial",
  "role": "ffn_expert",
  "total_time_ms": 4641.925694420934,
  "prefill_ms": 3487.5535033643246,
  "decode_loop_ms": 1148.9200089126825,
  "decode_steps": 7,
  "decode_tpot_ms": 164.13142984466893,
  "batch_size": 16,
  "prefill_seq_len": 512,
  "actual_prompt_len": 512,
  "max_new_tokens": 8,
  "tokens_per_sec": 0
}