{
  "mode": "serial",
  "role": "attention",
  "total_time_ms": 4530.308552086353,
  "prefill_ms": 3503.224788233638,
  "decode_loop_ms": 1022.4870163947344,
  "decode_steps": 7,
  "decode_tpot_ms": 146.06957377067633,
  "batch_size": 8,
  "prefill_seq_len": 1024,
  "actual_prompt_len": 1024,
  "max_new_tokens": 8,
  "tokens_per_sec": 1.7658841352683896,
  "correctness_tokens": [
    14374,
    220,
    16,
    13
  ],
  "correctness_mode": "decode"
}