{
  "mode": "serial",
  "role": "ffn_expert",
  "total_time_ms": 3415.954202413559,
  "prefill_ms": 2510.8746271580458,
  "decode_loop_ms": 900.0518564134836,
  "decode_steps": 7,
  "decode_tpot_ms": 128.57883663049765,
  "batch_size": 4,
  "prefill_seq_len": 512,
  "actual_prompt_len": 512,
  "max_new_tokens": 8,
  "tokens_per_sec": 0
}