{
  "mode": "serial",
  "role": "ffn_expert",
  "total_time_ms": 5046.949347481132,
  "prefill_ms": 3983.050551265478,
  "decode_loop_ms": 1058.2408178597689,
  "decode_steps": 7,
  "decode_tpot_ms": 151.17725969425268,
  "batch_size": 8,
  "prefill_seq_len": 2048,
  "actual_prompt_len": 2048,
  "max_new_tokens": 8,
  "tokens_per_sec": 0
}