{
  "mode": "serial",
  "role": "ffn_coordinator",
  "total_time_ms": 5230.575105175376,
  "prefill_ms": 3901.987362653017,
  "decode_loop_ms": 1323.4129808843136,
  "decode_steps": 7,
  "decode_tpot_ms": 189.05899726918764,
  "batch_size": 32,
  "prefill_seq_len": 512,
  "actual_prompt_len": 512,
  "max_new_tokens": 8,
  "tokens_per_sec": 0
}