{
  "mode": "serial",
  "role": "ffn_expert",
  "total_time_ms": 15049.693247303367,
  "prefill_ms": 12387.988943606615,
  "decode_loop_ms": 2650.533366948366,
  "decode_steps": 7,
  "decode_tpot_ms": 378.6476238497666,
  "batch_size": 64,
  "prefill_seq_len": 2048,
  "actual_prompt_len": 2048,
  "max_new_tokens": 8,
  "tokens_per_sec": 0
}