{
  "mode": "serial",
  "role": "ffn_expert",
  "total_time_ms": 9423.9865783602,
  "prefill_ms": 6967.778300866485,
  "decode_loop_ms": 2446.9853825867176,
  "decode_steps": 7,
  "decode_tpot_ms": 349.56934036953106,
  "batch_size": 512,
  "prefill_seq_len": 128,
  "actual_prompt_len": 128,
  "max_new_tokens": 8,
  "tokens_per_sec": 0
}