{
  "mode": "serial",
  "role": "ffn_expert",
  "total_time_ms": 3287.733433768153,
  "prefill_ms": 2535.82177311182,
  "decode_loop_ms": 747.3017871379852,
  "decode_steps": 7,
  "decode_tpot_ms": 106.75739816256932,
  "batch_size": 2,
  "prefill_seq_len": 1024,
  "actual_prompt_len": 1024,
  "max_new_tokens": 8,
  "tokens_per_sec": 0
}