{
  "mode": "serial",
  "role": "ffn_coordinator",
  "total_time_ms": 9423.967508599162,
  "prefill_ms": 6970.434611663222,
  "decode_loop_ms": 2446.9946436583996,
  "decode_steps": 7,
  "decode_tpot_ms": 349.57066337977136,
  "batch_size": 512,
  "prefill_seq_len": 128,
  "actual_prompt_len": 128,
  "max_new_tokens": 8,
  "tokens_per_sec": 0
}