{
  "mode": "serial",
  "role": "ffn_expert",
  "total_time_ms": 3287.757083773613,
  "prefill_ms": 2535.9097234904766,
  "decode_loop_ms": 747.3074644804001,
  "decode_steps": 7,
  "decode_tpot_ms": 106.75820921148572,
  "batch_size": 2,
  "prefill_seq_len": 1024,
  "actual_prompt_len": 1024,
  "max_new_tokens": 8,
  "tokens_per_sec": 0
}