{
  "mode": "serial",
  "role": "ffn_expert",
  "total_time_ms": 4706.4267341047525,
  "prefill_ms": 3578.583911061287,
  "decode_loop_ms": 1122.4511489272118,
  "decode_steps": 7,
  "decode_tpot_ms": 160.35016413245881,
  "batch_size": 32,
  "prefill_seq_len": 256,
  "actual_prompt_len": 256,
  "max_new_tokens": 8,
  "tokens_per_sec": 0
}