{
  "mode": "serial",
  "role": "ffn_expert",
  "total_time_ms": 6533.060064539313,
  "prefill_ms": 4947.435822337866,
  "decode_loop_ms": 1578.813150525093,
  "decode_steps": 7,
  "decode_tpot_ms": 225.544735789299,
  "batch_size": 128,
  "prefill_seq_len": 256,
  "actual_prompt_len": 256,
  "max_new_tokens": 8,
  "tokens_per_sec": 0
}