{
  "mode": "serial",
  "role": "ffn_coordinator",
  "total_time_ms": 3101.627530530095,
  "prefill_ms": 2303.8107957690954,
  "decode_loop_ms": 793.2492699474096,
  "decode_steps": 7,
  "decode_tpot_ms": 113.32132427820137,
  "batch_size": 2,
  "prefill_seq_len": 128,
  "actual_prompt_len": 128,
  "max_new_tokens": 8,
  "tokens_per_sec": 0
}