{
  "mode": "serial",
  "role": "ffn_expert",
  "total_time_ms": 4464.136844500899,
  "prefill_ms": 3364.501252770424,
  "decode_loop_ms": 1094.6961548179388,
  "decode_steps": 7,
  "decode_tpot_ms": 156.38516497399127,
  "batch_size": 8,
  "prefill_seq_len": 512,
  "actual_prompt_len": 512,
  "max_new_tokens": 8,
  "tokens_per_sec": 0
}