{
  "mode": "serial",
  "role": "ffn_expert",
  "total_time_ms": 9031.612833961844,
  "prefill_ms": 6895.852928981185,
  "decode_loop_ms": 2127.0002275705338,
  "decode_steps": 7,
  "decode_tpot_ms": 303.8571753672191,
  "batch_size": 256,
  "prefill_seq_len": 256,
  "actual_prompt_len": 256,
  "max_new_tokens": 8,
  "tokens_per_sec": 0
}