{
  "mode": "serial",
  "role": "attention",
  "total_time_ms": 5222.535736858845,
  "prefill_ms": 3961.1494466662407,
  "decode_loop_ms": 1256.718484684825,
  "decode_steps": 7,
  "decode_tpot_ms": 179.53121209783214,
  "batch_size": 64,
  "prefill_seq_len": 256,
  "actual_prompt_len": 256,
  "max_new_tokens": 8,
  "tokens_per_sec": 1.5318229310598637,
  "correctness_tokens": [
    785,
    2701,
    374,
    264
  ],
  "correctness_mode": "decode"
}