{
  "mode": "serial",
  "role": "ffn_expert",
  "total_time_ms": 6583.256965503097,
  "prefill_ms": 4955.178115516901,
  "decode_loop_ms": 1621.19054608047,
  "decode_steps": 7,
  "decode_tpot_ms": 231.59864944006716,
  "batch_size": 64,
  "prefill_seq_len": 512,
  "actual_prompt_len": 512,
  "max_new_tokens": 8,
  "tokens_per_sec": 0
}