{
  "mode": "serial",
  "role": "ffn_coordinator",
  "total_time_ms": 6564.407899975777,
  "prefill_ms": 4892.225990071893,
  "decode_loop_ms": 1666.6702292859554,
  "decode_steps": 7,
  "decode_tpot_ms": 238.09574704085077,
  "batch_size": 256,
  "prefill_seq_len": 128,
  "actual_prompt_len": 128,
  "max_new_tokens": 8,
  "tokens_per_sec": 0
}