{
  "mode": "serial",
  "role": "ffn_expert",
  "total_time_ms": 13980.217274278402,
  "prefill_ms": 11149.304950609803,
  "decode_loop_ms": 2819.2577455192804,
  "decode_steps": 7,
  "decode_tpot_ms": 402.75110650275434,
  "batch_size": 256,
  "prefill_seq_len": 512,
  "actual_prompt_len": 512,
  "max_new_tokens": 8,
  "tokens_per_sec": 0
}