{
  "mode": "serial",
  "role": "ffn_expert",
  "total_time_ms": 9776.298454031348,
  "prefill_ms": 7873.787714168429,
  "decode_loop_ms": 1894.3104445934296,
  "decode_steps": 7,
  "decode_tpot_ms": 270.6157777990614,
  "batch_size": 32,
  "prefill_seq_len": 2048,
  "actual_prompt_len": 2048,
  "max_new_tokens": 8,
  "tokens_per_sec": 0
}