{
  "mode": "serial",
  "role": "ffn_coordinator",
  "total_time_ms": 3415.8871602267027,
  "prefill_ms": 2510.8857974410057,
  "decode_loop_ms": 900.0438340008259,
  "decode_steps": 7,
  "decode_tpot_ms": 128.57769057154655,
  "batch_size": 4,
  "prefill_seq_len": 512,
  "actual_prompt_len": 512,
  "max_new_tokens": 8,
  "tokens_per_sec": 0
}