{
  "mode": "serial",
  "role": "ffn_expert",
  "total_time_ms": 6512.985080480576,
  "prefill_ms": 5035.676520317793,
  "decode_loop_ms": 1470.5753568559885,
  "decode_steps": 7,
  "decode_tpot_ms": 210.0821938365698,
  "batch_size": 32,
  "prefill_seq_len": 1024,
  "actual_prompt_len": 1024,
  "max_new_tokens": 8,
  "tokens_per_sec": 0
}