{
  "mode": "serial",
  "role": "ffn_expert",
  "total_time_ms": 9035.311391577125,
  "prefill_ms": 6998.2305485755205,
  "decode_loop_ms": 2028.9266388863325,
  "decode_steps": 7,
  "decode_tpot_ms": 289.8466626980475,
  "batch_size": 128,
  "prefill_seq_len": 512,
  "actual_prompt_len": 512,
  "max_new_tokens": 8,
  "tokens_per_sec": 0
}