{
  "mode": "serial",
  "role": "ffn_expert",
  "total_time_ms": 3226.3241074979305,
  "prefill_ms": 2445.5474987626076,
  "decode_loop_ms": 776.0453037917614,
  "decode_steps": 7,
  "decode_tpot_ms": 110.86361482739449,
  "batch_size": 4,
  "prefill_seq_len": 256,
  "actual_prompt_len": 256,
  "max_new_tokens": 8,
  "tokens_per_sec": 0
}