{
  "mode": "serial",
  "role": "attention",
  "total_time_ms": 3226.3714987784624,
  "prefill_ms": 2446.1199808865786,
  "decode_loop_ms": 776.0451771318913,
  "decode_steps": 7,
  "decode_tpot_ms": 110.86359673312732,
  "batch_size": 4,
  "prefill_seq_len": 256,
  "actual_prompt_len": 256,
  "max_new_tokens": 8,
  "tokens_per_sec": 2.47956566781875,
  "correctness_tokens": [
    27,
    91,
    318,
    4906
  ],
  "correctness_mode": "decode"
}