{
  "mode": "serial",
  "role": "ffn_coordinator",
  "total_time_ms": 4591.2787318229675,
  "prefill_ms": 3443.230602890253,
  "decode_loop_ms": 1143.4875633567572,
  "decode_steps": 7,
  "decode_tpot_ms": 163.35536619382245,
  "batch_size": 64,
  "prefill_seq_len": 128,
  "actual_prompt_len": 128,
  "max_new_tokens": 8,
  "tokens_per_sec": 0
}