{
  "mode": "serial",
  "role": "ffn_expert",
  "total_time_ms": 4161.861291155219,
  "prefill_ms": 3256.819684058428,
  "decode_loop_ms": 900.0059384852648,
  "decode_steps": 7,
  "decode_tpot_ms": 128.5722769264664,
  "batch_size": 4,
  "prefill_seq_len": 1024,
  "actual_prompt_len": 1024,
  "max_new_tokens": 8,
  "tokens_per_sec": 0
}