{
  "mode": "serial",
  "role": "ffn_expert",
  "total_time_ms": 3226.304739713669,
  "prefill_ms": 2445.481538772583,
  "decode_loop_ms": 776.0432101786137,
  "decode_steps": 7,
  "decode_tpot_ms": 110.86331573980195,
  "batch_size": 4,
  "prefill_seq_len": 256,
  "actual_prompt_len": 256,
  "max_new_tokens": 8,
  "tokens_per_sec": 0
}