{
  "mode": "serial",
  "role": "ffn_coordinator",
  "total_time_ms": 13980.16325570643,
  "prefill_ms": 11154.569434002042,
  "decode_loop_ms": 2819.2759044468403,
  "decode_steps": 7,
  "decode_tpot_ms": 402.7537006352629,
  "batch_size": 256,
  "prefill_seq_len": 512,
  "actual_prompt_len": 512,
  "max_new_tokens": 8,
  "tokens_per_sec": 0
}