{
  "mode": "serial",
  "role": "attention",
  "total_time_ms": 4161.930399015546,
  "prefill_ms": 3257.7083203941584,
  "decode_loop_ms": 899.9993074685335,
  "decode_steps": 7,
  "decode_tpot_ms": 128.57132963836193,
  "batch_size": 4,
  "prefill_seq_len": 1024,
  "actual_prompt_len": 1024,
  "max_new_tokens": 8,
  "tokens_per_sec": 1.92218495578213,
  "correctness_tokens": [
    14374,
    220,
    16,
    13
  ],
  "correctness_mode": "decode"
}