{
  "mode": "serial",
  "role": "ffn_coordinator",
  "total_time_ms": 13953.047463670373,
  "prefill_ms": 11043.447133153677,
  "decode_loop_ms": 2902.7927424758673,
  "decode_steps": 7,
  "decode_tpot_ms": 414.68467749655247,
  "batch_size": 512,
  "prefill_seq_len": 256,
  "actual_prompt_len": 256,
  "max_new_tokens": 8,
  "tokens_per_sec": 0
}