{
  "mode": "serial",
  "role": "ffn_expert",
  "total_time_ms": 6513.1204929202795,
  "prefill_ms": 5035.730063915253,
  "decode_loop_ms": 1470.5837462097406,
  "decode_steps": 7,
  "decode_tpot_ms": 210.08339231567723,
  "batch_size": 32,
  "prefill_seq_len": 1024,
  "actual_prompt_len": 1024,
  "max_new_tokens": 8,
  "tokens_per_sec": 0
}