{
  "mode": "serial",
  "role": "ffn_expert",
  "total_time_ms": 24871.161065995693,
  "prefill_ms": 20542.21155680716,
  "decode_loop_ms": 4311.537392437458,
  "decode_steps": 7,
  "decode_tpot_ms": 615.9339132053511,
  "batch_size": 256,
  "prefill_seq_len": 1024,
  "actual_prompt_len": 1024,
  "max_new_tokens": 8,
  "tokens_per_sec": 0
}