{
  "mode": "serial",
  "role": "attention",
  "total_time_ms": 9424.051906913519,
  "prefill_ms": 6972.406167536974,
  "decode_loop_ms": 2446.9837937504053,
  "decode_steps": 7,
  "decode_tpot_ms": 349.569113392915,
  "batch_size": 512,
  "prefill_seq_len": 128,
  "actual_prompt_len": 128,
  "max_new_tokens": 8,
  "tokens_per_sec": 0.8488917589822665,
  "correctness_tokens": [
    2,
    220,
    16,
    13
  ],
  "correctness_mode": "decode"
}