{
  "mode": "serial",
  "role": "ffn_expert",
  "total_time_ms": 5046.930687502027,
  "prefill_ms": 3982.9453341662884,
  "decode_loop_ms": 1058.262787759304,
  "decode_steps": 7,
  "decode_tpot_ms": 151.18039825132914,
  "batch_size": 8,
  "prefill_seq_len": 2048,
  "actual_prompt_len": 2048,
  "max_new_tokens": 8,
  "tokens_per_sec": 0
}