{
  "mode": "serial",
  "role": "ffn_coordinator",
  "total_time_ms": 14330.590058118105,
  "prefill_ms": 11578.881917521358,
  "decode_loop_ms": 2745.5363254994154,
  "decode_steps": 7,
  "decode_tpot_ms": 392.2194750713451,
  "batch_size": 128,
  "prefill_seq_len": 1024,
  "actual_prompt_len": 1024,
  "max_new_tokens": 8,
  "tokens_per_sec": 0
}