{
  "mode": "serial",
  "role": "ffn_expert",
  "total_time_ms": 3367.4904871731997,
  "prefill_ms": 2526.2166559696198,
  "decode_loop_ms": 836.1983206123114,
  "decode_steps": 7,
  "decode_tpot_ms": 119.4569029446159,
  "batch_size": 8,
  "prefill_seq_len": 256,
  "actual_prompt_len": 256,
  "max_new_tokens": 8,
  "tokens_per_sec": 0
}