{
  "mode": "serial",
  "role": "ffn_expert",
  "total_time_ms": 3069.5141833275557,
  "prefill_ms": 2320.0421165674925,
  "decode_loop_ms": 745.0681682676077,
  "decode_steps": 7,
  "decode_tpot_ms": 106.43830975251538,
  "batch_size": 2,
  "prefill_seq_len": 256,
  "actual_prompt_len": 256,
  "max_new_tokens": 8,
  "tokens_per_sec": 0
}