{
  "mode": "serial",
  "role": "ffn_expert",
  "total_time_ms": 6564.478540793061,
  "prefill_ms": 4890.947489067912,
  "decode_loop_ms": 1666.6715368628502,
  "decode_steps": 7,
  "decode_tpot_ms": 238.09593383755004,
  "batch_size": 256,
  "prefill_seq_len": 128,
  "actual_prompt_len": 128,
  "max_new_tokens": 8,
  "tokens_per_sec": 0
}