{
  "mode": "serial",
  "role": "ffn_expert",
  "total_time_ms": 3275.924686342478,
  "prefill_ms": 2365.203630179167,
  "decode_loop_ms": 905.9791211038828,
  "decode_steps": 7,
  "decode_tpot_ms": 129.4255887291261,
  "batch_size": 8,
  "prefill_seq_len": 128,
  "actual_prompt_len": 128,
  "max_new_tokens": 8,
  "tokens_per_sec": 0
}