{
  "mode": "serial",
  "role": "ffn_expert",
  "total_time_ms": 5222.421074286103,
  "prefill_ms": 3959.438242018223,
  "decode_loop_ms": 1256.7218951880932,
  "decode_steps": 7,
  "decode_tpot_ms": 179.53169931258475,
  "batch_size": 64,
  "prefill_seq_len": 256,
  "actual_prompt_len": 256,
  "max_new_tokens": 8,
  "tokens_per_sec": 0
}