{
  "mode": "serial",
  "role": "ffn_coordinator",
  "total_time_ms": 3275.863965973258,
  "prefill_ms": 2365.220019593835,
  "decode_loop_ms": 905.9709794819355,
  "decode_steps": 7,
  "decode_tpot_ms": 129.4244256402765,
  "batch_size": 8,
  "prefill_seq_len": 128,
  "actual_prompt_len": 128,
  "max_new_tokens": 8,
  "tokens_per_sec": 0
}