{
  "mode": "serial",
  "role": "attention",
  "total_time_ms": 24871.16519547999,
  "prefill_ms": 20554.735273122787,
  "decode_loop_ms": 4311.523463577032,
  "decode_steps": 7,
  "decode_tpot_ms": 615.9319233681474,
  "batch_size": 256,
  "prefill_seq_len": 1024,
  "actual_prompt_len": 1024,
  "max_new_tokens": 8,
  "tokens_per_sec": 0.32165762790453806,
  "correctness_tokens": [
    14374,
    220,
    16,
    13
  ],
  "correctness_mode": "decode"
}