{
  "mode": "serial",
  "role": "ffn_expert",
  "total_time_ms": 9031.593015417457,
  "prefill_ms": 6896.01987041533,
  "decode_loop_ms": 2126.989606767893,
  "decode_steps": 7,
  "decode_tpot_ms": 303.855658109699,
  "batch_size": 256,
  "prefill_seq_len": 256,
  "actual_prompt_len": 256,
  "max_new_tokens": 8,
  "tokens_per_sec": 0
}