{
  "mode": "serial",
  "role": "ffn_expert",
  "total_time_ms": 3238.868886604905,
  "prefill_ms": 2412.8420669585466,
  "decode_loop_ms": 821.1344107985497,
  "decode_steps": 7,
  "decode_tpot_ms": 117.30491582836423,
  "batch_size": 2,
  "prefill_seq_len": 512,
  "actual_prompt_len": 512,
  "max_new_tokens": 8,
  "tokens_per_sec": 0
}