{
  "mode": "serial",
  "role": "ffn_expert",
  "total_time_ms": 13980.231076478958,
  "prefill_ms": 11149.483874440193,
  "decode_loop_ms": 2819.278985261917,
  "decode_steps": 7,
  "decode_tpot_ms": 402.75414075170244,
  "batch_size": 256,
  "prefill_seq_len": 512,
  "actual_prompt_len": 512,
  "max_new_tokens": 8,
  "tokens_per_sec": 0
}