{
  "mode": "serial",
  "role": "ffn_expert",
  "total_time_ms": 5046.9476748257875,
  "prefill_ms": 3983.072493225336,
  "decode_loop_ms": 1058.2482777535915,
  "decode_steps": 7,
  "decode_tpot_ms": 151.17832539337022,
  "batch_size": 8,
  "prefill_seq_len": 2048,
  "actual_prompt_len": 2048,
  "max_new_tokens": 8,
  "tokens_per_sec": 0
}