{
  "mode": "serial",
  "role": "ffn_expert",
  "total_time_ms": 6533.112024888396,
  "prefill_ms": 4947.461212053895,
  "decode_loop_ms": 1578.803127631545,
  "decode_steps": 7,
  "decode_tpot_ms": 225.54330394736357,
  "batch_size": 128,
  "prefill_seq_len": 256,
  "actual_prompt_len": 256,
  "max_new_tokens": 8,
  "tokens_per_sec": 0
}