{
  "mode": "serial",
  "role": "ffn_expert",
  "total_time_ms": 25479.784986004233,
  "prefill_ms": 21184.004040434957,
  "decode_loop_ms": 4278.241975232959,
  "decode_steps": 7,
  "decode_tpot_ms": 611.1774250332799,
  "batch_size": 512,
  "prefill_seq_len": 512,
  "actual_prompt_len": 512,
  "max_new_tokens": 8,
  "tokens_per_sec": 0
}