{
  "mode": "serial",
  "role": "ffn_expert",
  "total_time_ms": 24871.088145300746,
  "prefill_ms": 20542.169665917754,
  "decode_loop_ms": 4311.537653207779,
  "decode_steps": 7,
  "decode_tpot_ms": 615.9339504582541,
  "batch_size": 256,
  "prefill_seq_len": 1024,
  "actual_prompt_len": 1024,
  "max_new_tokens": 8,
  "tokens_per_sec": 0
}