{
  "mode": "serial",
  "role": "ffn_coordinator",
  "total_time_ms": 4138.194540515542,
  "prefill_ms": 3285.422772169113,
  "decode_loop_ms": 847.9484803974628,
  "decode_steps": 7,
  "decode_tpot_ms": 121.13549719963756,
  "batch_size": 2,
  "prefill_seq_len": 2048,
  "actual_prompt_len": 2048,
  "max_new_tokens": 8,
  "tokens_per_sec": 0
}