{
  "mode": "serial",
  "role": "attention",
  "total_time_ms": 13953.05592380464,
  "prefill_ms": 11045.797737315297,
  "decode_loop_ms": 2902.77742408216,
  "decode_steps": 7,
  "decode_tpot_ms": 414.6824891545943,
  "batch_size": 512,
  "prefill_seq_len": 256,
  "actual_prompt_len": 256,
  "max_new_tokens": 8,
  "tokens_per_sec": 0.5733511027037155,
  "correctness_tokens": [
    27,
    91,
    318,
    4906
  ],
  "correctness_mode": "decode"
}