{
  "mode": "serial",
  "role": "ffn_coordinator",
  "total_time_ms": 25479.80840690434,
  "prefill_ms": 21193.924428895116,
  "decode_loop_ms": 4278.272666037083,
  "decode_steps": 7,
  "decode_tpot_ms": 611.1818094338689,
  "batch_size": 512,
  "prefill_seq_len": 512,
  "actual_prompt_len": 512,
  "max_new_tokens": 8,
  "tokens_per_sec": 0
}