{
  "mode": "serial",
  "role": "ffn_expert",
  "total_time_ms": 4161.9193609803915,
  "prefill_ms": 3256.938984617591,
  "decode_loop_ms": 899.998327717185,
  "decode_steps": 7,
  "decode_tpot_ms": 128.57118967388357,
  "batch_size": 4,
  "prefill_seq_len": 1024,
  "actual_prompt_len": 1024,
  "max_new_tokens": 8,
  "tokens_per_sec": 0
}