{
  "mode": "serial",
  "role": "ffn_expert",
  "total_time_ms": 25479.796685278416,
  "prefill_ms": 21184.018794447184,
  "decode_loop_ms": 4278.263056650758,
  "decode_steps": 7,
  "decode_tpot_ms": 611.1804366643939,
  "batch_size": 512,
  "prefill_seq_len": 512,
  "actual_prompt_len": 512,
  "max_new_tokens": 8,
  "tokens_per_sec": 0
}