{
  "mode": "serial",
  "role": "attention",
  "total_time_ms": 3238.8864643871784,
  "prefill_ms": 2413.4989231824875,
  "decode_loop_ms": 821.1289066821337,
  "decode_steps": 7,
  "decode_tpot_ms": 117.3041295260191,
  "batch_size": 2,
  "prefill_seq_len": 512,
  "actual_prompt_len": 512,
  "max_new_tokens": 8,
  "tokens_per_sec": 2.469984696272353,
  "correctness_tokens": [
    27,
    91,
    318,
    4906
  ],
  "correctness_mode": "decode"
}