{
  "mode": "serial",
  "role": "ffn_expert",
  "total_time_ms": 6513.101728633046,
  "prefill_ms": 5036.07933409512,
  "decode_loop_ms": 1470.575287938118,
  "decode_steps": 7,
  "decode_tpot_ms": 210.08218399115972,
  "batch_size": 32,
  "prefill_seq_len": 1024,
  "actual_prompt_len": 1024,
  "max_new_tokens": 8,
  "tokens_per_sec": 0
}