{
  "mode": "serial",
  "role": "ffn_expert",
  "total_time_ms": 15049.652330577374,
  "prefill_ms": 12387.675331905484,
  "decode_loop_ms": 2650.519907474518,
  "decode_steps": 7,
  "decode_tpot_ms": 378.64570106778825,
  "batch_size": 64,
  "prefill_seq_len": 2048,
  "actual_prompt_len": 2048,
  "max_new_tokens": 8,
  "tokens_per_sec": 0
}