{
  "mode": "serial",
  "role": "ffn_expert",
  "total_time_ms": 25479.80455495417,
  "prefill_ms": 21183.94811451435,
  "decode_loop_ms": 4278.256496414542,
  "decode_steps": 7,
  "decode_tpot_ms": 611.1794994877918,
  "batch_size": 512,
  "prefill_seq_len": 512,
  "actual_prompt_len": 512,
  "max_new_tokens": 8,
  "tokens_per_sec": 0
}