{
  "mode": "serial",
  "role": "ffn_coordinator",
  "total_time_ms": 9776.31358243525,
  "prefill_ms": 7876.430571079254,
  "decode_loop_ms": 1894.3189140409231,
  "decode_steps": 7,
  "decode_tpot_ms": 270.6169877201319,
  "batch_size": 32,
  "prefill_seq_len": 2048,
  "actual_prompt_len": 2048,
  "max_new_tokens": 8,
  "tokens_per_sec": 0
}