{
  "mode": "serial",
  "role": "ffn_expert",
  "total_time_ms": 5222.450904548168,
  "prefill_ms": 3959.613922983408,
  "decode_loop_ms": 1256.7325439304113,
  "decode_steps": 7,
  "decode_tpot_ms": 179.53322056148733,
  "batch_size": 64,
  "prefill_seq_len": 256,
  "actual_prompt_len": 256,
  "max_new_tokens": 8,
  "tokens_per_sec": 0
}