{
  "mode": "serial",
  "role": "ffn_coordinator",
  "total_time_ms": 5222.446333616972,
  "prefill_ms": 3960.3701382875443,
  "decode_loop_ms": 1256.7263059318066,
  "decode_steps": 7,
  "decode_tpot_ms": 179.5323294188295,
  "batch_size": 64,
  "prefill_seq_len": 256,
  "actual_prompt_len": 256,
  "max_new_tokens": 8,
  "tokens_per_sec": 0
}