{
  "mode": "serial",
  "role": "ffn_expert",
  "total_time_ms": 9031.641153618693,
  "prefill_ms": 6896.030209958553,
  "decode_loop_ms": 2127.0021684467793,
  "decode_steps": 7,
  "decode_tpot_ms": 303.85745263525416,
  "batch_size": 256,
  "prefill_seq_len": 256,
  "actual_prompt_len": 256,
  "max_new_tokens": 8,
  "tokens_per_sec": 0
}