{
  "mode": "serial",
  "role": "attention",
  "total_time_ms": 3287.7978328615427,
  "prefill_ms": 2536.652509123087,
  "decode_loop_ms": 747.2966145724058,
  "decode_steps": 7,
  "decode_tpot_ms": 106.7566592246294,
  "batch_size": 2,
  "prefill_seq_len": 1024,
  "actual_prompt_len": 1024,
  "max_new_tokens": 8,
  "tokens_per_sec": 2.4332396353693015,
  "correctness_tokens": [
    14374,
    220,
    16,
    13
  ],
  "correctness_mode": "decode"
}