{
  "mode": "serial",
  "role": "ffn_expert",
  "total_time_ms": 4706.4692340791225,
  "prefill_ms": 3578.5726718604565,
  "decode_loop_ms": 1122.460275888443,
  "decode_steps": 7,
  "decode_tpot_ms": 160.35146798406328,
  "batch_size": 32,
  "prefill_seq_len": 256,
  "actual_prompt_len": 256,
  "max_new_tokens": 8,
  "tokens_per_sec": 0
}