{
  "mode": "serial",
  "role": "ffn_expert",
  "total_time_ms": 9423.936296254396,
  "prefill_ms": 6967.874512076378,
  "decode_loop_ms": 2446.982154622674,
  "decode_steps": 7,
  "decode_tpot_ms": 349.56887923181057,
  "batch_size": 512,
  "prefill_seq_len": 128,
  "actual_prompt_len": 128,
  "max_new_tokens": 8,
  "tokens_per_sec": 0
}