{
  "mode": "serial",
  "role": "ffn_expert",
  "total_time_ms": 5046.980336308479,
  "prefill_ms": 3982.8308541327715,
  "decode_loop_ms": 1058.240357786417,
  "decode_steps": 7,
  "decode_tpot_ms": 151.17719396948814,
  "batch_size": 8,
  "prefill_seq_len": 2048,
  "actual_prompt_len": 2048,
  "max_new_tokens": 8,
  "tokens_per_sec": 0
}