{
  "mode": "serial",
  "role": "ffn_coordinator",
  "total_time_ms": 9195.231057703495,
  "prefill_ms": 7236.386653035879,
  "decode_loop_ms": 1952.6850916445255,
  "decode_steps": 7,
  "decode_tpot_ms": 278.9550130920751,
  "batch_size": 64,
  "prefill_seq_len": 1024,
  "actual_prompt_len": 1024,
  "max_new_tokens": 8,
  "tokens_per_sec": 0
}