{
  "mode": "serial",
  "role": "ffn_expert",
  "total_time_ms": 3196.6284457594156,
  "prefill_ms": 2411.90867125988,
  "decode_loop_ms": 780.4040890187025,
  "decode_steps": 7,
  "decode_tpot_ms": 111.48629843124321,
  "batch_size": 4,
  "prefill_seq_len": 128,
  "actual_prompt_len": 128,
  "max_new_tokens": 8,
  "tokens_per_sec": 0
}