{
  "mode": "serial",
  "role": "attention",
  "total_time_ms": 5173.859477043152,
  "prefill_ms": 3872.1829000860453,
  "decode_loop_ms": 1297.2865048795938,
  "decode_steps": 7,
  "decode_tpot_ms": 185.3266435542277,
  "batch_size": 128,
  "prefill_seq_len": 128,
  "actual_prompt_len": 128,
  "max_new_tokens": 8,
  "tokens_per_sec": 1.5462344958336558,
  "correctness_tokens": [
    2,
    220,
    16,
    13
  ],
  "correctness_mode": "decode"
}