{
  "mode": "serial",
  "role": "ffn_coordinator",
  "total_time_ms": 3367.5062377005816,
  "prefill_ms": 2526.32112801075,
  "decode_loop_ms": 836.2110201269388,
  "decode_steps": 7,
  "decode_tpot_ms": 119.45871716099126,
  "batch_size": 8,
  "prefill_seq_len": 256,
  "actual_prompt_len": 256,
  "max_new_tokens": 8,
  "tokens_per_sec": 0
}