{
  "mode": "serial",
  "role": "ffn_expert",
  "total_time_ms": 4138.219460844994,
  "prefill_ms": 3285.2289602160454,
  "decode_loop_ms": 847.9549493640661,
  "decode_steps": 7,
  "decode_tpot_ms": 121.13642133772373,
  "batch_size": 2,
  "prefill_seq_len": 2048,
  "actual_prompt_len": 2048,
  "max_new_tokens": 8,
  "tokens_per_sec": 0
}