{
  "mode": "serial",
  "role": "ffn_coordinator",
  "total_time_ms": 3069.588080048561,
  "prefill_ms": 2320.1444279402494,
  "decode_loop_ms": 745.0827118009329,
  "decode_steps": 7,
  "decode_tpot_ms": 106.44038740013328,
  "batch_size": 2,
  "prefill_seq_len": 256,
  "actual_prompt_len": 256,
  "max_new_tokens": 8,
  "tokens_per_sec": 0
}