{
  "mode": "serial",
  "role": "ffn_expert",
  "total_time_ms": 3196.658844128251,
  "prefill_ms": 2411.939211189747,
  "decode_loop_ms": 780.404569581151,
  "decode_steps": 7,
  "decode_tpot_ms": 111.48636708302158,
  "batch_size": 4,
  "prefill_seq_len": 128,
  "actual_prompt_len": 128,
  "max_new_tokens": 8,
  "tokens_per_sec": 0
}