{
  "mode": "serial",
  "role": "ffn_expert",
  "total_time_ms": 5127.756737172604,
  "prefill_ms": 3902.1929670125246,
  "decode_loop_ms": 1219.501605257392,
  "decode_steps": 7,
  "decode_tpot_ms": 174.21451503677028,
  "batch_size": 16,
  "prefill_seq_len": 1024,
  "actual_prompt_len": 1024,
  "max_new_tokens": 8,
  "tokens_per_sec": 0
}