{
  "mode": "serial",
  "role": "ffn_expert",
  "total_time_ms": 4591.323934495449,
  "prefill_ms": 3442.797690629959,
  "decode_loop_ms": 1143.4851940721273,
  "decode_steps": 7,
  "decode_tpot_ms": 163.35502772458963,
  "batch_size": 64,
  "prefill_seq_len": 128,
  "actual_prompt_len": 128,
  "max_new_tokens": 8,
  "tokens_per_sec": 0
}