{
  "mode": "serial",
  "role": "ffn_expert",
  "total_time_ms": 4138.185292482376,
  "prefill_ms": 3285.1990908384323,
  "decode_loop_ms": 847.9548431932926,
  "decode_steps": 7,
  "decode_tpot_ms": 121.13640617047038,
  "batch_size": 2,
  "prefill_seq_len": 2048,
  "actual_prompt_len": 2048,
  "max_new_tokens": 8,
  "tokens_per_sec": 0
}