{
  "mode": "serial",
  "role": "ffn_coordinator",
  "total_time_ms": 24871.143225580454,
  "prefill_ms": 20552.106944844127,
  "decode_loop_ms": 4311.54859252274,
  "decode_steps": 7,
  "decode_tpot_ms": 615.9355132175343,
  "batch_size": 256,
  "prefill_seq_len": 1024,
  "actual_prompt_len": 1024,
  "max_new_tokens": 8,
  "tokens_per_sec": 0
}