{
  "mode": "serial",
  "role": "ffn_expert",
  "total_time_ms": 4161.835530772805,
  "prefill_ms": 3256.8390425294638,
  "decode_loop_ms": 899.9998774379492,
  "decode_steps": 7,
  "decode_tpot_ms": 128.57141106256418,
  "batch_size": 4,
  "prefill_seq_len": 1024,
  "actual_prompt_len": 1024,
  "max_new_tokens": 8,
  "tokens_per_sec": 0
}