{
  "mode": "serial",
  "role": "ffn_coordinator",
  "total_time_ms": 4641.971796751022,
  "prefill_ms": 3488.1113059818745,
  "decode_loop_ms": 1148.9241197705269,
  "decode_steps": 7,
  "decode_tpot_ms": 164.13201711007528,
  "batch_size": 16,
  "prefill_seq_len": 512,
  "actual_prompt_len": 512,
  "max_new_tokens": 8,
  "tokens_per_sec": 0
}