{
  "mode": "serial",
  "role": "ffn_expert",
  "total_time_ms": 3101.668044924736,
  "prefill_ms": 2303.8004767149687,
  "decode_loop_ms": 793.2505793869495,
  "decode_steps": 7,
  "decode_tpot_ms": 113.32151134099279,
  "batch_size": 2,
  "prefill_seq_len": 128,
  "actual_prompt_len": 128,
  "max_new_tokens": 8,
  "tokens_per_sec": 0
}