{
  "mode": "serial",
  "role": "ffn_expert",
  "total_time_ms": 5230.597551912069,
  "prefill_ms": 3901.3803862035275,
  "decode_loop_ms": 1323.4158530831337,
  "decode_steps": 7,
  "decode_tpot_ms": 189.05940758330482,
  "batch_size": 32,
  "prefill_seq_len": 512,
  "actual_prompt_len": 512,
  "max_new_tokens": 8,
  "tokens_per_sec": 0
}