{
  "mode": "serial",
  "role": "attention",
  "total_time_ms": 3367.551716044545,
  "prefill_ms": 2526.960803195834,
  "decode_loop_ms": 836.2101074308157,
  "decode_steps": 7,
  "decode_tpot_ms": 119.45858677583081,
  "batch_size": 8,
  "prefill_seq_len": 256,
  "actual_prompt_len": 256,
  "max_new_tokens": 8,
  "tokens_per_sec": 2.3756131084444427,
  "correctness_tokens": [
    27,
    91,
    318,
    4906
  ],
  "correctness_mode": "decode"
}