{
  "mode": "serial",
  "role": "ffn_coordinator",
  "total_time_ms": 4464.10614438355,
  "prefill_ms": 3364.7024240344763,
  "decode_loop_ms": 1094.7117749601603,
  "decode_steps": 7,
  "decode_tpot_ms": 156.38739642288004,
  "batch_size": 8,
  "prefill_seq_len": 512,
  "actual_prompt_len": 512,
  "max_new_tokens": 8,
  "tokens_per_sec": 0
}