{
  "mode": "serial",
  "role": "ffn_coordinator",
  "total_time_ms": 4204.404421150684,
  "prefill_ms": 3295.408319681883,
  "decode_loop_ms": 904.0322452783585,
  "decode_steps": 7,
  "decode_tpot_ms": 129.14746361119407,
  "batch_size": 16,
  "prefill_seq_len": 256,
  "actual_prompt_len": 256,
  "max_new_tokens": 8,
  "tokens_per_sec": 0
}