{
  "mode": "serial",
  "role": "ffn_expert",
  "total_time_ms": 9195.2780559659,
  "prefill_ms": 7233.757883310318,
  "decode_loop_ms": 1952.6908118277788,
  "decode_steps": 7,
  "decode_tpot_ms": 278.95583026111126,
  "batch_size": 64,
  "prefill_seq_len": 1024,
  "actual_prompt_len": 1024,
  "max_new_tokens": 8,
  "tokens_per_sec": 0
}