{
  "mode": "serial",
  "role": "ffn_expert",
  "total_time_ms": 2805.178875103593,
  "prefill_ms": 2354.5470517128706,
  "decode_loop_ms": 391.23569428920746,
  "decode_steps": 1,
  "decode_tpot_ms": 391.23569428920746,
  "batch_size": 1,
  "prefill_seq_len": 4,
  "actual_prompt_len": 4,
  "max_new_tokens": 2,
  "tokens_per_sec": 0
}