{
  "mode": "serial",
  "role": "ffn_coordinator",
  "total_time_ms": 2805.1697239279747,
  "prefill_ms": 2354.7283113002777,
  "decode_loop_ms": 391.23065397143364,
  "decode_steps": 1,
  "decode_tpot_ms": 391.23065397143364,
  "batch_size": 1,
  "prefill_seq_len": 4,
  "actual_prompt_len": 4,
  "max_new_tokens": 2,
  "tokens_per_sec": 0
}