{
  "mode": "serial",
  "role": "attention",
  "total_time_ms": 2805.284336209297,
  "prefill_ms": 2355.2309554070234,
  "decode_loop_ms": 391.2410959601402,
  "decode_steps": 1,
  "decode_tpot_ms": 391.2410959601402,
  "batch_size": 1,
  "prefill_seq_len": 4,
  "actual_prompt_len": 4,
  "max_new_tokens": 2,
  "tokens_per_sec": 0.7129402086572602
}