{
  "mode": "serial",
  "role": "attention",
  "total_time_ms": 25640.25895576924,
  "batch_size": 128,
  "max_new_tokens": 20,
  "tokens_per_sec": 0.7800233232628822
}