{
  "mode": "serial",
  "role": "attention",
  "total_time_ms": 25060.88389083743,
  "batch_size": 128,
  "max_new_tokens": 20,
  "tokens_per_sec": 0.7980564487317324
}