{
  "mode": "serial",
  "role": "attention",
  "total_time_ms": 26214.3209092319,
  "batch_size": 128,
  "max_new_tokens": 20,
  "tokens_per_sec": 0.7629417549762503
}