{
  "mode": "serial",
  "role": "attention",
  "total_time_ms": 25350.047264248133,
  "prefill_ms": 3101.923331618309,
  "decode_loop_ms": 22064.61326032877,
  "decode_steps": 19,
  "decode_tpot_ms": 1161.2954347541458,
  "batch_size": 128,
  "max_new_tokens": 20,
  "tokens_per_sec": 0.7889531641310409
}