{
  "mode": "serial",
  "role": "attention",
  "total_time_ms": 25061.686757020652,
  "prefill_ms": 3104.835589416325,
  "decode_loop_ms": 21777.758894488215,
  "decode_steps": 19,
  "decode_tpot_ms": 1146.1978365520113,
  "batch_size": 128,
  "max_new_tokens": 20,
  "tokens_per_sec": 0.7980308825142147
}