{
  "mode": "serial",
  "role": "attention",
  "total_time_ms": 13897.05598168075,
  "batch_size": 16,
  "max_new_tokens": 20,
  "tokens_per_sec": 1.4391537334500355,
  "prefill_ms": 4677.259927615523,
  "decode_step_ms": 460.9898027032614
}