{
  "mode": "serial",
  "role": "attention",
  "total_time_ms": 13124.87009447068,
  "prefill_ms": 2154.763297177851,
  "decode_loop_ms": 10743.969233706594,
  "decode_steps": 19,
  "decode_tpot_ms": 565.472064931926,
  "batch_size": 16,
  "max_new_tokens": 20,
  "tokens_per_sec": 1.5238246059612974
}