{
  "mode": "serial",
  "role": "attention",
  "total_time_ms": 14273.252919316292,
  "prefill_ms": 2142.733876593411,
  "decode_loop_ms": 11905.822662636638,
  "decode_steps": 19,
  "decode_tpot_ms": 626.6222454019284,
  "batch_size": 16,
  "max_new_tokens": 20,
  "tokens_per_sec": 1.401222280096612
}