{
  "mode": "serial",
  "role": "attention",
  "total_time_ms": 14687.276716344059,
  "prefill_ms": 2138.529485091567,
  "decode_loop_ms": 12324.882519431412,
  "decode_steps": 19,
  "decode_tpot_ms": 648.6780273384953,
  "batch_size": 16,
  "max_new_tokens": 20,
  "tokens_per_sec": 1.3617228289669194
}