{
  "mode": "serial",
  "role": "attention",
  "total_time_ms": 28808.88620764017,
  "prefill_ms": 3810.1685037836432,
  "decode_loop_ms": 24809.73927117884,
  "decode_steps": 19,
  "decode_tpot_ms": 1305.7757511146758,
  "batch_size": 192,
  "max_new_tokens": 20,
  "tokens_per_sec": 0.6942302404837839
}