{
  "mode": "serial",
  "role": "attention",
  "total_time_ms": 6352.161015383899,
  "prefill_ms": 2082.414859905839,
  "decode_loop_ms": 4045.3661270439625,
  "decode_steps": 19,
  "decode_tpot_ms": 212.91400668652435,
  "batch_size": 2,
  "max_new_tokens": 20,
  "tokens_per_sec": 3.1485347980889116
}