{
  "mode": "serial",
  "role": "attention",
  "total_time_ms": 6646.154309622943,
  "prefill_ms": 2098.6857572570443,
  "decode_loop_ms": 4319.533568806946,
  "decode_steps": 19,
  "decode_tpot_ms": 227.34387204247085,
  "batch_size": 2,
  "max_new_tokens": 20,
  "tokens_per_sec": 3.0092590494087794
}