{
  "mode": "serial",
  "role": "attention",
  "total_time_ms": 6300.797833129764,
  "batch_size": 2,
  "max_new_tokens": 20,
  "tokens_per_sec": 3.174201193194847,
  "prefill_ms": 3144.831263460219,
  "decode_step_ms": 157.79832848347723
}