{
  "mode": "serial",
  "role": "attention",
  "total_time_ms": 6348.2486652210355,
  "prefill_ms": 2084.7174311056733,
  "decode_loop_ms": 4039.405553601682,
  "decode_steps": 19,
  "decode_tpot_ms": 212.60029229482538,
  "batch_size": 2,
  "max_new_tokens": 20,
  "tokens_per_sec": 3.150475202644513
}