{
  "mode": "serial",
  "role": "attention",
  "total_time_ms": 6497.464464046061,
  "prefill_ms": 2096.784520894289,
  "decode_loop_ms": 4174.770493991673,
  "decode_steps": 19,
  "decode_tpot_ms": 219.724762841667,
  "batch_size": 2,
  "max_new_tokens": 20,
  "tokens_per_sec": 3.078123799009702
}