{
  "mode": "serial",
  "role": "attention",
  "total_time_ms": 6647.283878177404,
  "prefill_ms": 2073.1600131839514,
  "decode_loop_ms": 4349.499082192779,
  "decode_steps": 19,
  "decode_tpot_ms": 228.9210043259357,
  "batch_size": 2,
  "max_new_tokens": 20,
  "tokens_per_sec": 3.0087476880081327
}