{
  "mode": "serial",
  "role": "attention",
  "total_time_ms": 18642.059717327356,
  "prefill_ms": 2316.3362378254533,
  "decode_loop_ms": 16092.982939444482,
  "decode_steps": 19,
  "decode_tpot_ms": 846.9991020760253,
  "batch_size": 32,
  "max_new_tokens": 20,
  "tokens_per_sec": 1.072842824412287
}