{
  "mode": "serial",
  "role": "attention",
  "total_time_ms": 16293.906948529184,
  "prefill_ms": 2307.816890999675,
  "decode_loop_ms": 13756.978577002883,
  "decode_steps": 19,
  "decode_tpot_ms": 724.0515040527833,
  "batch_size": 32,
  "max_new_tokens": 20,
  "tokens_per_sec": 1.2274526952423377
}