{
  "mode": "serial",
  "role": "attention",
  "total_time_ms": 17583.379385061562,
  "batch_size": 32,
  "max_new_tokens": 20,
  "tokens_per_sec": 1.1374377792810149
}