{
  "mode": "serial",
  "role": "attention",
  "total_time_ms": 18095.751996152103,
  "batch_size": 32,
  "max_new_tokens": 20,
  "tokens_per_sec": 1.1052317695475058,
  "prefill_ms": 8832.399242557585,
  "decode_step_ms": 463.1676376797259
}