{
  "mode": "serial",
  "role": "attention",
  "total_time_ms": 7922.347081825137,
  "prefill_ms": 2064.519576728344,
  "decode_loop_ms": 5634.762852452695,
  "decode_steps": 19,
  "decode_tpot_ms": 296.5664659185629,
  "batch_size": 4,
  "max_new_tokens": 20,
  "tokens_per_sec": 2.524504391619312
}