{
  "mode": "serial",
  "role": "attention",
  "total_time_ms": 8599.081253632903,
  "batch_size": 4,
  "max_new_tokens": 20,
  "tokens_per_sec": 2.325829866016266,
  "prefill_ms": 4009.609998203814,
  "decode_step_ms": 229.47356277145445
}