{
  "mode": "serial",
  "role": "attention",
  "total_time_ms": 8549.448823556304,
  "batch_size": 4,
  "max_new_tokens": 20,
  "tokens_per_sec": 2.3393320917828038,
  "prefill_ms": 3730.106615461409,
  "decode_step_ms": 240.96711040474474
}