{
  "mode": "serial",
  "role": "attention",
  "total_time_ms": 8532.62278996408,
  "batch_size": 4,
  "max_new_tokens": 20,
  "tokens_per_sec": 2.3439451728164578,
  "prefill_ms": 4910.130805335939,
  "decode_step_ms": 181.12459923140705
}