{
  "mode": "serial",
  "role": "attention",
  "total_time_ms": 20696.46798633039,
  "prefill_ms": 2585.714048705995,
  "decode_loop_ms": 17868.6156058684,
  "decode_steps": 19,
  "decode_tpot_ms": 940.453452940442,
  "batch_size": 64,
  "max_new_tokens": 20,
  "tokens_per_sec": 0.9663484616413587
}