{
  "mode": "serial",
  "role": "attention",
  "total_time_ms": 21253.562359139323,
  "prefill_ms": 2510.808549821377,
  "decode_loop_ms": 18516.853905282915,
  "decode_steps": 19,
  "decode_tpot_ms": 974.571258172785,
  "batch_size": 64,
  "max_new_tokens": 20,
  "tokens_per_sec": 0.9410187178056636
}