{
  "mode": "serial",
  "role": "attention",
  "total_time_ms": 21742.4060665071,
  "prefill_ms": 2543.915173970163,
  "decode_loop_ms": 18961.225557141006,
  "decode_steps": 19,
  "decode_tpot_ms": 997.9592398495266,
  "batch_size": 64,
  "max_new_tokens": 20,
  "tokens_per_sec": 0.9198613961501172
}