{
  "mode": "serial",
  "role": "attention",
  "total_time_ms": 21965.78480117023,
  "prefill_ms": 2527.7926782146096,
  "decode_loop_ms": 19206.913771107793,
  "decode_steps": 19,
  "decode_tpot_ms": 1010.8901984793575,
  "batch_size": 64,
  "max_new_tokens": 20,
  "tokens_per_sec": 0.9105069625800257
}