{
  "mode": "serial",
  "role": "attention",
  "total_time_ms": 22127.045914530754,
  "batch_size": 64,
  "max_new_tokens": 20,
  "tokens_per_sec": 0.903871220643424,
  "prefill_ms": 8504.785725846887,
  "decode_step_ms": 681.1130094341934
}