{
  "mode": "serial",
  "role": "attention",
  "total_time_ms": 11599.47588853538,
  "batch_size": 8,
  "max_new_tokens": 20,
  "tokens_per_sec": 1.7242158345936542
}