{
  "mode": "serial",
  "role": "attention",
  "total_time_ms": 10772.417138330638,
  "prefill_ms": 2106.7271707579494,
  "decode_loop_ms": 8434.458979405463,
  "decode_steps": 19,
  "decode_tpot_ms": 443.9188936529191,
  "batch_size": 8,
  "max_new_tokens": 20,
  "tokens_per_sec": 1.8565935335752628
}