{
  "mode": "serial",
  "role": "attention",
  "total_time_ms": 11085.236728191376,
  "prefill_ms": 2084.048676304519,
  "decode_loop_ms": 8773.719623684883,
  "decode_steps": 19,
  "decode_tpot_ms": 461.77471703604647,
  "batch_size": 8,
  "max_new_tokens": 20,
  "tokens_per_sec": 1.8042014338888297
}