{
  "mode": "serial",
  "role": "attention",
  "total_time_ms": 11760.82198601216,
  "batch_size": 8,
  "max_new_tokens": 20,
  "tokens_per_sec": 1.700561408359652
}