{
  "mode": "serial",
  "role": "attention",
  "total_time_ms": 10655.02727869898,
  "batch_size": 8,
  "max_new_tokens": 20,
  "tokens_per_sec": 1.8770482211700237,
  "prefill_ms": 4797.95054718852,
  "decode_step_ms": 292.853836575523
}