{
  "mode": "serial",
  "role": "attention",
  "total_time_ms": 11454.10260092467,
  "prefill_ms": 2098.743767477572,
  "decode_loop_ms": 9125.308024697006,
  "decode_steps": 19,
  "decode_tpot_ms": 480.27936972089503,
  "batch_size": 8,
  "max_new_tokens": 20,
  "tokens_per_sec": 1.7460992534138322
}