{
  "mode": "serial",
  "role": "attention",
  "total_time_ms": 11310.329547151923,
  "prefill_ms": 2089.9559538811445,
  "decode_loop_ms": 8993.668384850025,
  "decode_steps": 19,
  "decode_tpot_ms": 473.35096762368556,
  "batch_size": 8,
  "max_new_tokens": 20,
  "tokens_per_sec": 1.7682950719182395
}