{
  "mode": "serial",
  "role": "attention",
  "total_time_ms": 23550.42531527579,
  "prefill_ms": 2827.2755704820156,
  "decode_loop_ms": 20491.73996783793,
  "decode_steps": 19,
  "decode_tpot_ms": 1078.512629886207,
  "batch_size": 96,
  "max_new_tokens": 20,
  "tokens_per_sec": 0.8492415628276219
}