{
  "mode": "serial",
  "role": "attention",
  "total_time_ms": 23872.3530061543,
  "batch_size": 96,
  "max_new_tokens": 20,
  "tokens_per_sec": 0.8377892198076995
}