{
  "mode": "serial",
  "role": "attention",
  "total_time_ms": 22055.43779209256,
  "prefill_ms": 1946.1229555308819,
  "decode_loop_ms": 19685.664102435112,
  "decode_steps": 19,
  "decode_tpot_ms": 1036.08758433869,
  "batch_size": 128,
  "max_new_tokens": 20,
  "tokens_per_sec": 0.9068058493570466
}