{
  "mode": "serial",
  "role": "attention",
  "total_time_ms": 21188.40570934117,
  "prefill_ms": 1874.3248842656612,
  "decode_loop_ms": 18882.219152525067,
  "decode_steps": 19,
  "decode_tpot_ms": 993.8010080276351,
  "batch_size": 128,
  "max_new_tokens": 20,
  "tokens_per_sec": 0.9439124526100025
}