{
  "mode": "serial",
  "role": "attention",
  "total_time_ms": 21022.90246449411,
  "prefill_ms": 1923.0541866272688,
  "decode_loop_ms": 18672.369837760925,
  "decode_steps": 19,
  "decode_tpot_ms": 982.756307250575,
  "batch_size": 128,
  "max_new_tokens": 20,
  "tokens_per_sec": 0.9513434233821089
}