{
  "mode": "serial",
  "role": "attention",
  "total_time_ms": 20250.43706037104,
  "prefill_ms": 1899.8658526688814,
  "decode_loop_ms": 17920.735171064734,
  "decode_steps": 19,
  "decode_tpot_ms": 943.1965879507756,
  "batch_size": 128,
  "max_new_tokens": 20,
  "tokens_per_sec": 0.987633004679137
}