{
  "mode": "serial",
  "role": "attention",
  "total_time_ms": 11006.303725764155,
  "prefill_ms": 1842.3010278493166,
  "decode_loop_ms": 9044.470738619566,
  "decode_steps": 19,
  "decode_tpot_ms": 476.02477571681925,
  "batch_size": 16,
  "max_new_tokens": 20,
  "tokens_per_sec": 1.8171404767963026
}