{
  "mode": "serial",
  "role": "attention",
  "total_time_ms": 11158.246736973524,
  "batch_size": 16,
  "max_new_tokens": 20,
  "tokens_per_sec": 1.7923962851375919
}