{
  "mode": "serial",
  "role": "attention",
  "total_time_ms": 11159.26261804998,
  "prefill_ms": 1860.9416354447603,
  "decode_loop_ms": 9175.649983808398,
  "decode_steps": 19,
  "decode_tpot_ms": 482.92894651623146,
  "batch_size": 16,
  "max_new_tokens": 20,
  "tokens_per_sec": 1.7922331147266155
}