{
  "mode": "serial",
  "role": "attention",
  "total_time_ms": 11151.162963360548,
  "batch_size": 16,
  "max_new_tokens": 20,
  "tokens_per_sec": 1.7935349044502475,
  "prefill_ms": 1117.4843162298203,
  "decode_step_ms": 501.6839323565364
}
