{
  "mode": "serial",
  "role": "attention",
  "total_time_ms": 10804.038014262915,
  "batch_size": 16,
  "max_new_tokens": 20,
  "tokens_per_sec": 1.8511597213557622
}