{
  "mode": "serial",
  "role": "attention",
  "total_time_ms": 9985.976081341505,
  "batch_size": 16,
  "max_new_tokens": 20,
  "tokens_per_sec": 2.0028087226615128
}