{
  "mode": "serial",
  "role": "attention",
  "total_time_ms": 32448.760826140642,
  "batch_size": 256,
  "max_new_tokens": 20,
  "tokens_per_sec": 0.6163563566312846
}