{
  "mode": "serial",
  "role": "attention",
  "total_time_ms": 31911.544336006045,
  "batch_size": 256,
  "max_new_tokens": 20,
  "tokens_per_sec": 0.6267324385624874
}