{
  "mode": "serial",
  "role": "attention",
  "total_time_ms": 32706.776885315776,
  "batch_size": 256,
  "max_new_tokens": 20,
  "tokens_per_sec": 0.6114940665088683
}