{
  "mode": "serial",
  "role": "attention",
  "total_time_ms": 31606.957778334618,
  "batch_size": 256,
  "max_new_tokens": 20,
  "tokens_per_sec": 0.6327720668424864
}