{
  "mode": "serial",
  "role": "attention",
  "total_time_ms": 31459.813928231597,
  "batch_size": 256,
  "max_new_tokens": 20,
  "tokens_per_sec": 0.6357316685224346
}