{
  "mode": "serial",
  "role": "attention",
  "total_time_ms": 32431.164355948567,
  "prefill_ms": 2145.0971234589815,
  "decode_loop_ms": 29471.55898064375,
  "decode_steps": 19,
  "decode_tpot_ms": 1551.1346831917763,
  "batch_size": 256,
  "max_new_tokens": 20,
  "tokens_per_sec": 0.6166907786747895
}