{
  "mode": "serial",
  "role": "attention",
  "total_time_ms": 6498.888416215777,
  "batch_size": 2,
  "max_new_tokens": 20,
  "tokens_per_sec": 3.077449360431665
}