{
  "mode": "serial",
  "role": "attention",
  "total_time_ms": 6666.242765262723,
  "batch_size": 2,
  "max_new_tokens": 20,
  "tokens_per_sec": 3.000190767761783,
  "prefill_ms": 533.4938038140535,
  "decode_step_ms": 306.6374480724335
}
