{
  "mode": "serial",
  "role": "attention",
  "total_time_ms": 13179.198276251554,
  "batch_size": 32,
  "max_new_tokens": 20,
  "tokens_per_sec": 1.5175429931909656
}