{
  "mode": "serial",
  "role": "attention",
  "total_time_ms": 12738.589575514197,
  "prefill_ms": 1811.7517735809088,
  "decode_loop_ms": 10773.904392495751,
  "decode_steps": 19,
  "decode_tpot_ms": 567.0475996050395,
  "batch_size": 32,
  "max_new_tokens": 20,
  "tokens_per_sec": 1.5700325284396874
}