{
  "mode": "serial",
  "role": "attention",
  "total_time_ms": 12721.05853073299,
  "batch_size": 32,
  "max_new_tokens": 20,
  "tokens_per_sec": 1.572196209276273
}