{
  "mode": "serial",
  "role": "attention",
  "total_time_ms": 13668.351029977202,
  "prefill_ms": 1846.7019218951464,
  "decode_loop_ms": 11667.276805266738,
  "decode_steps": 19,
  "decode_tpot_ms": 614.0672002771968,
  "batch_size": 32,
  "max_new_tokens": 20,
  "tokens_per_sec": 1.4632342962319544
}