{
  "mode": "serial",
  "role": "attention",
  "total_time_ms": 13029.310708865523,
  "prefill_ms": 1952.3568022996187,
  "decode_loop_ms": 10919.870534911752,
  "decode_steps": 19,
  "decode_tpot_ms": 574.7300281532501,
  "batch_size": 32,
  "max_new_tokens": 20,
  "tokens_per_sec": 1.535000618750416
}