{
  "mode": "serial",
  "role": "attention",
  "total_time_ms": 6470.415769144893,
  "batch_size": 4,
  "max_new_tokens": 20,
  "tokens_per_sec": 3.090991477761425
}