{
  "mode": "serial",
  "role": "attention",
  "total_time_ms": 6864.834483712912,
  "prefill_ms": 1810.6880709528923,
  "decode_loop_ms": 4960.071938112378,
  "decode_steps": 19,
  "decode_tpot_ms": 261.0564177953883,
  "batch_size": 4,
  "max_new_tokens": 20,
  "tokens_per_sec": 2.9133987203115796
}