{
  "mode": "serial",
  "role": "attention",
  "total_time_ms": 7011.267840862274,
  "batch_size": 4,
  "max_new_tokens": 20,
  "tokens_per_sec": 2.852551129688453
}