{
  "mode": "serial",
  "role": "attention",
  "total_time_ms": 6706.047663465142,
  "prefill_ms": 1810.3188294917345,
  "decode_loop_ms": 4801.7187640070915,
  "decode_steps": 19,
  "decode_tpot_ms": 252.72204021089956,
  "batch_size": 4,
  "max_new_tokens": 20,
  "tokens_per_sec": 2.982382619938854
}