{
  "mode": "serial",
  "role": "attention",
  "total_time_ms": 6695.623129606247,
  "batch_size": 4,
  "max_new_tokens": 20,
  "tokens_per_sec": 2.9870259440925477
}