{
  "mode": "serial",
  "role": "attention",
  "total_time_ms": 7039.155181497335,
  "batch_size": 4,
  "max_new_tokens": 20,
  "tokens_per_sec": 2.8412500483823253
}