{
  "mode": "serial",
  "role": "attention",
  "total_time_ms": 48882.351560518146,
  "batch_size": 512,
  "max_new_tokens": 20,
  "tokens_per_sec": 0.4091456192576837
}