{
  "mode": "serial",
  "role": "attention",
  "total_time_ms": 48568.08189302683,
  "batch_size": 512,
  "max_new_tokens": 20,
  "tokens_per_sec": 0.4117930793324474
}