{
  "mode": "serial",
  "role": "attention",
  "total_time_ms": 49114.352889359,
  "prefill_ms": 2432.1729075163603,
  "decode_loop_ms": 45159.70088727772,
  "decode_steps": 19,
  "decode_tpot_ms": 2376.826362488301,
  "batch_size": 512,
  "max_new_tokens": 20,
  "tokens_per_sec": 0.4072129392614507
}