{
  "mode": "serial",
  "role": "attention",
  "total_time_ms": 16355.116818100214,
  "batch_size": 64,
  "max_new_tokens": 20,
  "tokens_per_sec": 1.2228588901221416
}