{
  "mode": "serial",
  "role": "attention",
  "total_time_ms": 15967.854177579284,
  "batch_size": 64,
  "max_new_tokens": 20,
  "tokens_per_sec": 1.2525164482076945
}