{
  "mode": "serial",
  "role": "attention",
  "total_time_ms": 8487.353885546327,
  "batch_size": 8,
  "max_new_tokens": 20,
  "tokens_per_sec": 2.3564470469482033
}