{
  "mode": "serial",
  "role": "attention",
  "total_time_ms": 8250.529250130057,
  "batch_size": 8,
  "max_new_tokens": 20,
  "tokens_per_sec": 2.4240869153557307
}