{
  "mode": "serial",
  "role": "attention",
  "total_time_ms": 8887.910531833768,
  "batch_size": 8,
  "max_new_tokens": 20,
  "tokens_per_sec": 2.250247673889846
}