{
  "mode": "serial",
  "role": "attention",
  "total_time_ms": 8215.828813612461,
  "prefill_ms": 1787.2380763292313,
  "decode_loop_ms": 6325.139041990042,
  "decode_steps": 19,
  "decode_tpot_ms": 332.90205484158116,
  "batch_size": 8,
  "max_new_tokens": 20,
  "tokens_per_sec": 2.434325307126999
}