{
  "mode": "serial",
  "role": "attention",
  "total_time_ms": 8296.069396659732,
  "batch_size": 8,
  "max_new_tokens": 20,
  "tokens_per_sec": 2.4107802193714356
}