{
  "mode": "serial",
  "role": "ffn",
  "total_time_ms": 25759.79245826602,
  "prefill_ms": 2986.996343359351,
  "decode_loop_ms": 22465.596675872803,
  "decode_steps": 19,
  "decode_tpot_ms": 1182.399825045937,
  "batch_size": 128,
  "max_new_tokens": 20,
  "tokens_per_sec": 0
}