{
  "mode": "serial",
  "role": "attention",
  "total_time_ms": 28589.807557873428,
  "prefill_ms": 3724.228876642883,
  "decode_loop_ms": 24672.81409818679,
  "decode_steps": 19,
  "decode_tpot_ms": 1298.5691630624626,
  "batch_size": 192,
  "max_new_tokens": 20,
  "tokens_per_sec": 0.6995500042983726
}