{
  "mode": "serial",
  "role": "attention",
  "total_time_ms": 8599.081253632903,
  "batch_size": 4,
  "max_new_tokens": 20,
  "tokens_per_sec": 2.325829866016266
}