{
  "mode": "serial",
  "role": "ffn",
  "total_time_ms": 6553.584402427077,
  "prefill_ms": 2288.0318984389305,
  "decode_loop_ms": 4025.746521539986,
  "decode_steps": 19,
  "decode_tpot_ms": 211.88139587052558,
  "batch_size": 2,
  "prefill_seq_len": 128,
  "actual_prompt_len": 128,
  "max_new_tokens": 20,
  "tokens_per_sec": 0
}