{
  "mode": "serial",
  "role": "ffn",
  "total_time_ms": 6647.29034807533,
  "prefill_ms": 2069.4431364536285,
  "decode_loop_ms": 4349.551299586892,
  "decode_steps": 19,
  "decode_tpot_ms": 228.92375260983644,
  "batch_size": 2,
  "max_new_tokens": 20,
  "tokens_per_sec": 0
}