{
  "mode": "serial",
  "role": "ffn",
  "total_time_ms": 11085.221509449184,
  "prefill_ms": 2073.2286693528295,
  "decode_loop_ms": 8773.74792098999,
  "decode_steps": 19,
  "decode_tpot_ms": 461.77620636789425,
  "batch_size": 8,
  "max_new_tokens": 20,
  "tokens_per_sec": 0
}