{
  "mode": "serial",
  "role": "attention",
  "total_time_ms": 12212.759492918849,
  "prefill_ms": 5422.595791518688,
  "decode_loop_ms": 6563.821041956544,
  "decode_steps": 19,
  "decode_tpot_ms": 345.4642653661339,
  "batch_size": 4,
  "prefill_seq_len": 1024,
  "actual_prompt_len": 1024,
  "max_new_tokens": 20,
  "tokens_per_sec": 1.6376315288609684
}