{
  "mode": "serial",
  "role": "ffn",
  "total_time_ms": 10771.890494041145,
  "prefill_ms": 2094.927147962153,
  "decode_loop_ms": 8434.472805820405,
  "decode_steps": 19,
  "decode_tpot_ms": 443.9196213589687,
  "batch_size": 8,
  "max_new_tokens": 20,
  "tokens_per_sec": 0
}