{
  "mode": "serial",
  "role": "ffn",
  "total_time_ms": 3202.251230366528,
  "prefill_ms": 2061.191045679152,
  "decode_loop_ms": 912.9980634897947,
  "decode_steps": 4,
  "decode_tpot_ms": 228.24951587244868,
  "batch_size": 2,
  "max_new_tokens": 5,
  "tokens_per_sec": 0
}