{
  "mode": "serial",
  "role": "ffn",
  "total_time_ms": 7921.815156005323,
  "prefill_ms": 2056.404899805784,
  "decode_loop_ms": 5634.7760213539,
  "decode_steps": 19,
  "decode_tpot_ms": 296.56715901862634,
  "batch_size": 4,
  "max_new_tokens": 20,
  "tokens_per_sec": 0
}