{
  "mode": "serial",
  "role": "attention",
  "total_time_ms": 21667.071390897036,
  "batch_size": 64,
  "max_new_tokens": 20,
  "tokens_per_sec": 0.9230596807098987
}