{
  "mode": "serial",
  "role": "ffn",
  "total_time_ms": 14707.558888942003,
  "prefill_ms": 4851.077796891332,
  "decode_loop_ms": 9402.253907173872,
  "decode_steps": 19,
  "decode_tpot_ms": 494.8554687986248,
  "batch_size": 8,
  "prefill_seq_len": 512,
  "actual_prompt_len": 512,
  "max_new_tokens": 20,
  "tokens_per_sec": 0
}