{
  "mode": "serial",
  "role": "ffn",
  "total_time_ms": 28685.68719085306,
  "prefill_ms": 3589.7450149059296,
  "decode_loop_ms": 24727.401176467538,
  "decode_steps": 19,
  "decode_tpot_ms": 1301.442167182502,
  "batch_size": 192,
  "max_new_tokens": 20,
  "tokens_per_sec": 0
}