{
  "mode": "serial",
  "role": "attention",
  "total_time_ms": 17052.478819154203,
  "prefill_ms": 2303.306926973164,
  "decode_loop_ms": 14516.475713811815,
  "decode_steps": 19,
  "decode_tpot_ms": 764.0250375690429,
  "batch_size": 32,
  "max_new_tokens": 20,
  "tokens_per_sec": 1.1728500127227832
}