{
  "mode": "serial",
  "role": "ffn",
  "total_time_ms": 13124.3278356269,
  "prefill_ms": 2135.952888056636,
  "decode_loop_ms": 10743.969614617527,
  "decode_steps": 19,
  "decode_tpot_ms": 565.4720849798698,
  "batch_size": 16,
  "max_new_tokens": 20,
  "tokens_per_sec": 0
}