{
  "mode": "serial",
  "role": "ffn",
  "total_time_ms": 20696.49595860392,
  "prefill_ms": 2525.0513311475515,
  "decode_loop_ms": 17868.61120443791,
  "decode_steps": 19,
  "decode_tpot_ms": 940.4532212862059,
  "batch_size": 64,
  "max_new_tokens": 20,
  "tokens_per_sec": 0
}