{
  "mode": "serial",
  "role": "attention",
  "total_time_ms": 21593.427076004446,
  "prefill_ms": 2551.641379483044,
  "decode_loop_ms": 18807.396435178816,
  "decode_steps": 19,
  "decode_tpot_ms": 989.8629702725693,
  "batch_size": 64,
  "max_new_tokens": 20,
  "tokens_per_sec": 0.9262077728377294
}