{
  "mode": "serial",
  "role": "attention",
  "total_time_ms": 25715.127856470644,
  "prefill_ms": 3105.411280877888,
  "decode_loop_ms": 22428.95939294249,
  "decode_steps": 19,
  "decode_tpot_ms": 1180.471546996973,
  "batch_size": 128,
  "max_new_tokens": 20,
  "tokens_per_sec": 0.7777523064100745
}