{
  "mode": "serial",
  "role": "attention",
  "total_time_ms": 23770.400744862854,
  "prefill_ms": 2879.949202761054,
  "decode_loop_ms": 20651.32559183985,
  "decode_steps": 19,
  "decode_tpot_ms": 1086.911873254729,
  "batch_size": 96,
  "max_new_tokens": 20,
  "tokens_per_sec": 0.8413825334569635
}