{
  "mode": "serial",
  "role": "ffn",
  "total_time_ms": 18642.070000991225,
  "prefill_ms": 2284.354418516159,
  "decode_loop_ms": 16093.010472133756,
  "decode_steps": 19,
  "decode_tpot_ms": 847.0005511649346,
  "batch_size": 32,
  "max_new_tokens": 20,
  "tokens_per_sec": 0
}