{
  "mode": "serial",
  "role": "attention",
  "total_time_ms": 28126.038061454892,
  "prefill_ms": 3791.8464988470078,
  "decode_loop_ms": 24150.45314375311,
  "decode_steps": 19,
  "decode_tpot_ms": 1271.0764812501639,
  "batch_size": 192,
  "max_new_tokens": 20,
  "tokens_per_sec": 0.7110848657852328
}