{
  "mode": "serial",
  "role": "ffn",
  "total_time_ms": 28190.34683983773,
  "prefill_ms": 3607.6194187626243,
  "decode_loop_ms": 24208.385022357106,
  "decode_steps": 19,
  "decode_tpot_ms": 1274.1255274924793,
  "batch_size": 192,
  "max_new_tokens": 20,
  "tokens_per_sec": 0
}