{
  "mode": "serial",
  "role": "ffn",
  "total_time_ms": 25715.04109725356,
  "prefill_ms": 2983.5420697927475,
  "decode_loop_ms": 22428.984481841326,
  "decode_steps": 19,
  "decode_tpot_ms": 1180.472867465333,
  "batch_size": 128,
  "max_new_tokens": 20,
  "tokens_per_sec": 0
}