{
  "mode": "serial",
  "role": "ffn",
  "total_time_ms": 12995.075915940106,
  "prefill_ms": 2149.776643142104,
  "decode_loop_ms": 10597.086513414979,
  "decode_steps": 19,
  "decode_tpot_ms": 557.7413954428936,
  "batch_size": 16,
  "max_new_tokens": 20,
  "tokens_per_sec": 0
}