{
  "mode": "serial",
  "role": "ffn",
  "total_time_ms": 7889.277417212725,
  "prefill_ms": 2114.9785947054625,
  "decode_loop_ms": 5538.346165791154,
  "decode_steps": 19,
  "decode_tpot_ms": 291.49190346269233,
  "batch_size": 4,
  "max_new_tokens": 20,
  "tokens_per_sec": 0
}