{
  "mode": "serial",
  "role": "attention",
  "total_time_ms": 10294.817952439189,
  "prefill_ms": 2082.0074193179607,
  "decode_loop_ms": 7990.128742530942,
  "decode_steps": 19,
  "decode_tpot_ms": 420.5330917121548,
  "batch_size": 8,
  "max_new_tokens": 20,
  "tokens_per_sec": 1.9427249799265587
}