{
  "mode": "serial",
  "role": "ffn",
  "total_time_ms": 17111.85157764703,
  "prefill_ms": 3344.04069930315,
  "decode_loop_ms": 13427.473274059594,
  "decode_steps": 19,
  "decode_tpot_ms": 706.7091196873471,
  "batch_size": 16,
  "prefill_seq_len": 128,
  "actual_prompt_len": 128,
  "max_new_tokens": 20,
  "tokens_per_sec": 0
}