{
  "mode": "serial",
  "role": "ffn",
  "total_time_ms": 24598.84144552052,
  "prefill_ms": 2749.810059554875,
  "decode_loop_ms": 21507.749537937343,
  "decode_steps": 19,
  "decode_tpot_ms": 1131.986817786176,
  "batch_size": 96,
  "max_new_tokens": 20,
  "tokens_per_sec": 0
}