{
  "mode": "serial",
  "role": "ffn",
  "total_time_ms": 11310.045167803764,
  "prefill_ms": 2078.5991679877043,
  "decode_loop_ms": 8993.671328760684,
  "decode_steps": 19,
  "decode_tpot_ms": 473.35112256635176,
  "batch_size": 8,
  "max_new_tokens": 20,
  "tokens_per_sec": 0
}