{
  "mode": "serial",
  "role": "ffn",
  "total_time_ms": 23899.59869440645,
  "prefill_ms": 2770.830536261201,
  "decode_loop_ms": 20794.66820228845,
  "decode_steps": 19,
  "decode_tpot_ms": 1094.4562211730763,
  "batch_size": 96,
  "max_new_tokens": 20,
  "tokens_per_sec": 0
}