{
  "mode": "serial",
  "role": "ffn",
  "total_time_ms": 17052.32366733253,
  "prefill_ms": 2271.164570003748,
  "decode_loop_ms": 14516.50497596711,
  "decode_steps": 19,
  "decode_tpot_ms": 764.0265776824795,
  "batch_size": 32,
  "max_new_tokens": 20,
  "tokens_per_sec": 0
}