{
  "mode": "serial",
  "role": "ffn",
  "total_time_ms": 25891.02876279503,
  "prefill_ms": 2998.9534951746464,
  "decode_loop_ms": 22588.89067545533,
  "decode_steps": 19,
  "decode_tpot_ms": 1188.8889829187017,
  "batch_size": 128,
  "max_new_tokens": 20,
  "tokens_per_sec": 0
}