{
  "mode": "serial",
  "role": "ffn",
  "total_time_ms": 14272.689528763294,
  "prefill_ms": 2123.8761646673083,
  "decode_loop_ms": 11905.859095975757,
  "decode_steps": 19,
  "decode_tpot_ms": 626.6241629460925,
  "batch_size": 16,
  "max_new_tokens": 20,
  "tokens_per_sec": 0
}