{
  "mode": "serial",
  "role": "ffn",
  "total_time_ms": 21253.50656732917,
  "prefill_ms": 2450.1412641257048,
  "decode_loop_ms": 18516.732526011765,
  "decode_steps": 19,
  "decode_tpot_ms": 974.5648697900929,
  "batch_size": 64,
  "max_new_tokens": 20,
  "tokens_per_sec": 0
}