{
  "mode": "serial",
  "role": "ffn",
  "total_time_ms": 28589.21153470874,
  "prefill_ms": 3540.3523994609714,
  "decode_loop_ms": 24672.81044833362,
  "decode_steps": 19,
  "decode_tpot_ms": 1298.5689709649275,
  "batch_size": 192,
  "max_new_tokens": 20,
  "tokens_per_sec": 0
}