{
  "mode": "serial",
  "role": "ffn",
  "total_time_ms": 11453.98577209562,
  "prefill_ms": 2087.811711244285,
  "decode_loop_ms": 9125.305365771055,
  "decode_steps": 19,
  "decode_tpot_ms": 480.27922977742395,
  "batch_size": 8,
  "max_new_tokens": 20,
  "tokens_per_sec": 0
}