{
  "mode": "serial",
  "role": "attention",
  "total_time_ms": 3202.660088427365,
  "prefill_ms": 2065.4712161049247,
  "decode_loop_ms": 912.9535155370831,
  "decode_steps": 4,
  "decode_tpot_ms": 228.2383788842708,
  "batch_size": 2,
  "max_new_tokens": 5,
  "tokens_per_sec": 1.5612022075234346
}