{
  "mode": "serial",
  "role": "attention",
  "total_time_ms": 18631.681457161903,
  "prefill_ms": 2276.397380977869,
  "decode_loop_ms": 16128.796353004873,
  "decode_steps": 19,
  "decode_tpot_ms": 848.8840185792038,
  "batch_size": 32,
  "max_new_tokens": 20,
  "tokens_per_sec": 1.0734404216808957
}