{
  "mode": "serial",
  "role": "attention",
  "total_time_ms": 25759.843352250755,
  "prefill_ms": 3108.924905769527,
  "decode_loop_ms": 22465.591062791646,
  "decode_steps": 19,
  "decode_tpot_ms": 1182.3995296206128,
  "batch_size": 128,
  "max_new_tokens": 20,
  "tokens_per_sec": 0.7764022368657963
}