{
  "mode": "serial",
  "role": "attention",
  "total_time_ms": 14359.73227582872,
  "prefill_ms": 2162.7023303881288,
  "decode_loop_ms": 11969.671798869967,
  "decode_steps": 19,
  "decode_tpot_ms": 629.9827262563141,
  "batch_size": 16,
  "max_new_tokens": 20,
  "tokens_per_sec": 1.3927836268692393
}