{
  "mode": "serial",
  "role": "attention",
  "total_time_ms": 23934.439811855555,
  "batch_size": 96,
  "max_new_tokens": 20,
  "tokens_per_sec": 0.8356159641594498
}