{
  "mode": "serial",
  "role": "attention",
  "total_time_ms": 25891.67662523687,
  "prefill_ms": 3121.867824345827,
  "decode_loop_ms": 22588.902859948575,
  "decode_steps": 19,
  "decode_tpot_ms": 1188.8896242078197,
  "batch_size": 128,
  "max_new_tokens": 20,
  "tokens_per_sec": 0.7724490109113215
}