{
  "mode": "serial",
  "role": "ffn",
  "total_time_ms": 6351.596211083233,
  "prefill_ms": 2077.6572320610285,
  "decode_loop_ms": 4045.3558545559645,
  "decode_steps": 19,
  "decode_tpot_ms": 212.9134660292613,
  "batch_size": 2,
  "max_new_tokens": 20,
  "tokens_per_sec": 0
}