{
  "mode": "serial",
  "role": "ffn",
  "total_time_ms": 21742.316344752908,
  "prefill_ms": 2483.2751750946045,
  "decode_loop_ms": 18961.20889298618,
  "decode_steps": 19,
  "decode_tpot_ms": 997.9583627887463,
  "batch_size": 64,
  "max_new_tokens": 20,
  "tokens_per_sec": 0
}