{
  "mode": "serial",
  "role": "ffn",
  "total_time_ms": 6645.9838869050145,
  "prefill_ms": 2094.7974286973476,
  "decode_loop_ms": 4319.5494106039405,
  "decode_steps": 19,
  "decode_tpot_ms": 227.34470582126002,
  "batch_size": 2,
  "max_new_tokens": 20,
  "tokens_per_sec": 0
}