{
  "mode": "serial",
  "role": "ffn",
  "total_time_ms": 12212.270794436336,
  "prefill_ms": 5191.870976239443,
  "decode_loop_ms": 6563.871289603412,
  "decode_steps": 19,
  "decode_tpot_ms": 345.46690997912697,
  "batch_size": 4,
  "prefill_seq_len": 1024,
  "actual_prompt_len": 1024,
  "max_new_tokens": 20,
  "tokens_per_sec": 0
}