{
  "mode": "serial",
  "role": "ffn",
  "total_time_ms": 6496.867751702666,
  "prefill_ms": 2092.117730528116,
  "decode_loop_ms": 4174.776032567024,
  "decode_steps": 19,
  "decode_tpot_ms": 219.72505434563286,
  "batch_size": 2,
  "max_new_tokens": 20,
  "tokens_per_sec": 0
}