{
  "mode": "serial",
  "role": "attention",
  "total_time_ms": 7730.605279095471,
  "prefill_ms": 2894.4180393591523,
  "decode_loop_ms": 4609.237411990762,
  "decode_steps": 19,
  "decode_tpot_ms": 242.59144273635587,
  "batch_size": 2,
  "prefill_seq_len": 512,
  "actual_prompt_len": 512,
  "max_new_tokens": 20,
  "tokens_per_sec": 2.587119543418226
}