{
  "mode": "serial",
  "role": "attention",
  "total_time_ms": 28190.65722823143,
  "prefill_ms": 3791.5037563070655,
  "decode_loop_ms": 24208.365038968623,
  "decode_steps": 19,
  "decode_tpot_ms": 1274.1244757351906,
  "batch_size": 192,
  "max_new_tokens": 20,
  "tokens_per_sec": 0.7094549033773883
}