{
  "mode": "serial",
  "role": "ffn",
  "total_time_ms": 23549.784554168582,
  "prefill_ms": 2733.441222459078,
  "decode_loop_ms": 20491.77135247737,
  "decode_steps": 19,
  "decode_tpot_ms": 1078.5142817093354,
  "batch_size": 96,
  "max_new_tokens": 20,
  "tokens_per_sec": 0
}