{
  "mode": "serial",
  "role": "ffn",
  "total_time_ms": 18631.088824011385,
  "prefill_ms": 2243.2978758588433,
  "decode_loop_ms": 16128.851649351418,
  "decode_steps": 19,
  "decode_tpot_ms": 848.8869289132325,
  "batch_size": 32,
  "max_new_tokens": 20,
  "tokens_per_sec": 0
}