{
  "mode": "serial",
  "role": "ffn",
  "total_time_ms": 28808.806370012462,
  "prefill_ms": 3627.499746158719,
  "decode_loop_ms": 24809.758816845715,
  "decode_steps": 19,
  "decode_tpot_ms": 1305.776779833985,
  "batch_size": 192,
  "max_new_tokens": 20,
  "tokens_per_sec": 0
}