{
  "mode": "serial",
  "role": "ffn",
  "total_time_ms": 14359.645657241344,
  "prefill_ms": 2144.720623269677,
  "decode_loop_ms": 11969.637051224709,
  "decode_steps": 19,
  "decode_tpot_ms": 629.9808974328794,
  "batch_size": 16,
  "max_new_tokens": 20,
  "tokens_per_sec": 0
}