{
  "mode": "serial",
  "role": "attention",
  "total_time_ms": 6378.603528253734,
  "batch_size": 2,
  "max_new_tokens": 20,
  "tokens_per_sec": 3.1354825411880376
}