{
  "mode": "serial",
  "role": "ffn",
  "total_time_ms": 17493.256291374564,
  "prefill_ms": 2265.138853341341,
  "decode_loop_ms": 14968.224952928722,
  "decode_steps": 19,
  "decode_tpot_ms": 787.801313312038,
  "batch_size": 32,
  "max_new_tokens": 20,
  "tokens_per_sec": 0
}