{
  "mode": "serial",
  "role": "attention",
  "total_time_ms": 23749.98878221959,
  "prefill_ms": 2828.2157303765416,
  "decode_loop_ms": 20688.743989914656,
  "decode_steps": 19,
  "decode_tpot_ms": 1088.8812626270872,
  "batch_size": 96,
  "max_new_tokens": 20,
  "tokens_per_sec": 0.8421056609076374
}