{
  "mode": "serial",
  "role": "attention",
  "total_time_ms": 17493.334718979895,
  "prefill_ms": 2297.216991893947,
  "decode_loop_ms": 14968.221198767424,
  "decode_steps": 19,
  "decode_tpot_ms": 787.8011157246012,
  "batch_size": 32,
  "max_new_tokens": 20,
  "tokens_per_sec": 1.1432925923666473
}