{
  "mode": "serial",
  "role": "attention",
  "total_time_ms": 8027.080437168479,
  "prefill_ms": 2102.55812946707,
  "decode_loop_ms": 5695.71316242218,
  "decode_steps": 19,
  "decode_tpot_ms": 299.77437696958845,
  "batch_size": 4,
  "max_new_tokens": 20,
  "tokens_per_sec": 2.4915659132294583
}