{
  "mode": "serial",
  "role": "attention",
  "total_time_ms": 8811.633641831577,
  "prefill_ms": 2070.9152286872268,
  "decode_loop_ms": 6515.140037983656,
  "decode_steps": 19,
  "decode_tpot_ms": 342.9021072622977,
  "batch_size": 4,
  "max_new_tokens": 20,
  "tokens_per_sec": 2.2697266832626535
}