{
  "mode": "serial",
  "role": "attention",
  "total_time_ms": 24598.899737931788,
  "prefill_ms": 2842.655498534441,
  "decode_loop_ms": 21507.74729810655,
  "decode_steps": 19,
  "decode_tpot_ms": 1131.9866999003448,
  "batch_size": 96,
  "max_new_tokens": 20,
  "tokens_per_sec": 0.8130444943909328
}