{
  "mode": "serial",
  "role": "ffn",
  "total_time_ms": 6347.907559014857,
  "prefill_ms": 2080.489808693528,
  "decode_loop_ms": 4039.446528069675,
  "decode_steps": 19,
  "decode_tpot_ms": 212.60244884577236,
  "batch_size": 2,
  "max_new_tokens": 20,
  "tokens_per_sec": 0
}