{
  "mode": "serial",
  "role": "ffn",
  "total_time_ms": 14686.736384406686,
  "prefill_ms": 2119.6926021948457,
  "decode_loop_ms": 12324.867287650704,
  "decode_steps": 19,
  "decode_tpot_ms": 648.6772256658265,
  "batch_size": 16,
  "max_new_tokens": 20,
  "tokens_per_sec": 0
}