{
  "mode": "serial",
  "role": "ffn",
  "total_time_ms": 28125.20955130458,
  "prefill_ms": 3607.819219119847,
  "decode_loop_ms": 24150.42458474636,
  "decode_steps": 19,
  "decode_tpot_ms": 1271.0749781445454,
  "batch_size": 192,
  "max_new_tokens": 20,
  "tokens_per_sec": 0
}