{
  "mode": "serial",
  "role": "ffn",
  "total_time_ms": 21592.92047098279,
  "prefill_ms": 2489.978170953691,
  "decode_loop_ms": 18807.444501668215,
  "decode_steps": 19,
  "decode_tpot_ms": 989.8655000878008,
  "batch_size": 64,
  "max_new_tokens": 20,
  "tokens_per_sec": 0
}