{
  "mode": "serial",
  "role": "ffn",
  "total_time_ms": 8811.533849686384,
  "prefill_ms": 2063.862248323858,
  "decode_loop_ms": 6515.142677351832,
  "decode_steps": 19,
  "decode_tpot_ms": 342.90224617641223,
  "batch_size": 4,
  "max_new_tokens": 20,
  "tokens_per_sec": 0
}