{
  "mode": "serial",
  "role": "attention",
  "total_time_ms": 8302.54948604852,
  "prefill_ms": 2095.1314829289913,
  "decode_loop_ms": 5980.125466361642,
  "decode_steps": 19,
  "decode_tpot_ms": 314.7434455979812,
  "batch_size": 4,
  "max_new_tokens": 20,
  "tokens_per_sec": 2.408898620069378
}