{
  "mode": "serial",
  "role": "ffn",
  "total_time_ms": 7730.146573856473,
  "prefill_ms": 2836.8067517876625,
  "decode_loop_ms": 4609.23978779465,
  "decode_steps": 19,
  "decode_tpot_ms": 242.59156777866576,
  "batch_size": 2,
  "prefill_seq_len": 512,
  "actual_prompt_len": 512,
  "max_new_tokens": 20,
  "tokens_per_sec": 0
}