{
  "mode": "serial",
  "role": "ffn",
  "total_time_ms": 21965.674749575555,
  "prefill_ms": 2467.1655632555485,
  "decode_loop_ms": 19206.914557144046,
  "decode_steps": 19,
  "decode_tpot_ms": 1010.8902398496866,
  "batch_size": 64,
  "max_new_tokens": 20,
  "tokens_per_sec": 0
}