{
  "mode": "serial",
  "role": "attention",
  "total_time_ms": 7889.283833093941,
  "prefill_ms": 2122.0091758295894,
  "decode_loop_ms": 5538.311569951475,
  "decode_steps": 19,
  "decode_tpot_ms": 291.490082629025,
  "batch_size": 4,
  "max_new_tokens": 20,
  "tokens_per_sec": 2.5350843527905624
}