{
  "mode": "serial",
  "role": "ffn",
  "total_time_ms": 23749.403866007924,
  "prefill_ms": 2734.145819209516,
  "decode_loop_ms": 20688.720771111548,
  "decode_steps": 19,
  "decode_tpot_ms": 1088.8800405848183,
  "batch_size": 96,
  "max_new_tokens": 20,
  "tokens_per_sec": 0
}