{
  "mode": "serial",
  "role": "ffn",
  "total_time_ms": 16293.816863559186,
  "prefill_ms": 2275.7758162915707,
  "decode_loop_ms": 13757.000270299613,
  "decode_steps": 19,
  "decode_tpot_ms": 724.0526458052428,
  "batch_size": 32,
  "max_new_tokens": 20,
  "tokens_per_sec": 0
}