{
  "mode": "serial",
  "role": "ffn",
  "total_time_ms": 8302.452949807048,
  "prefill_ms": 2088.0852788686752,
  "decode_loop_ms": 5980.171022005379,
  "decode_steps": 19,
  "decode_tpot_ms": 314.74584326344103,
  "batch_size": 4,
  "max_new_tokens": 20,
  "tokens_per_sec": 0
}