{
  "mode": "serial",
  "role": "ffn",
  "total_time_ms": 10294.2995717749,
  "prefill_ms": 2070.3965621069074,
  "decode_loop_ms": 7990.117189474404,
  "decode_steps": 19,
  "decode_tpot_ms": 420.5324836565476,
  "batch_size": 8,
  "max_new_tokens": 20,
  "tokens_per_sec": 0
}