{
  "mode": "serial",
  "role": "attention",
  "total_time_ms": 17112.391741015017,
  "prefill_ms": 3459.4634445384145,
  "decode_loop_ms": 13427.465306594968,
  "decode_steps": 19,
  "decode_tpot_ms": 706.7087003471036,
  "batch_size": 16,
  "prefill_seq_len": 128,
  "actual_prompt_len": 128,
  "max_new_tokens": 20,
  "tokens_per_sec": 1.16874369770673
}