{
  "mode": "serial",
  "role": "attention",
  "total_time_ms": 23899.67894181609,
  "prefill_ms": 2863.7709552422166,
  "decode_loop_ms": 20794.683828018606,
  "decode_steps": 19,
  "decode_tpot_ms": 1094.4570435799267,
  "batch_size": 96,
  "max_new_tokens": 20,
  "tokens_per_sec": 0.8368313251692676
}