{
  "mode": "serial",
  "role": "attention",
  "total_time_ms": 28685.75434293598,
  "prefill_ms": 3773.3203899115324,
  "decode_loop_ms": 24727.4198140949,
  "decode_steps": 19,
  "decode_tpot_ms": 1301.4431481102579,
  "batch_size": 192,
  "max_new_tokens": 20,
  "tokens_per_sec": 0.6972101817822722
}