{
  "mode": "serial",
  "role": "ffn",
  "total_time_ms": 8026.588441804051,
  "prefill_ms": 2094.5797469466925,
  "decode_loop_ms": 5695.729508064687,
  "decode_steps": 19,
  "decode_tpot_ms": 299.7752372665625,
  "batch_size": 4,
  "max_new_tokens": 20,
  "tokens_per_sec": 0
}