{
  "mode": "serial",
  "role": "attention",
  "total_time_ms": 6554.259651340544,
  "prefill_ms": 2303.293072618544,
  "decode_loop_ms": 4025.8282525464892,
  "decode_steps": 19,
  "decode_tpot_ms": 211.8856975024468,
  "batch_size": 2,
  "prefill_seq_len": 128,
  "actual_prompt_len": 128,
  "max_new_tokens": 20,
  "tokens_per_sec": 3.051450669323025
}