{
  "mode": "serial",
  "role": "ffn",
  "total_time_ms": 25350.000454112887,
  "prefill_ms": 2980.1595536991954,
  "decode_loop_ms": 22064.516589045525,
  "decode_steps": 19,
  "decode_tpot_ms": 1161.2903467918698,
  "batch_size": 128,
  "max_new_tokens": 20,
  "tokens_per_sec": 0
}