{
  "mode": "serial",
  "role": "ffn",
  "total_time_ms": 25061.106083914638,
  "prefill_ms": 2982.156624086201,
  "decode_loop_ms": 21777.75762602687,
  "decode_steps": 19,
  "decode_tpot_ms": 1146.1977697908878,
  "batch_size": 128,
  "max_new_tokens": 20,
  "tokens_per_sec": 0
}