{
  "mode": "serial",
  "role": "attention",
  "total_time_ms": 14642.331993207335,
  "batch_size": 16,
  "max_new_tokens": 20,
  "tokens_per_sec": 1.3659026451031242
}