{
  "mode": "serial",
  "role": "attention",
  "total_time_ms": 12995.143295265734,
  "prefill_ms": 2167.4258364364505,
  "decode_loop_ms": 10597.072418779135,
  "decode_steps": 19,
  "decode_tpot_ms": 557.7406536199545,
  "batch_size": 16,
  "max_new_tokens": 20,
  "tokens_per_sec": 1.5390365112238669
}