{
  "mode": "serial",
  "role": "ffn",
  "total_time_ms": 23770.36221511662,
  "prefill_ms": 2787.1550638228655,
  "decode_loop_ms": 20651.31722483784,
  "decode_steps": 19,
  "decode_tpot_ms": 1086.9114328862022,
  "batch_size": 96,
  "max_new_tokens": 20,
  "tokens_per_sec": 0
}