{
  "mode": "serial",
  "role": "attention",
  "total_time_ms": 14708.049713633955,
  "prefill_ms": 5080.868749879301,
  "decode_loop_ms": 9402.202352881432,
  "decode_steps": 19,
  "decode_tpot_ms": 494.8527554148122,
  "batch_size": 8,
  "prefill_seq_len": 512,
  "actual_prompt_len": 512,
  "max_new_tokens": 20,
  "tokens_per_sec": 1.3597995920193657
}