cfg,rank,source,op_type,name,count,total_ms,avg_ms,max_ms,bytes_or_count
decode-dbo_ep16_all_to_all_single_b32_s256_t3,0,COMMUNICATION_OP,hcom_receive_,hcom_receive__915_1_1,1,818.102425,818.102425,818.102425,16777216
decode-dbo_ep16_all_to_all_single_b32_s256_t3,0,COMMUNICATION_OP,hcom_receive_,hcom_receive__915_5_1,1,456.698525,456.698525,456.698525,16777216
decode-dbo_ep16_all_to_all_single_b32_s256_t3,0,COMMUNICATION_OP,hcom_receive_,hcom_receive__915_3_1,1,409.006692,409.006692,409.006692,16777216
decode-dbo_ep16_all_to_all_single_b32_s256_t3,0,COMMUNICATION_OP,hcom_receive_,hcom_receive__915_9_1,1,144.830274,144.830274,144.830274,16777216
decode-dbo_ep16_all_to_all_single_b32_s256_t3,0,COMMUNICATION_OP,hcom_receive_,hcom_receive__915_17_1,1,144.628169,144.628169,144.628169,16777216
decode-dbo_ep16_all_to_all_single_b32_s256_t3,0,COMMUNICATION_OP,hcom_receive_,hcom_receive__915_7_1,1,141.587649,141.587649,141.587649,16777216
decode-dbo_ep16_all_to_all_single_b32_s256_t3,0,COMMUNICATION_OP,hcom_receive_,hcom_receive__915_63_1,1,98.112501,98.112501,98.112501,16777216
decode-dbo_ep16_all_to_all_single_b32_s256_t3,0,COMMUNICATION_OP,hcom_receive_,hcom_receive__915_95_1,1,91.049499,91.049499,91.049499,16777216
decode-dbo_ep16_all_to_all_single_b32_s256_t3,0,COMMUNICATION_OP,hcom_receive_,hcom_receive__915_11_1,1,86.10466,86.10466,86.10466,16777216
decode-dbo_ep16_all_to_all_single_b32_s256_t3,0,COMMUNICATION_OP,hcom_receive_,hcom_receive__915_71_1,1,85.488888,85.488888,85.488888,16777216
decode-dbo_ep16_all_to_all_single_b32_s256_t3,0,COMMUNICATION_OP,hcom_receive_,hcom_receive__915_57_1,1,41.342586,41.342586,41.342586,16777216
decode-dbo_ep16_all_to_all_single_b32_s256_t3,0,COMMUNICATION_OP,hcom_receive_,hcom_receive__915_53_1,1,39.52105,39.52105,39.52105,16777216
decode-dbo_ep16_all_to_all_single_b32_s256_t3,0,COMMUNICATION_OP,hcom_receive_,hcom_receive__915_13_1,1,39.440528,39.440528,39.440528,16777216
decode-dbo_ep16_all_to_all_single_b32_s256_t3,0,COMMUNICATION_OP,hcom_receive_,hcom_receive__915_91_1,1,39.267064,39.267064,39.267064,16777216
decode-dbo_ep16_all_to_all_single_b32_s256_t3,0,COMMUNICATION_OP,hcom_receive_,hcom_receive__915_39_1,1,39.04362,39.04362,39.04362,16777216
decode-dbo_ep16_all_to_all_single_b32_s256_t3,0,COMMUNICATION_OP,hcom_receive_,hcom_receive__915_77_1,1,38.703014,38.703014,38.703014,16777216
decode-dbo_ep16_all_to_all_single_b32_s256_t3,0,COMMUNICATION_OP,hcom_receive_,hcom_receive__915_15_1,1,38.249744,38.249744,38.249744,16777216
decode-dbo_ep16_all_to_all_single_b32_s256_t3,0,COMMUNICATION_OP,hcom_receive_,hcom_receive__915_85_1,1,37.950218,37.950218,37.950218,16777216
decode-dbo_ep16_all_to_all_single_b32_s256_t3,0,COMMUNICATION_OP,hcom_receive_,hcom_receive__915_61_1,1,37.377707,37.377707,37.377707,16777216
decode-dbo_ep16_all_to_all_single_b32_s256_t3,0,COMMUNICATION_OP,hcom_receive_,hcom_receive__915_47_1,1,37.214844,37.214844,37.214844,16777216
decode-dbo_ep16_all_to_all_single_b32_s256_t3,0,COMMUNICATION_OP,hcom_receive_,hcom_receive__915_35_1,1,37.141142,37.141142,37.141142,16777216
decode-dbo_ep16_all_to_all_single_b32_s256_t3,0,COMMUNICATION_OP,hcom_receive_,hcom_receive__915_73_1,1,36.936998,36.936998,36.936998,16777216
decode-dbo_ep16_all_to_all_single_b32_s256_t3,0,COMMUNICATION_OP,hcom_receive_,hcom_receive__915_37_1,1,36.856017,36.856017,36.856017,16777216
decode-dbo_ep16_all_to_all_single_b32_s256_t3,0,COMMUNICATION_OP,hcom_receive_,hcom_receive__915_93_1,1,36.653893,36.653893,36.653893,16777216
decode-dbo_ep16_all_to_all_single_b32_s256_t3,0,COMMUNICATION_OP,hcom_receive_,hcom_receive__915_31_1,1,36.581691,36.581691,36.581691,16777216
decode-dbo_ep16_all_to_all_single_b32_s256_t3,0,COMMUNICATION_OP,hcom_receive_,hcom_receive__915_51_1,1,36.464829,36.464829,36.464829,16777216
decode-dbo_ep16_all_to_all_single_b32_s256_t3,0,COMMUNICATION_OP,hcom_receive_,hcom_receive__915_87_1,1,36.413507,36.413507,36.413507,16777216
decode-dbo_ep16_all_to_all_single_b32_s256_t3,0,COMMUNICATION_OP,hcom_receive_,hcom_receive__915_59_1,1,36.363027,36.363027,36.363027,16777216
decode-dbo_ep16_all_to_all_single_b32_s256_t3,0,COMMUNICATION_OP,hcom_receive_,hcom_receive__915_81_1,1,36.362566,36.362566,36.362566,16777216
decode-dbo_ep16_all_to_all_single_b32_s256_t3,0,COMMUNICATION_OP,hcom_receive_,hcom_receive__915_79_1,1,36.341126,36.341126,36.341126,16777216
decode-dbo_ep16_all_to_all_single_b32_s256_t3,0,COMMUNICATION_OP,hcom_receive_,hcom_receive__915_23_1,1,36.260124,36.260124,36.260124,16777216
decode-dbo_ep16_all_to_all_single_b32_s256_t3,0,COMMUNICATION_OP,hcom_receive_,hcom_receive__915_29_1,1,36.133642,36.133642,36.133642,16777216
decode-dbo_ep16_all_to_all_single_b32_s256_t3,0,COMMUNICATION_OP,hcom_receive_,hcom_receive__915_55_1,1,36.005479,36.005479,36.005479,16777216
decode-dbo_ep16_all_to_all_single_b32_s256_t3,0,COMMUNICATION_OP,hcom_receive_,hcom_receive__915_75_1,1,35.983819,35.983819,35.983819,16777216
decode-dbo_ep16_all_to_all_single_b32_s256_t3,0,COMMUNICATION_OP,hcom_receive_,hcom_receive__915_41_1,1,35.921637,35.921637,35.921637,16777216
decode-dbo_ep16_all_to_all_single_b32_s256_t3,0,COMMUNICATION_OP,hcom_receive_,hcom_receive__915_21_1,1,35.836876,35.836876,35.836876,16777216
decode-dbo_ep16_all_to_all_single_b32_s256_t3,0,COMMUNICATION_OP,hcom_receive_,hcom_receive__915_67_1,1,35.807215,35.807215,35.807215,16777216
decode-dbo_ep16_all_to_all_single_b32_s256_t3,0,COMMUNICATION_OP,hcom_receive_,hcom_receive__915_83_1,1,35.745714,35.745714,35.745714,16777216
decode-dbo_ep16_all_to_all_single_b32_s256_t3,0,COMMUNICATION_OP,hcom_receive_,hcom_receive__915_65_1,1,35.727414,35.727414,35.727414,16777216
decode-dbo_ep16_all_to_all_single_b32_s256_t3,0,COMMUNICATION_OP,hcom_receive_,hcom_receive__915_27_1,1,35.360267,35.360267,35.360267,16777216
decode-dbo_ep16_all_to_all_single_b32_s256_t3,0,COMMUNICATION_OP,hcom_receive_,hcom_receive__915_89_1,1,35.210464,35.210464,35.210464,16777216
decode-dbo_ep16_all_to_all_single_b32_s256_t3,0,COMMUNICATION_OP,hcom_receive_,hcom_receive__915_69_1,1,35.104642,35.104642,35.104642,16777216
decode-dbo_ep16_all_to_all_single_b32_s256_t3,0,COMMUNICATION_OP,hcom_receive_,hcom_receive__915_33_1,1,35.076321,35.076321,35.076321,16777216
decode-dbo_ep16_all_to_all_single_b32_s256_t3,0,COMMUNICATION_OP,hcom_receive_,hcom_receive__915_43_1,1,34.825636,34.825636,34.825636,16777216
decode-dbo_ep16_all_to_all_single_b32_s256_t3,0,COMMUNICATION_OP,hcom_receive_,hcom_receive__915_49_1,1,34.771295,34.771295,34.771295,16777216
decode-dbo_ep16_all_to_all_single_b32_s256_t3,0,COMMUNICATION_OP,hcom_receive_,hcom_receive__915_25_1,1,34.711214,34.711214,34.711214,16777216
decode-dbo_ep16_all_to_all_single_b32_s256_t3,0,COMMUNICATION_OP,hcom_receive_,hcom_receive__915_45_1,1,34.695933,34.695933,34.695933,16777216
decode-dbo_ep16_all_to_all_single_b32_s256_t3,0,COMMUNICATION_OP,hcom_receive_,hcom_receive__915_19_1,1,34.54937,34.54937,34.54937,16777216
decode-dbo_ep16_all_to_all_single_b32_s256_t3,0,COMMUNICATION_OP,hcom_allReduce_,hcom_allReduce__612_0_1,1,12.52767,12.52767,12.52767,1
decode-dbo_ep16_all_to_all_single_b32_s256_t3,0,COMMUNICATION_OP,hcom_receive_,hcom_receive__658_144_1,1,12.50943,12.50943,12.50943,32768
decode-dbo_ep16_all_to_all_single_b32_s256_t3,0,COMMUNICATION_OP,hcom_receive_,hcom_receive__658_10_1,1,12.154503,12.154503,12.154503,32768
decode-dbo_ep16_all_to_all_single_b32_s256_t3,0,COMMUNICATION_OP,hcom_receive_,hcom_receive__658_104_1,1,12.01862,12.01862,12.01862,32768
decode-dbo_ep16_all_to_all_single_b32_s256_t3,0,COMMUNICATION_OP,hcom_receive_,hcom_receive__658_22_1,1,11.936279,11.936279,11.936279,32768
decode-dbo_ep16_all_to_all_single_b32_s256_t3,0,COMMUNICATION_OP,hcom_receive_,hcom_receive__658_14_1,1,11.876057,11.876057,11.876057,32768
decode-dbo_ep16_all_to_all_single_b32_s256_t3,0,COMMUNICATION_OP,hcom_receive_,hcom_receive__658_54_1,1,11.717374,11.717374,11.717374,32768
decode-dbo_ep16_all_to_all_single_b32_s256_t3,0,COMMUNICATION_OP,hcom_receive_,hcom_receive__658_102_1,1,11.682593,11.682593,11.682593,32768
decode-dbo_ep16_all_to_all_single_b32_s256_t3,0,COMMUNICATION_OP,hcom_receive_,hcom_receive__658_52_1,1,11.654893,11.654893,11.654893,32768
decode-dbo_ep16_all_to_all_single_b32_s256_t3,0,COMMUNICATION_OP,hcom_receive_,hcom_receive__658_6_1,1,11.50811,11.50811,11.50811,32768
decode-dbo_ep16_all_to_all_single_b32_s256_t3,0,COMMUNICATION_OP,hcom_receive_,hcom_receive__658_178_1,1,11.476969,11.476969,11.476969,32768
decode-dbo_ep16_all_to_all_single_b32_s256_t3,0,COMMUNICATION_OP,hcom_receive_,hcom_receive__658_36_1,1,11.370447,11.370447,11.370447,32768
decode-dbo_ep16_all_to_all_single_b32_s256_t3,0,COMMUNICATION_OP,hcom_receive_,hcom_receive__658_136_1,1,11.249065,11.249065,11.249065,32768
decode-dbo_ep16_all_to_all_single_b32_s256_t3,0,COMMUNICATION_OP,hcom_receive_,hcom_receive__658_112_1,1,11.212324,11.212324,11.212324,32768
decode-dbo_ep16_all_to_all_single_b32_s256_t3,0,COMMUNICATION_OP,hcom_receive_,hcom_receive__658_26_1,1,11.209604,11.209604,11.209604,32768
decode-dbo_ep16_all_to_all_single_b32_s256_t3,0,COMMUNICATION_OP,hcom_receive_,hcom_receive__658_176_1,1,11.102062,11.102062,11.102062,32768
decode-dbo_ep16_all_to_all_single_b32_s256_t3,0,COMMUNICATION_OP,hcom_receive_,hcom_receive__658_166_1,1,11.084762,11.084762,11.084762,32768
decode-dbo_ep16_all_to_all_single_b32_s256_t3,0,COMMUNICATION_OP,hcom_receive_,hcom_receive__658_28_1,1,11.061961,11.061961,11.061961,32768
decode-dbo_ep16_all_to_all_single_b32_s256_t3,0,COMMUNICATION_OP,hcom_receive_,hcom_receive__658_184_1,1,10.750535,10.750535,10.750535,32768
decode-dbo_ep16_all_to_all_single_b32_s256_t3,0,COMMUNICATION_OP,hcom_receive_,hcom_receive__658_24_1,1,10.739534,10.739534,10.739534,32768
decode-dbo_ep16_all_to_all_single_b32_s256_t3,0,COMMUNICATION_OP,hcom_receive_,hcom_receive__658_40_1,1,10.707234,10.707234,10.707234,32768
decode-dbo_ep16_all_to_all_single_b32_s256_t3,0,COMMUNICATION_OP,hcom_receive_,hcom_receive__658_172_1,1,10.650433,10.650433,10.650433,32768
decode-dbo_ep16_all_to_all_single_b32_s256_t3,0,COMMUNICATION_OP,hcom_receive_,hcom_receive__658_32_1,1,10.633933,10.633933,10.633933,32768
decode-dbo_ep16_all_to_all_single_b32_s256_t3,0,COMMUNICATION_OP,hcom_receive_,hcom_receive__658_124_1,1,10.597152,10.597152,10.597152,32768
decode-dbo_ep16_all_to_all_single_b32_s256_t3,0,COMMUNICATION_OP,hcom_receive_,hcom_receive__658_48_1,1,10.51701,10.51701,10.51701,32768
decode-dbo_ep16_all_to_all_single_b32_s256_t3,0,COMMUNICATION_OP,hcom_receive_,hcom_receive__658_20_1,1,10.50613,10.50613,10.50613,32768
decode-dbo_ep16_all_to_all_single_b32_s256_t3,0,COMMUNICATION_OP,hcom_receive_,hcom_receive__658_188_1,1,10.493589,10.493589,10.493589,32768
decode-dbo_ep16_all_to_all_single_b32_s256_t3,0,COMMUNICATION_OP,hcom_receive_,hcom_receive__658_170_1,1,10.467169,10.467169,10.467169,32768
decode-dbo_ep16_all_to_all_single_b32_s256_t3,0,COMMUNICATION_OP,hcom_receive_,hcom_receive__658_118_1,1,10.464549,10.464549,10.464549,32768
decode-dbo_ep16_all_to_all_single_b32_s256_t3,0,COMMUNICATION_OP,hcom_receive_,hcom_receive__658_46_1,1,10.464209,10.464209,10.464209,32768
decode-dbo_ep16_all_to_all_single_b32_s256_t3,0,COMMUNICATION_OP,hcom_receive_,hcom_receive__658_128_1,1,10.440408,10.440408,10.440408,32768
decode-dbo_ep16_all_to_all_single_b32_s256_t3,0,COMMUNICATION_OP,hcom_receive_,hcom_receive__658_148_1,1,10.361007,10.361007,10.361007,32768
decode-dbo_ep16_all_to_all_single_b32_s256_t3,0,COMMUNICATION_OP,hcom_receive_,hcom_receive__658_142_1,1,10.351287,10.351287,10.351287,32768
decode-dbo_ep16_all_to_all_single_b32_s256_t3,0,COMMUNICATION_OP,hcom_receive_,hcom_receive__658_152_1,1,10.314886,10.314886,10.314886,32768
decode-dbo_ep16_all_to_all_single_b32_s256_t3,0,COMMUNICATION_OP,hcom_receive_,hcom_receive__658_120_1,1,10.313946,10.313946,10.313946,32768
decode-dbo_ep16_all_to_all_single_b32_s256_t3,0,COMMUNICATION_OP,hcom_receive_,hcom_receive__658_60_1,1,10.171764,10.171764,10.171764,32768
decode-dbo_ep16_all_to_all_single_b32_s256_t3,0,COMMUNICATION_OP,hcom_receive_,hcom_receive__658_50_1,1,10.125102,10.125102,10.125102,32768
decode-dbo_ep16_all_to_all_single_b32_s256_t3,0,COMMUNICATION_OP,hcom_receive_,hcom_receive__658_160_1,1,10.093341,10.093341,10.093341,32768
decode-dbo_ep16_all_to_all_single_b32_s256_t3,0,COMMUNICATION_OP,hcom_receive_,hcom_receive__658_180_1,1,10.043561,10.043561,10.043561,32768
decode-dbo_ep16_all_to_all_single_b32_s256_t3,0,COMMUNICATION_OP,hcom_receive_,hcom_receive__658_126_1,1,10.00916,10.00916,10.00916,32768
decode-dbo_ep16_all_to_all_single_b32_s256_t3,0,COMMUNICATION_OP,hcom_receive_,hcom_receive__658_162_1,1,10.006,10.006,10.006,32768
decode-dbo_ep16_all_to_all_single_b32_s256_t3,0,COMMUNICATION_OP,hcom_receive_,hcom_receive__658_110_1,1,9.99788,9.99788,9.99788,32768
decode-dbo_ep16_all_to_all_single_b32_s256_t3,0,COMMUNICATION_OP,hcom_receive_,hcom_receive__658_106_1,1,9.962079,9.962079,9.962079,32768
decode-dbo_ep16_all_to_all_single_b32_s256_t3,0,COMMUNICATION_OP,hcom_receive_,hcom_receive__658_134_1,1,9.947779,9.947779,9.947779,32768
decode-dbo_ep16_all_to_all_single_b32_s256_t3,0,COMMUNICATION_OP,hcom_receive_,hcom_receive__658_146_1,1,9.920018,9.920018,9.920018,32768
decode-dbo_ep16_all_to_all_single_b32_s256_t3,0,COMMUNICATION_OP,hcom_receive_,hcom_receive__658_130_1,1,9.914978,9.914978,9.914978,32768
decode-dbo_ep16_all_to_all_single_b32_s256_t3,0,COMMUNICATION_OP,hcom_receive_,hcom_receive__658_138_1,1,9.906238,9.906238,9.906238,32768
decode-dbo_ep16_all_to_all_single_b32_s256_t3,0,COMMUNICATION_OP,hcom_receive_,hcom_receive__658_34_1,1,9.876818,9.876818,9.876818,32768
decode-dbo_ep16_all_to_all_single_b32_s256_t3,0,COMMUNICATION_OP,hcom_receive_,hcom_receive__658_190_1,1,9.812836,9.812836,9.812836,32768
decode-dbo_ep16_all_to_all_single_b32_s256_t3,0,COMMUNICATION_OP,hcom_receive_,hcom_receive__658_94_1,1,9.791075,9.791075,9.791075,32768
decode-dbo_ep16_all_to_all_single_b32_s256_t3,0,COMMUNICATION_OP,hcom_receive_,hcom_receive__658_72_1,1,9.779875,9.779875,9.779875,32768
decode-dbo_ep16_all_to_all_single_b32_s256_t3,0,COMMUNICATION_OP,hcom_receive_,hcom_receive__658_74_1,1,9.702114,9.702114,9.702114,32768
decode-dbo_ep16_all_to_all_single_b32_s256_t3,0,COMMUNICATION_OP,hcom_receive_,hcom_receive__658_44_1,1,9.685553,9.685553,9.685553,32768
decode-dbo_ep16_all_to_all_single_b32_s256_t3,0,COMMUNICATION_OP,hcom_receive_,hcom_receive__658_154_1,1,9.672414,9.672414,9.672414,32768
decode-dbo_ep16_all_to_all_single_b32_s256_t3,0,COMMUNICATION_OP,hcom_receive_,hcom_receive__658_114_1,1,9.621372,9.621372,9.621372,32768
decode-dbo_ep16_all_to_all_single_b32_s256_t3,0,COMMUNICATION_OP,hcom_receive_,hcom_receive__658_116_1,1,9.599332,9.599332,9.599332,32768
decode-dbo_ep16_all_to_all_single_b32_s256_t3,0,COMMUNICATION_OP,hcom_receive_,hcom_receive__658_108_1,1,9.588871,9.588871,9.588871,32768
decode-dbo_ep16_all_to_all_single_b32_s256_t3,0,COMMUNICATION_OP,hcom_receive_,hcom_receive__658_194_1,1,9.543291,9.543291,9.543291,32768
decode-dbo_ep16_all_to_all_single_b32_s256_t3,0,COMMUNICATION_OP,hcom_receive_,hcom_receive__658_56_1,1,9.52509,9.52509,9.52509,32768
decode-dbo_ep16_all_to_all_single_b32_s256_t3,0,COMMUNICATION_OP,hcom_receive_,hcom_receive__658_12_1,1,9.49349,9.49349,9.49349,32768
decode-dbo_ep16_all_to_all_single_b32_s256_t3,0,COMMUNICATION_OP,hcom_receive_,hcom_receive__658_186_1,1,9.473809,9.473809,9.473809,32768
decode-dbo_ep16_all_to_all_single_b32_s256_t3,0,COMMUNICATION_OP,hcom_receive_,hcom_receive__658_168_1,1,9.403348,9.403348,9.403348,32768
decode-dbo_ep16_all_to_all_single_b32_s256_t3,0,COMMUNICATION_OP,hcom_receive_,hcom_receive__658_140_1,1,9.358587,9.358587,9.358587,32768
decode-dbo_ep16_all_to_all_single_b32_s256_t3,0,COMMUNICATION_OP,hcom_receive_,hcom_receive__658_86_1,1,9.353287,9.353287,9.353287,32768
decode-dbo_ep16_all_to_all_single_b32_s256_t3,0,COMMUNICATION_OP,hcom_receive_,hcom_receive__658_92_1,1,9.340586,9.340586,9.340586,32768
decode-dbo_ep16_all_to_all_single_b32_s256_t3,0,COMMUNICATION_OP,hcom_receive_,hcom_receive__658_8_1,1,9.309026,9.309026,9.309026,32768
decode-dbo_ep16_all_to_all_single_b32_s256_t3,0,COMMUNICATION_OP,hcom_receive_,hcom_receive__658_156_1,1,9.286405,9.286405,9.286405,32768
decode-dbo_ep16_all_to_all_single_b32_s256_t3,0,COMMUNICATION_OP,hcom_receive_,hcom_receive__658_64_1,1,9.170523,9.170523,9.170523,32768
decode-dbo_ep16_all_to_all_single_b32_s256_t3,0,COMMUNICATION_OP,hcom_receive_,hcom_receive__658_82_1,1,9.088961,9.088961,9.088961,32768
decode-dbo_ep16_all_to_all_single_b32_s256_t3,0,COMMUNICATION_OP,hcom_allReduce_,hcom_allReduce__612_6_1,1,9.058461,9.058461,9.058461,1
decode-dbo_ep16_all_to_all_single_b32_s256_t3,0,COMMUNICATION_OP,hcom_receive_,hcom_receive__658_30_1,1,9.03626,9.03626,9.03626,32768
decode-dbo_ep16_all_to_all_single_b32_s256_t3,0,COMMUNICATION_OP,hcom_receive_,hcom_receive__658_42_1,1,9.02788,9.02788,9.02788,32768
decode-dbo_ep16_all_to_all_single_b32_s256_t3,0,COMMUNICATION_OP,hcom_receive_,hcom_receive__658_196_1,1,9.024761,9.024761,9.024761,32768
decode-dbo_ep16_all_to_all_single_b32_s256_t3,0,COMMUNICATION_OP,hcom_receive_,hcom_receive__658_122_1,1,9.00456,9.00456,9.00456,32768
decode-dbo_ep16_all_to_all_single_b32_s256_t3,0,COMMUNICATION_OP,hcom_receive_,hcom_receive__658_18_1,1,9.0043,9.0043,9.0043,32768
decode-dbo_ep16_all_to_all_single_b32_s256_t3,0,COMMUNICATION_OP,hcom_receive_,hcom_receive__658_164_1,1,8.972099,8.972099,8.972099,32768
decode-dbo_ep16_all_to_all_single_b32_s256_t3,0,COMMUNICATION_OP,hcom_receive_,hcom_receive__658_16_1,1,8.951879,8.951879,8.951879,32768
decode-dbo_ep16_all_to_all_single_b32_s256_t3,0,COMMUNICATION_OP,hcom_receive_,hcom_receive__658_150_1,1,8.940419,8.940419,8.940419,32768
decode-dbo_ep16_all_to_all_single_b32_s256_t3,0,COMMUNICATION_OP,hcom_receive_,hcom_receive__658_132_1,1,8.930478,8.930478,8.930478,32768
decode-dbo_ep16_all_to_all_single_b32_s256_t3,0,COMMUNICATION_OP,hcom_receive_,hcom_receive__658_158_1,1,8.927019,8.927019,8.927019,32768
decode-dbo_ep16_all_to_all_single_b32_s256_t3,0,COMMUNICATION_OP,hcom_receive_,hcom_receive__658_62_1,1,8.920079,8.920079,8.920079,32768
decode-dbo_ep16_all_to_all_single_b32_s256_t3,0,COMMUNICATION_OP,hcom_receive_,hcom_receive__658_58_1,1,8.873858,8.873858,8.873858,32768
decode-dbo_ep16_all_to_all_single_b32_s256_t3,0,COMMUNICATION_OP,hcom_receive_,hcom_receive__658_192_1,1,8.844476,8.844476,8.844476,32768
decode-dbo_ep16_all_to_all_single_b32_s256_t3,0,COMMUNICATION_OP,hcom_receive_,hcom_receive__658_100_1,1,8.842297,8.842297,8.842297,32768
decode-dbo_ep16_all_to_all_single_b32_s256_t3,0,COMMUNICATION_OP,hcom_receive_,hcom_receive__658_38_1,1,8.838956,8.838956,8.838956,32768
decode-dbo_ep16_all_to_all_single_b32_s256_t3,0,COMMUNICATION_OP,hcom_receive_,hcom_receive__658_182_1,1,8.799876,8.799876,8.799876,32768
decode-dbo_ep16_all_to_all_single_b32_s256_t3,0,COMMUNICATION_OP,hcom_receive_,hcom_receive__658_174_1,1,8.770676,8.770676,8.770676,32768
decode-dbo_ep16_all_to_all_single_b32_s256_t3,0,COMMUNICATION_OP,hcom_receive_,hcom_receive__658_78_1,1,8.717255,8.717255,8.717255,32768
decode-dbo_ep16_all_to_all_single_b32_s256_t3,0,COMMUNICATION_OP,hcom_receive_,hcom_receive__658_88_1,1,8.686393,8.686393,8.686393,32768
decode-dbo_ep16_all_to_all_single_b32_s256_t3,0,COMMUNICATION_OP,hcom_receive_,hcom_receive__658_66_1,1,8.582111,8.582111,8.582111,32768
decode-dbo_ep16_all_to_all_single_b32_s256_t3,0,COMMUNICATION_OP,hcom_receive_,hcom_receive__658_70_1,1,8.560951,8.560951,8.560951,32768
decode-dbo_ep16_all_to_all_single_b32_s256_t3,0,COMMUNICATION_OP,hcom_receive_,hcom_receive__658_80_1,1,8.342867,8.342867,8.342867,32768
decode-dbo_ep16_all_to_all_single_b32_s256_t3,0,COMMUNICATION_OP,hcom_receive_,hcom_receive__658_84_1,1,8.184183,8.184183,8.184183,32768
decode-dbo_ep16_all_to_all_single_b32_s256_t3,0,COMMUNICATION_OP,hcom_receive_,hcom_receive__658_76_1,1,7.9834,7.9834,7.9834,32768
decode-dbo_ep16_all_to_all_single_b32_s256_t3,0,COMMUNICATION_OP,hcom_receive_,hcom_receive__658_98_1,1,7.931799,7.931799,7.931799,32768
decode-dbo_ep16_all_to_all_single_b32_s256_t3,0,COMMUNICATION_OP,hcom_receive_,hcom_receive__658_90_1,1,7.851257,7.851257,7.851257,32768
decode-dbo_ep16_all_to_all_single_b32_s256_t3,0,COMMUNICATION_OP,hcom_receive_,hcom_receive__658_96_1,1,7.658373,7.658373,7.658373,32768
decode-dbo_ep16_all_to_all_single_b32_s256_t3,0,COMMUNICATION_OP,hcom_receive_,hcom_receive__658_68_1,1,7.375188,7.375188,7.375188,32768
decode-dbo_ep16_all_to_all_single_b32_s256_t3,0,COMMUNICATION_OP,hcom_broadcast_,hcom_broadcast__612_1_1,1,4.310046,4.310046,4.310046,2
decode-dbo_ep16_all_to_all_single_b32_s256_t3,0,COMMUNICATION_OP,hcom_receive_,hcom_receive__634_1_1,1,3.671334,3.671334,3.671334,512
decode-dbo_ep16_all_to_all_single_b32_s256_t3,0,COMMUNICATION_OP,hcom_receive_,hcom_receive__658_21_1,1,3.248725,3.248725,3.248725,32768
decode-dbo_ep16_all_to_all_single_b32_s256_t3,0,COMMUNICATION_OP,hcom_receive_,hcom_receive__658_7_1,1,2.984819,2.984819,2.984819,32768
decode-dbo_ep16_all_to_all_single_b32_s256_t3,0,COMMUNICATION_OP,hcom_receive_,hcom_receive__658_123_1,1,2.856137,2.856137,2.856137,32768
decode-dbo_ep16_all_to_all_single_b32_s256_t3,0,COMMUNICATION_OP,hcom_send_,hcom_send__634_22_1,1,2.747435,2.747435,2.747435,32768
decode-dbo_ep16_all_to_all_single_b32_s256_t3,0,COMMUNICATION_OP,hcom_allReduce_,hcom_allReduce__612_2_1,1,2.666374,2.666374,2.666374,1
decode-dbo_ep16_all_to_all_single_b32_s256_t3,0,COMMUNICATION_OP,hcom_receive_,hcom_receive__658_45_1,1,2.633313,2.633313,2.633313,32768
decode-dbo_ep16_all_to_all_single_b32_s256_t3,0,COMMUNICATION_OP,hcom_receive_,hcom_receive__658_39_1,1,2.586192,2.586192,2.586192,32768
decode-dbo_ep16_all_to_all_single_b32_s256_t3,0,COMMUNICATION_OP,hcom_receive_,hcom_receive__658_135_1,1,2.567131,2.567131,2.567131,32768
decode-dbo_ep16_all_to_all_single_b32_s256_t3,0,COMMUNICATION_OP,hcom_receive_,hcom_receive__658_169_1,1,2.547311,2.547311,2.547311,32768
decode-dbo_ep16_all_to_all_single_b32_s256_t3,0,COMMUNICATION_OP,hcom_receive_,hcom_receive__658_89_1,1,2.46523,2.46523,2.46523,32768
decode-dbo_ep16_all_to_all_single_b32_s256_t3,0,COMMUNICATION_OP,hcom_receive_,hcom_receive__658_17_1,1,2.447449,2.447449,2.447449,32768
decode-dbo_ep16_all_to_all_single_b32_s256_t3,0,COMMUNICATION_OP,hcom_receive_,hcom_receive__658_121_1,1,2.436429,2.436429,2.436429,32768
decode-dbo_ep16_all_to_all_single_b32_s256_t3,0,COMMUNICATION_OP,hcom_receive_,hcom_receive__658_151_1,1,2.435529,2.435529,2.435529,32768
decode-dbo_ep16_all_to_all_single_b32_s256_t3,0,COMMUNICATION_OP,hcom_receive_,hcom_receive__658_117_1,1,2.408128,2.408128,2.408128,32768
decode-dbo_ep16_all_to_all_single_b32_s256_t3,0,COMMUNICATION_OP,hcom_send_,hcom_send__634_8_1,1,2.394248,2.394248,2.394248,32768
decode-dbo_ep16_all_to_all_single_b32_s256_t3,0,COMMUNICATION_OP,hcom_receive_,hcom_receive__658_145_1,1,2.370128,2.370128,2.370128,32768
decode-dbo_ep16_all_to_all_single_b32_s256_t3,0,COMMUNICATION_OP,hcom_receive_,hcom_receive__658_13_1,1,2.341986,2.341986,2.341986,32768
decode-dbo_ep16_all_to_all_single_b32_s256_t3,0,COMMUNICATION_OP,hcom_receive_,hcom_receive__658_197_1,1,2.285105,2.285105,2.285105,32768
decode-dbo_ep16_all_to_all_single_b32_s256_t3,0,COMMUNICATION_OP,hcom_receive_,hcom_receive__658_141_1,1,2.223684,2.223684,2.223684,32768
decode-dbo_ep16_all_to_all_single_b32_s256_t3,0,COMMUNICATION_OP,hcom_receive_,hcom_receive__658_97_1,1,2.219224,2.219224,2.219224,32768
decode-dbo_ep16_all_to_all_single_b32_s256_t3,0,COMMUNICATION_OP,hcom_receive_,hcom_receive__658_185_1,1,2.201444,2.201444,2.201444,32768
decode-dbo_ep16_all_to_all_single_b32_s256_t3,0,COMMUNICATION_OP,hcom_receive_,hcom_receive__658_109_1,1,2.185604,2.185604,2.185604,32768
decode-dbo_ep16_all_to_all_single_b32_s256_t3,0,COMMUNICATION_OP,hcom_send_,hcom_send__634_46_1,1,2.153404,2.153404,2.153404,32768
decode-dbo_ep16_all_to_all_single_b32_s256_t3,0,COMMUNICATION_OP,hcom_receive_,hcom_receive__658_159_1,1,2.138722,2.138722,2.138722,32768
decode-dbo_ep16_all_to_all_single_b32_s256_t3,0,COMMUNICATION_OP,hcom_receive_,hcom_receive__658_183_1,1,2.137603,2.137603,2.137603,32768
decode-dbo_ep16_all_to_all_single_b32_s256_t3,0,COMMUNICATION_OP,hcom_receive_,hcom_receive__658_19_1,1,2.129722,2.129722,2.129722,32768
decode-dbo_ep16_all_to_all_single_b32_s256_t3,0,COMMUNICATION_OP,hcom_receive_,hcom_receive__658_99_1,1,2.102682,2.102682,2.102682,32768
decode-dbo_ep16_all_to_all_single_b32_s256_t3,0,COMMUNICATION_OP,hcom_send_,hcom_send__915_0_1,1,2.092662,2.092662,2.092662,16777216
decode-dbo_ep16_all_to_all_single_b32_s256_t3,0,COMMUNICATION_OP,hcom_receive_,hcom_receive__658_31_1,1,2.068041,2.068041,2.068041,32768
decode-dbo_ep16_all_to_all_single_b32_s256_t3,0,COMMUNICATION_OP,hcom_send_,hcom_send__634_40_1,1,2.067321,2.067321,2.067321,32768
decode-dbo_ep16_all_to_all_single_b32_s256_t3,0,COMMUNICATION_OP,hcom_receive_,hcom_receive__658_9_1,1,2.022141,2.022141,2.022141,32768
decode-dbo_ep16_all_to_all_single_b32_s256_t3,0,COMMUNICATION_OP,hcom_receive_,hcom_receive__658_175_1,1,2.01998,2.01998,2.01998,32768
decode-dbo_ep16_all_to_all_single_b32_s256_t3,0,COMMUNICATION_OP,hcom_receive_,hcom_receive__658_69_1,1,2.01882,2.01882,2.01882,32768
decode-dbo_ep16_all_to_all_single_b32_s256_t3,0,COMMUNICATION_OP,hcom_receive_,hcom_receive__658_91_1,1,2.01762,2.01762,2.01762,32768
decode-dbo_ep16_all_to_all_single_b32_s256_t3,0,COMMUNICATION_OP,hcom_receive_,hcom_receive__658_63_1,1,1.990079,1.990079,1.990079,32768
decode-dbo_ep16_all_to_all_single_b32_s256_t3,0,COMMUNICATION_OP,hcom_send_,hcom_send__634_90_1,1,1.97832,1.97832,1.97832,32768
decode-dbo_ep16_all_to_all_single_b32_s256_t3,0,COMMUNICATION_OP,hcom_send_,hcom_send__915_2_1,1,1.968919,1.968919,1.968919,16777216
decode-dbo_ep16_all_to_all_single_b32_s256_t3,0,COMMUNICATION_OP,hcom_receive_,hcom_receive__658_43_1,1,1.919458,1.919458,1.919458,32768
decode-dbo_ep16_all_to_all_single_b32_s256_t3,0,COMMUNICATION_OP,hcom_receive_,hcom_receive__658_127_1,1,1.916358,1.916358,1.916358,32768
decode-dbo_ep16_all_to_all_single_b32_s256_t3,0,COMMUNICATION_OP,hcom_send_,hcom_send__634_18_1,1,1.903918,1.903918,1.903918,32768
decode-dbo_ep16_all_to_all_single_b32_s256_t3,0,COMMUNICATION_OP,hcom_receive_,hcom_receive__658_119_1,1,1.878698,1.878698,1.878698,32768
decode-dbo_ep16_all_to_all_single_b32_s256_t3,0,COMMUNICATION_OP,hcom_receive_,hcom_receive__658_115_1,1,1.859957,1.859957,1.859957,32768
decode-dbo_ep16_all_to_all_single_b32_s256_t3,0,COMMUNICATION_OP,hcom_receive_,hcom_receive__658_157_1,1,1.856858,1.856858,1.856858,32768
decode-dbo_ep16_all_to_all_single_b32_s256_t3,0,COMMUNICATION_OP,hcom_receive_,hcom_receive__658_195_1,1,1.839177,1.839177,1.839177,32768
decode-dbo_ep16_all_to_all_single_b32_s256_t3,0,COMMUNICATION_OP,hcom_receive_,hcom_receive__658_59_1,1,1.826836,1.826836,1.826836,32768
decode-dbo_ep16_all_to_all_single_b32_s256_t3,0,COMMUNICATION_OP,hcom_send_,hcom_send__634_14_1,1,1.820257,1.820257,1.820257,32768
decode-dbo_ep16_all_to_all_single_b32_s256_t3,0,COMMUNICATION_OP,hcom_receive_,hcom_receive__658_155_1,1,1.808256,1.808256,1.808256,32768
decode-dbo_ep16_all_to_all_single_b32_s256_t3,0,COMMUNICATION_OP,hcom_receive_,hcom_receive__658_161_1,1,1.800196,1.800196,1.800196,32768
decode-dbo_ep16_all_to_all_single_b32_s256_t3,0,COMMUNICATION_OP,hcom_receive_,hcom_receive__658_193_1,1,1.774316,1.774316,1.774316,32768
decode-dbo_ep16_all_to_all_single_b32_s256_t3,0,COMMUNICATION_OP,hcom_receive_,hcom_receive__658_187_1,1,1.723114,1.723114,1.723114,32768
decode-dbo_ep16_all_to_all_single_b32_s256_t3,0,COMMUNICATION_OP,hcom_send_,hcom_send__634_98_1,1,1.720774,1.720774,1.720774,32768
decode-dbo_ep16_all_to_all_single_b32_s256_t3,0,COMMUNICATION_OP,hcom_receive_,hcom_receive__658_33_1,1,1.714094,1.714094,1.714094,32768
decode-dbo_ep16_all_to_all_single_b32_s256_t3,0,COMMUNICATION_OP,hcom_send_,hcom_send__634_124_1,1,1.697113,1.697113,1.697113,32768
decode-dbo_ep16_all_to_all_single_b32_s256_t3,0,COMMUNICATION_OP,hcom_allReduce_,hcom_allReduce__612_4_1,1,1.622272,1.622272,1.622272,1
decode-dbo_ep16_all_to_all_single_b32_s256_t3,0,COMMUNICATION_OP,hcom_send_,hcom_send__634_20_1,1,1.613332,1.613332,1.613332,32768
decode-dbo_ep16_all_to_all_single_b32_s256_t3,0,COMMUNICATION_OP,hcom_send_,hcom_send__634_100_1,1,1.610232,1.610232,1.610232,32768
decode-dbo_ep16_all_to_all_single_b32_s256_t3,0,COMMUNICATION_OP,hcom_receive_,hcom_receive__658_133_1,1,1.570612,1.570612,1.570612,32768
decode-dbo_ep16_all_to_all_single_b32_s256_t3,0,COMMUNICATION_OP,hcom_send_,hcom_send__634_10_1,1,1.52391,1.52391,1.52391,32768
decode-dbo_ep16_all_to_all_single_b32_s256_t3,0,COMMUNICATION_OP,hcom_send_,hcom_send__634_92_1,1,1.514211,1.514211,1.514211,32768
decode-dbo_ep16_all_to_all_single_b32_s256_t3,0,COMMUNICATION_OP,hcom_send_,hcom_send__915_10_1,1,1.50581,1.50581,1.50581,16777216
decode-dbo_ep16_all_to_all_single_b32_s256_t3,0,COMMUNICATION_OP,hcom_send_,hcom_send__915_94_1,1,1.505611,1.505611,1.505611,16777216
decode-dbo_ep16_all_to_all_single_b32_s256_t3,0,COMMUNICATION_OP,hcom_send_,hcom_send__915_22_1,1,1.505591,1.505591,1.505591,16777216
decode-dbo_ep16_all_to_all_single_b32_s256_t3,0,COMMUNICATION_OP,hcom_send_,hcom_send__915_68_1,1,1.50541,1.50541,1.50541,16777216
decode-dbo_ep16_all_to_all_single_b32_s256_t3,0,COMMUNICATION_OP,hcom_send_,hcom_send__915_58_1,1,1.50525,1.50525,1.50525,16777216
decode-dbo_ep16_all_to_all_single_b32_s256_t3,0,COMMUNICATION_OP,hcom_send_,hcom_send__915_54_1,1,1.50513,1.50513,1.50513,16777216
decode-dbo_ep16_all_to_all_single_b32_s256_t3,0,COMMUNICATION_OP,hcom_send_,hcom_send__915_30_1,1,1.50509,1.50509,1.50509,16777216
decode-dbo_ep16_all_to_all_single_b32_s256_t3,0,COMMUNICATION_OP,hcom_send_,hcom_send__915_78_1,1,1.50489,1.50489,1.50489,16777216
decode-dbo_ep16_all_to_all_single_b32_s256_t3,0,COMMUNICATION_OP,hcom_send_,hcom_send__915_18_1,1,1.50487,1.50487,1.50487,16777216
decode-dbo_ep16_all_to_all_single_b32_s256_t3,0,COMMUNICATION_OP,hcom_send_,hcom_send__915_66_1,1,1.50473,1.50473,1.50473,16777216
decode-dbo_ep16_all_to_all_single_b32_s256_t3,0,COMMUNICATION_OP,hcom_send_,hcom_send__915_62_1,1,1.50471,1.50471,1.50471,16777216
decode-dbo_ep16_all_to_all_single_b32_s256_t3,0,COMMUNICATION_OP,hcom_send_,hcom_send__915_90_1,1,1.50471,1.50471,1.50471,16777216
decode-dbo_ep16_all_to_all_single_b32_s256_t3,0,COMMUNICATION_OP,hcom_send_,hcom_send__915_50_1,1,1.50451,1.50451,1.50451,16777216
decode-dbo_ep16_all_to_all_single_b32_s256_t3,0,COMMUNICATION_OP,hcom_send_,hcom_send__915_14_1,1,1.50445,1.50445,1.50445,16777216
decode-dbo_ep16_all_to_all_single_b32_s256_t3,0,COMMUNICATION_OP,hcom_send_,hcom_send__915_26_1,1,1.50445,1.50445,1.50445,16777216
decode-dbo_ep16_all_to_all_single_b32_s256_t3,0,COMMUNICATION_OP,hcom_send_,hcom_send__915_32_1,1,1.50437,1.50437,1.50437,16777216
decode-dbo_ep16_all_to_all_single_b32_s256_t3,0,COMMUNICATION_OP,hcom_send_,hcom_send__915_56_1,1,1.50435,1.50435,1.50435,16777216
decode-dbo_ep16_all_to_all_single_b32_s256_t3,0,COMMUNICATION_OP,hcom_send_,hcom_send__915_24_1,1,1.50433,1.50433,1.50433,16777216
decode-dbo_ep16_all_to_all_single_b32_s256_t3,0,COMMUNICATION_OP,hcom_send_,hcom_send__915_38_1,1,1.50429,1.50429,1.50429,16777216
decode-dbo_ep16_all_to_all_single_b32_s256_t3,0,COMMUNICATION_OP,hcom_send_,hcom_send__915_64_1,1,1.50427,1.50427,1.50427,16777216
decode-dbo_ep16_all_to_all_single_b32_s256_t3,0,COMMUNICATION_OP,hcom_send_,hcom_send__915_86_1,1,1.504231,1.504231,1.504231,16777216
decode-dbo_ep16_all_to_all_single_b32_s256_t3,0,COMMUNICATION_OP,hcom_send_,hcom_send__915_12_1,1,1.50423,1.50423,1.50423,16777216
decode-dbo_ep16_all_to_all_single_b32_s256_t3,0,COMMUNICATION_OP,hcom_send_,hcom_send__915_70_1,1,1.50413,1.50413,1.50413,16777216
decode-dbo_ep16_all_to_all_single_b32_s256_t3,0,COMMUNICATION_OP,hcom_send_,hcom_send__915_6_1,1,1.50405,1.50405,1.50405,16777216
decode-dbo_ep16_all_to_all_single_b32_s256_t3,0,COMMUNICATION_OP,hcom_send_,hcom_send__915_42_1,1,1.50403,1.50403,1.50403,16777216
decode-dbo_ep16_all_to_all_single_b32_s256_t3,0,COMMUNICATION_OP,hcom_send_,hcom_send__915_46_1,1,1.50399,1.50399,1.50399,16777216
decode-dbo_ep16_all_to_all_single_b32_s256_t3,0,COMMUNICATION_OP,hcom_send_,hcom_send__915_48_1,1,1.50399,1.50399,1.50399,16777216
decode-dbo_ep16_all_to_all_single_b32_s256_t3,0,COMMUNICATION_OP,hcom_send_,hcom_send__915_36_1,1,1.50391,1.50391,1.50391,16777216
decode-dbo_ep16_all_to_all_single_b32_s256_t3,0,COMMUNICATION_OP,hcom_send_,hcom_send__915_44_1,1,1.50389,1.50389,1.50389,16777216
decode-dbo_ep16_all_to_all_single_b32_s256_t3,0,COMMUNICATION_OP,hcom_send_,hcom_send__915_34_1,1,1.50387,1.50387,1.50387,16777216
decode-dbo_ep16_all_to_all_single_b32_s256_t3,0,COMMUNICATION_OP,hcom_send_,hcom_send__915_74_1,1,1.50385,1.50385,1.50385,16777216
decode-dbo_ep16_all_to_all_single_b32_s256_t3,0,COMMUNICATION_OP,hcom_send_,hcom_send__915_40_1,1,1.503791,1.503791,1.503791,16777216
decode-dbo_ep16_all_to_all_single_b32_s256_t3,0,COMMUNICATION_OP,hcom_send_,hcom_send__634_32_1,1,1.50379,1.50379,1.50379,32768
decode-dbo_ep16_all_to_all_single_b32_s256_t3,0,COMMUNICATION_OP,hcom_send_,hcom_send__915_28_1,1,1.50369,1.50369,1.50369,16777216
decode-dbo_ep16_all_to_all_single_b32_s256_t3,0,COMMUNICATION_OP,hcom_send_,hcom_send__915_92_1,1,1.50363,1.50363,1.50363,16777216
decode-dbo_ep16_all_to_all_single_b32_s256_t3,0,COMMUNICATION_OP,hcom_send_,hcom_send__915_52_1,1,1.50361,1.50361,1.50361,16777216
decode-dbo_ep16_all_to_all_single_b32_s256_t3,0,COMMUNICATION_OP,hcom_send_,hcom_send__915_60_1,1,1.50359,1.50359,1.50359,16777216
decode-dbo_ep16_all_to_all_single_b32_s256_t3,0,COMMUNICATION_OP,hcom_send_,hcom_send__915_72_1,1,1.50353,1.50353,1.50353,16777216
decode-dbo_ep16_all_to_all_single_b32_s256_t3,0,COMMUNICATION_OP,hcom_send_,hcom_send__915_8_1,1,1.50343,1.50343,1.50343,16777216
decode-dbo_ep16_all_to_all_single_b32_s256_t3,0,COMMUNICATION_OP,hcom_send_,hcom_send__915_16_1,1,1.50337,1.50337,1.50337,16777216
decode-dbo_ep16_all_to_all_single_b32_s256_t3,0,COMMUNICATION_OP,hcom_send_,hcom_send__915_76_1,1,1.50297,1.50297,1.50297,16777216
decode-dbo_ep16_all_to_all_single_b32_s256_t3,0,COMMUNICATION_OP,hcom_send_,hcom_send__915_84_1,1,1.502931,1.502931,1.502931,16777216
decode-dbo_ep16_all_to_all_single_b32_s256_t3,0,COMMUNICATION_OP,hcom_send_,hcom_send__915_20_1,1,1.50289,1.50289,1.50289,16777216
decode-dbo_ep16_all_to_all_single_b32_s256_t3,0,COMMUNICATION_OP,hcom_send_,hcom_send__915_88_1,1,1.50287,1.50287,1.50287,16777216
decode-dbo_ep16_all_to_all_single_b32_s256_t3,0,COMMUNICATION_OP,hcom_send_,hcom_send__915_80_1,1,1.50265,1.50265,1.50265,16777216
decode-dbo_ep16_all_to_all_single_b32_s256_t3,0,COMMUNICATION_OP,hcom_send_,hcom_send__915_82_1,1,1.50261,1.50261,1.50261,16777216
decode-dbo_ep16_all_to_all_single_b32_s256_t3,0,COMMUNICATION_OP,hcom_send_,hcom_send__915_4_1,1,1.50251,1.50251,1.50251,16777216
decode-dbo_ep16_all_to_all_single_b32_s256_t3,0,COMMUNICATION_OP,hcom_allReduce_,hcom_allReduce__612_5_1,1,1.49741,1.49741,1.49741,1
decode-dbo_ep16_all_to_all_single_b32_s256_t3,0,COMMUNICATION_OP,hcom_send_,hcom_send__634_64_1,1,1.49707,1.49707,1.49707,32768
decode-dbo_ep16_all_to_all_single_b32_s256_t3,0,COMMUNICATION_OP,hcom_send_,hcom_send__634_70_1,1,1.48889,1.48889,1.48889,32768
decode-dbo_ep16_all_to_all_single_b32_s256_t3,0,COMMUNICATION_OP,hcom_receive_,hcom_receive__658_67_1,1,1.456849,1.456849,1.456849,32768
decode-dbo_ep16_all_to_all_single_b32_s256_t3,0,COMMUNICATION_OP,hcom_send_,hcom_send__634_44_1,1,1.433769,1.433769,1.433769,32768
decode-dbo_ep16_all_to_all_single_b32_s256_t3,0,COMMUNICATION_OP,hcom_send_,hcom_send__634_170_1,1,1.379008,1.379008,1.379008,32768
decode-dbo_ep16_all_to_all_single_b32_s256_t3,0,COMMUNICATION_OP,hcom_send_,hcom_send__634_136_1,1,1.358127,1.358127,1.358127,32768
decode-dbo_ep16_all_to_all_single_b32_s256_t3,0,COMMUNICATION_OP,hcom_allReduce_,hcom_allReduce__612_3_1,1,1.357687,1.357687,1.357687,1
decode-dbo_ep16_all_to_all_single_b32_s256_t3,0,COMMUNICATION_OP,hcom_receive_,hcom_receive__658_139_1,1,1.335027,1.335027,1.335027,32768
decode-dbo_ep16_all_to_all_single_b32_s256_t3,0,COMMUNICATION_OP,hcom_receive_,hcom_receive__658_165_1,1,1.334387,1.334387,1.334387,32768
decode-dbo_ep16_all_to_all_single_b32_s256_t3,0,COMMUNICATION_OP,hcom_send_,hcom_send__634_60_1,1,1.321887,1.321887,1.321887,32768
decode-dbo_ep16_all_to_all_single_b32_s256_t3,0,COMMUNICATION_OP,hcom_receive_,hcom_receive__658_129_1,1,1.243345,1.243345,1.243345,32768
decode-dbo_ep16_all_to_all_single_b32_s256_t3,0,COMMUNICATION_OP,hcom_send_,hcom_send__634_122_1,1,1.241425,1.241425,1.241425,32768
decode-dbo_ep16_all_to_all_single_b32_s256_t3,0,COMMUNICATION_OP,hcom_receive_,hcom_receive__658_71_1,1,1.217385,1.217385,1.217385,32768
decode-dbo_ep16_all_to_all_single_b32_s256_t3,0,COMMUNICATION_OP,hcom_send_,hcom_send__634_146_1,1,1.203704,1.203704,1.203704,32768
decode-dbo_ep16_all_to_all_single_b32_s256_t3,0,COMMUNICATION_OP,hcom_receive_,hcom_receive__658_85_1,1,1.203424,1.203424,1.203424,32768
decode-dbo_ep16_all_to_all_single_b32_s256_t3,0,COMMUNICATION_OP,hcom_receive_,hcom_receive__658_95_1,1,1.202124,1.202124,1.202124,32768
decode-dbo_ep16_all_to_all_single_b32_s256_t3,0,COMMUNICATION_OP,hcom_receive_,hcom_receive__658_81_1,1,1.195504,1.195504,1.195504,32768
decode-dbo_ep16_all_to_all_single_b32_s256_t3,0,COMMUNICATION_OP,hcom_send_,hcom_send__634_34_1,1,1.189044,1.189044,1.189044,32768
decode-dbo_ep16_all_to_all_single_b32_s256_t3,0,COMMUNICATION_OP,hcom_send_,hcom_send__634_118_1,1,1.188704,1.188704,1.188704,32768
decode-dbo_ep16_all_to_all_single_b32_s256_t3,0,COMMUNICATION_OP,hcom_receive_,hcom_receive__658_101_1,1,1.173643,1.173643,1.173643,32768
decode-dbo_ep16_all_to_all_single_b32_s256_t3,0,COMMUNICATION_OP,hcom_receive_,hcom_receive__658_107_1,1,1.169743,1.169743,1.169743,32768
decode-dbo_ep16_all_to_all_single_b32_s256_t3,0,COMMUNICATION_OP,hcom_receive_,hcom_receive__658_181_1,1,1.154363,1.154363,1.154363,32768
decode-dbo_ep16_all_to_all_single_b32_s256_t3,0,COMMUNICATION_OP,hcom_receive_,hcom_receive__658_35_1,1,1.111762,1.111762,1.111762,32768
decode-dbo_ep16_all_to_all_single_b32_s256_t3,0,COMMUNICATION_OP,hcom_send_,hcom_send__634_152_1,1,1.090182,1.090182,1.090182,32768
decode-dbo_ep16_all_to_all_single_b32_s256_t3,0,COMMUNICATION_OP,hcom_receive_,hcom_receive__658_93_1,1,1.056601,1.056601,1.056601,32768
decode-dbo_ep16_all_to_all_single_b32_s256_t3,0,COMMUNICATION_OP,hcom_send_,hcom_send__634_186_1,1,1.047401,1.047401,1.047401,32768
decode-dbo_ep16_all_to_all_single_b32_s256_t3,0,COMMUNICATION_OP,hcom_send_,hcom_send__634_142_1,1,1.042101,1.042101,1.042101,32768
decode-dbo_ep16_all_to_all_single_b32_s256_t3,0,COMMUNICATION_OP,hcom_send_,hcom_send__634_110_1,1,1.025521,1.025521,1.025521,32768
decode-dbo_ep16_all_to_all_single_b32_s256_t3,0,COMMUNICATION_OP,hcom_send_,hcom_send__658_0_1,1,1.00576,1.00576,1.00576,512
decode-dbo_ep16_all_to_all_single_b32_s256_t3,0,COMMUNICATION_OP,hcom_receive_,hcom_receive__658_79_1,1,0.983439,0.983439,0.983439,32768
decode-dbo_ep16_all_to_all_single_b32_s256_t3,0,COMMUNICATION_OP,hcom_send_,hcom_send__634_184_1,1,0.973559,0.973559,0.973559,32768
decode-dbo_ep16_all_to_all_single_b32_s256_t3,0,COMMUNICATION_OP,hcom_receive_,hcom_receive__658_153_1,1,0.961739,0.961739,0.961739,32768
decode-dbo_ep16_all_to_all_single_b32_s256_t3,0,COMMUNICATION_OP,hcom_send_,hcom_send__634_160_1,1,0.950239,0.950239,0.950239,32768
decode-dbo_ep16_all_to_all_single_b32_s256_t3,0,COMMUNICATION_OP,hcom_send_,hcom_send__634_68_1,1,0.949019,0.949019,0.949019,32768
decode-dbo_ep16_all_to_all_single_b32_s256_t3,0,COMMUNICATION_OP,hcom_receive_,hcom_receive__658_137_1,1,0.939619,0.939619,0.939619,32768
decode-dbo_ep16_all_to_all_single_b32_s256_t3,0,COMMUNICATION_OP,hcom_receive_,hcom_receive__658_47_1,1,0.906558,0.906558,0.906558,32768
decode-dbo_ep16_all_to_all_single_b32_s256_t3,0,COMMUNICATION_OP,hcom_receive_,hcom_receive__658_163_1,1,0.889738,0.889738,0.889738,32768
decode-dbo_ep16_all_to_all_single_b32_s256_t3,0,COMMUNICATION_OP,hcom_send_,hcom_send__634_0_1,1,0.869758,0.869758,0.869758,512
decode-dbo_ep16_all_to_all_single_b32_s256_t3,0,COMMUNICATION_OP,hcom_send_,hcom_send__634_176_1,1,0.828316,0.828316,0.828316,32768
decode-dbo_ep16_all_to_all_single_b32_s256_t3,0,COMMUNICATION_OP,hcom_receive_,hcom_receive__658_111_1,1,0.827837,0.827837,0.827837,32768
decode-dbo_ep16_all_to_all_single_b32_s256_t3,0,COMMUNICATION_OP,hcom_receive_,hcom_receive__658_131_1,1,0.794256,0.794256,0.794256,32768
decode-dbo_ep16_all_to_all_single_b32_s256_t3,0,COMMUNICATION_OP,hcom_receive_,hcom_receive__658_191_1,1,0.775355,0.775355,0.775355,32768
decode-dbo_ep16_all_to_all_single_b32_s256_t3,0,COMMUNICATION_OP,hcom_send_,hcom_send__634_86_1,1,0.718435,0.718435,0.718435,32768
decode-dbo_ep16_all_to_all_single_b32_s256_t3,0,COMMUNICATION_OP,hcom_send_,hcom_send__634_96_1,1,0.710934,0.710934,0.710934,32768
decode-dbo_ep16_all_to_all_single_b32_s256_t3,0,COMMUNICATION_OP,hcom_send_,hcom_send__634_128_1,1,0.706874,0.706874,0.706874,32768
decode-dbo_ep16_all_to_all_single_b32_s256_t3,0,COMMUNICATION_OP,hcom_receive_,hcom_receive__658_113_1,1,0.700274,0.700274,0.700274,32768
decode-dbo_ep16_all_to_all_single_b32_s256_t3,0,COMMUNICATION_OP,hcom_send_,hcom_send__634_196_1,1,0.685494,0.685494,0.685494,32768
decode-dbo_ep16_all_to_all_single_b32_s256_t3,0,COMMUNICATION_OP,hcom_send_,hcom_send__634_72_1,1,0.678953,0.678953,0.678953,32768
decode-dbo_ep16_all_to_all_single_b32_s256_t3,0,COMMUNICATION_OP,hcom_send_,hcom_send__634_82_1,1,0.671933,0.671933,0.671933,32768
decode-dbo_ep16_all_to_all_single_b32_s256_t3,0,COMMUNICATION_OP,hcom_send_,hcom_send__634_158_1,1,0.666493,0.666493,0.666493,32768
decode-dbo_ep16_all_to_all_single_b32_s256_t3,0,COMMUNICATION_OP,hcom_send_,hcom_send__634_116_1,1,0.641953,0.641953,0.641953,32768
decode-dbo_ep16_all_to_all_single_b32_s256_t3,0,COMMUNICATION_OP,hcom_send_,hcom_send__634_120_1,1,0.638792,0.638792,0.638792,32768
decode-dbo_ep16_all_to_all_single_b32_s256_t3,0,COMMUNICATION_OP,hcom_send_,hcom_send__634_156_1,1,0.634492,0.634492,0.634492,32768
decode-dbo_ep16_all_to_all_single_b32_s256_t3,0,COMMUNICATION_OP,hcom_send_,hcom_send__634_162_1,1,0.632453,0.632453,0.632453,32768
decode-dbo_ep16_all_to_all_single_b32_s256_t3,0,COMMUNICATION_OP,hcom_receive_,hcom_receive__658_103_1,1,0.618772,0.618772,0.618772,32768
decode-dbo_ep16_all_to_all_single_b32_s256_t3,0,COMMUNICATION_OP,hcom_send_,hcom_send__634_194_1,1,0.611492,0.611492,0.611492,32768
decode-dbo_ep16_all_to_all_single_b32_s256_t3,0,COMMUNICATION_OP,hcom_receive_,hcom_receive__658_87_1,1,0.581771,0.581771,0.581771,32768
decode-dbo_ep16_all_to_all_single_b32_s256_t3,0,COMMUNICATION_OP,hcom_send_,hcom_send__634_36_1,1,0.573811,0.573811,0.573811,32768
decode-dbo_ep16_all_to_all_single_b32_s256_t3,0,COMMUNICATION_OP,hcom_receive_,hcom_receive__658_1_1,1,0.571371,0.571371,0.571371,512
decode-dbo_ep16_all_to_all_single_b32_s256_t3,0,COMMUNICATION_OP,hcom_send_,hcom_send__634_188_1,1,0.549431,0.549431,0.549431,32768
decode-dbo_ep16_all_to_all_single_b32_s256_t3,0,COMMUNICATION_OP,hcom_receive_,hcom_receive__658_65_1,1,0.548391,0.548391,0.548391,32768
decode-dbo_ep16_all_to_all_single_b32_s256_t3,0,COMMUNICATION_OP,hcom_receive_,hcom_receive__658_23_1,1,0.540811,0.540811,0.540811,32768
decode-dbo_ep16_all_to_all_single_b32_s256_t3,0,COMMUNICATION_OP,hcom_send_,hcom_send__634_94_1,1,0.51361,0.51361,0.51361,32768
decode-dbo_ep16_all_to_all_single_b32_s256_t3,0,COMMUNICATION_OP,hcom_send_,hcom_send__634_80_1,1,0.49283,0.49283,0.49283,32768
decode-dbo_ep16_all_to_all_single_b32_s256_t3,0,COMMUNICATION_OP,hcom_receive_,hcom_receive__658_125_1,1,0.433429,0.433429,0.433429,32768
decode-dbo_ep16_all_to_all_single_b32_s256_t3,0,COMMUNICATION_OP,hcom_receive_,hcom_receive__658_149_1,1,0.423968,0.423968,0.423968,32768
decode-dbo_ep16_all_to_all_single_b32_s256_t3,0,COMMUNICATION_OP,hcom_receive_,hcom_receive__658_49_1,1,0.420129,0.420129,0.420129,32768
decode-dbo_ep16_all_to_all_single_b32_s256_t3,0,COMMUNICATION_OP,hcom_send_,hcom_send__634_48_1,1,0.417768,0.417768,0.417768,32768
decode-dbo_ep16_all_to_all_single_b32_s256_t3,0,COMMUNICATION_OP,hcom_receive_,hcom_receive__658_51_1,1,0.412929,0.412929,0.412929,32768
decode-dbo_ep16_all_to_all_single_b32_s256_t3,0,COMMUNICATION_OP,hcom_receive_,hcom_receive__658_11_1,1,0.404108,0.404108,0.404108,32768
decode-dbo_ep16_all_to_all_single_b32_s256_t3,0,COMMUNICATION_OP,hcom_send_,hcom_send__634_134_1,1,0.398148,0.398148,0.398148,32768
decode-dbo_ep16_all_to_all_single_b32_s256_t3,0,COMMUNICATION_OP,hcom_receive_,hcom_receive__658_173_1,1,0.391548,0.391548,0.391548,32768
decode-dbo_ep16_all_to_all_single_b32_s256_t3,0,COMMUNICATION_OP,hcom_receive_,hcom_receive__658_167_1,1,0.388648,0.388648,0.388648,32768
decode-dbo_ep16_all_to_all_single_b32_s256_t3,0,COMMUNICATION_OP,hcom_receive_,hcom_receive__658_177_1,1,0.386727,0.386727,0.386727,32768
decode-dbo_ep16_all_to_all_single_b32_s256_t3,0,COMMUNICATION_OP,hcom_receive_,hcom_receive__658_61_1,1,0.385347,0.385347,0.385347,32768
decode-dbo_ep16_all_to_all_single_b32_s256_t3,0,COMMUNICATION_OP,hcom_receive_,hcom_receive__658_53_1,1,0.381708,0.381708,0.381708,32768
decode-dbo_ep16_all_to_all_single_b32_s256_t3,0,COMMUNICATION_OP,hcom_receive_,hcom_receive__658_189_1,1,0.378028,0.378028,0.378028,32768
decode-dbo_ep16_all_to_all_single_b32_s256_t3,0,COMMUNICATION_OP,hcom_receive_,hcom_receive__658_143_1,1,0.376567,0.376567,0.376567,32768
decode-dbo_ep16_all_to_all_single_b32_s256_t3,0,COMMUNICATION_OP,hcom_receive_,hcom_receive__658_41_1,1,0.374948,0.374948,0.374948,32768
decode-dbo_ep16_all_to_all_single_b32_s256_t3,0,COMMUNICATION_OP,hcom_receive_,hcom_receive__658_15_1,1,0.366688,0.366688,0.366688,32768
decode-dbo_ep16_all_to_all_single_b32_s256_t3,0,COMMUNICATION_OP,hcom_receive_,hcom_receive__658_83_1,1,0.365788,0.365788,0.365788,32768
decode-dbo_ep16_all_to_all_single_b32_s256_t3,0,COMMUNICATION_OP,hcom_receive_,hcom_receive__658_147_1,1,0.364927,0.364927,0.364927,32768
decode-dbo_ep16_all_to_all_single_b32_s256_t3,0,COMMUNICATION_OP,hcom_receive_,hcom_receive__658_105_1,1,0.362347,0.362347,0.362347,32768
decode-dbo_ep16_all_to_all_single_b32_s256_t3,0,COMMUNICATION_OP,hcom_receive_,hcom_receive__658_179_1,1,0.357947,0.357947,0.357947,32768
decode-dbo_ep16_all_to_all_single_b32_s256_t3,0,COMMUNICATION_OP,hcom_send_,hcom_send__915_96_1,1,0.357707,0.357707,0.357707,512
decode-dbo_ep16_all_to_all_single_b32_s256_t3,0,COMMUNICATION_OP,hcom_receive_,hcom_receive__658_29_1,1,0.355707,0.355707,0.355707,32768
decode-dbo_ep16_all_to_all_single_b32_s256_t3,0,COMMUNICATION_OP,hcom_receive_,hcom_receive__658_75_1,1,0.352627,0.352627,0.352627,32768
decode-dbo_ep16_all_to_all_single_b32_s256_t3,0,COMMUNICATION_OP,hcom_receive_,hcom_receive__658_55_1,1,0.351847,0.351847,0.351847,32768
decode-dbo_ep16_all_to_all_single_b32_s256_t3,0,COMMUNICATION_OP,hcom_receive_,hcom_receive__658_27_1,1,0.348347,0.348347,0.348347,32768
decode-dbo_ep16_all_to_all_single_b32_s256_t3,0,COMMUNICATION_OP,hcom_receive_,hcom_receive__658_25_1,1,0.348167,0.348167,0.348167,32768
decode-dbo_ep16_all_to_all_single_b32_s256_t3,0,COMMUNICATION_OP,hcom_receive_,hcom_receive__658_37_1,1,0.342447,0.342447,0.342447,32768
decode-dbo_ep16_all_to_all_single_b32_s256_t3,0,COMMUNICATION_OP,hcom_receive_,hcom_receive__658_57_1,1,0.341327,0.341327,0.341327,32768
decode-dbo_ep16_all_to_all_single_b32_s256_t3,0,COMMUNICATION_OP,hcom_send_,hcom_send__915_98_1,1,0.339007,0.339007,0.339007,512
decode-dbo_ep16_all_to_all_single_b32_s256_t3,0,COMMUNICATION_OP,hcom_receive_,hcom_receive__658_77_1,1,0.337727,0.337727,0.337727,32768
decode-dbo_ep16_all_to_all_single_b32_s256_t3,0,COMMUNICATION_OP,hcom_receive_,hcom_receive__658_171_1,1,0.332287,0.332287,0.332287,32768
decode-dbo_ep16_all_to_all_single_b32_s256_t3,0,COMMUNICATION_OP,hcom_send_,hcom_send__658_4_1,1,0.312566,0.312566,0.312566,512
decode-dbo_ep16_all_to_all_single_b32_s256_t3,0,COMMUNICATION_OP,hcom_receive_,hcom_receive__658_73_1,1,0.301126,0.301126,0.301126,32768
decode-dbo_ep16_all_to_all_single_b32_s256_t3,0,COMMUNICATION_OP,hcom_receive_,hcom_receive__658_3_1,1,0.285845,0.285845,0.285845,512
decode-dbo_ep16_all_to_all_single_b32_s256_t3,0,COMMUNICATION_OP,hcom_send_,hcom_send__915_100_1,1,0.275225,0.275225,0.275225,512
decode-dbo_ep16_all_to_all_single_b32_s256_t3,0,COMMUNICATION_OP,hcom_send_,hcom_send__658_2_1,1,0.255205,0.255205,0.255205,512
decode-dbo_ep16_all_to_all_single_b32_s256_t3,0,COMMUNICATION_OP,hcom_receive_,hcom_receive__915_97_1,1,0.247065,0.247065,0.247065,512
decode-dbo_ep16_all_to_all_single_b32_s256_t3,0,COMMUNICATION_OP,hcom_receive_,hcom_receive__634_3_1,1,0.219645,0.219645,0.219645,512
decode-dbo_ep16_all_to_all_single_b32_s256_t3,0,COMMUNICATION_OP,hcom_send_,hcom_send__634_102_1,1,0.208384,0.208384,0.208384,32768
decode-dbo_ep16_all_to_all_single_b32_s256_t3,0,COMMUNICATION_OP,hcom_send_,hcom_send__634_2_1,1,0.204064,0.204064,0.204064,512
decode-dbo_ep16_all_to_all_single_b32_s256_t3,0,COMMUNICATION_OP,hcom_send_,hcom_send__634_6_1,1,0.203804,0.203804,0.203804,32768
decode-dbo_ep16_all_to_all_single_b32_s256_t3,0,COMMUNICATION_OP,hcom_send_,hcom_send__634_104_1,1,0.202744,0.202744,0.202744,32768
decode-dbo_ep16_all_to_all_single_b32_s256_t3,0,COMMUNICATION_OP,hcom_send_,hcom_send__634_103_1,1,0.199864,0.199864,0.199864,32768
decode-dbo_ep16_all_to_all_single_b32_s256_t3,0,COMMUNICATION_OP,hcom_send_,hcom_send__634_4_1,1,0.188063,0.188063,0.188063,512
decode-dbo_ep16_all_to_all_single_b32_s256_t3,0,COMMUNICATION_OP,hcom_send_,hcom_send__634_191_1,1,0.182804,0.182804,0.182804,32768
decode-dbo_ep16_all_to_all_single_b32_s256_t3,0,COMMUNICATION_OP,hcom_send_,hcom_send__634_31_1,1,0.182584,0.182584,0.182584,32768
decode-dbo_ep16_all_to_all_single_b32_s256_t3,0,COMMUNICATION_OP,hcom_send_,hcom_send__634_179_1,1,0.181124,0.181124,0.181124,32768
decode-dbo_ep16_all_to_all_single_b32_s256_t3,0,COMMUNICATION_OP,hcom_send_,hcom_send__634_24_1,1,0.179723,0.179723,0.179723,32768
decode-dbo_ep16_all_to_all_single_b32_s256_t3,0,COMMUNICATION_OP,hcom_send_,hcom_send__634_106_1,1,0.178943,0.178943,0.178943,32768
decode-dbo_ep16_all_to_all_single_b32_s256_t3,0,COMMUNICATION_OP,hcom_send_,hcom_send__634_105_1,1,0.177703,0.177703,0.177703,32768
decode-dbo_ep16_all_to_all_single_b32_s256_t3,0,COMMUNICATION_OP,hcom_send_,hcom_send__634_107_1,1,0.177223,0.177223,0.177223,32768
decode-dbo_ep16_all_to_all_single_b32_s256_t3,0,COMMUNICATION_OP,hcom_send_,hcom_send__634_148_1,1,0.176543,0.176543,0.176543,32768
decode-dbo_ep16_all_to_all_single_b32_s256_t3,0,COMMUNICATION_OP,hcom_send_,hcom_send__634_114_1,1,0.175964,0.175964,0.175964,32768
decode-dbo_ep16_all_to_all_single_b32_s256_t3,0,COMMUNICATION_OP,hcom_send_,hcom_send__634_185_1,1,0.175583,0.175583,0.175583,32768
decode-dbo_ep16_all_to_all_single_b32_s256_t3,0,COMMUNICATION_OP,hcom_send_,hcom_send__634_113_1,1,0.175543,0.175543,0.175543,32768
decode-dbo_ep16_all_to_all_single_b32_s256_t3,0,COMMUNICATION_OP,hcom_send_,hcom_send__634_12_1,1,0.175263,0.175263,0.175263,32768
decode-dbo_ep16_all_to_all_single_b32_s256_t3,0,COMMUNICATION_OP,hcom_send_,hcom_send__634_49_1,1,0.175224,0.175224,0.175224,32768
decode-dbo_ep16_all_to_all_single_b32_s256_t3,0,COMMUNICATION_OP,hcom_send_,hcom_send__634_79_1,1,0.174463,0.174463,0.174463,32768
decode-dbo_ep16_all_to_all_single_b32_s256_t3,0,COMMUNICATION_OP,hcom_send_,hcom_send__634_197_1,1,0.174343,0.174343,0.174343,32768
decode-dbo_ep16_all_to_all_single_b32_s256_t3,0,COMMUNICATION_OP,hcom_send_,hcom_send__634_51_1,1,0.172943,0.172943,0.172943,32768
decode-dbo_ep16_all_to_all_single_b32_s256_t3,0,COMMUNICATION_OP,hcom_send_,hcom_send__634_115_1,1,0.172463,0.172463,0.172463,32768
decode-dbo_ep16_all_to_all_single_b32_s256_t3,0,COMMUNICATION_OP,hcom_send_,hcom_send__634_27_1,1,0.172103,0.172103,0.172103,32768
decode-dbo_ep16_all_to_all_single_b32_s256_t3,0,COMMUNICATION_OP,hcom_send_,hcom_send__634_109_1,1,0.171704,0.171704,0.171704,32768
decode-dbo_ep16_all_to_all_single_b32_s256_t3,0,COMMUNICATION_OP,hcom_send_,hcom_send__634_132_1,1,0.171644,0.171644,0.171644,32768
decode-dbo_ep16_all_to_all_single_b32_s256_t3,0,COMMUNICATION_OP,hcom_send_,hcom_send__634_149_1,1,0.171643,0.171643,0.171643,32768
decode-dbo_ep16_all_to_all_single_b32_s256_t3,0,COMMUNICATION_OP,hcom_send_,hcom_send__634_85_1,1,0.171564,0.171564,0.171564,32768
decode-dbo_ep16_all_to_all_single_b32_s256_t3,0,COMMUNICATION_OP,hcom_send_,hcom_send__634_55_1,1,0.171364,0.171364,0.171364,32768
decode-dbo_ep16_all_to_all_single_b32_s256_t3,0,COMMUNICATION_OP,hcom_send_,hcom_send__634_190_1,1,0.170444,0.170444,0.170444,32768
decode-dbo_ep16_all_to_all_single_b32_s256_t3,0,COMMUNICATION_OP,hcom_send_,hcom_send__634_112_1,1,0.170424,0.170424,0.170424,32768
decode-dbo_ep16_all_to_all_single_b32_s256_t3,0,COMMUNICATION_OP,hcom_send_,hcom_send__634_192_1,1,0.170303,0.170303,0.170303,32768
decode-dbo_ep16_all_to_all_single_b32_s256_t3,0,COMMUNICATION_OP,hcom_send_,hcom_send__634_139_1,1,0.170283,0.170283,0.170283,32768
decode-dbo_ep16_all_to_all_single_b32_s256_t3,0,COMMUNICATION_OP,hcom_send_,hcom_send__634_182_1,1,0.170123,0.170123,0.170123,32768
decode-dbo_ep16_all_to_all_single_b32_s256_t3,0,COMMUNICATION_OP,hcom_send_,hcom_send__634_52_1,1,0.169884,0.169884,0.169884,32768
decode-dbo_ep16_all_to_all_single_b32_s256_t3,0,COMMUNICATION_OP,hcom_send_,hcom_send__634_69_1,1,0.168903,0.168903,0.168903,32768
decode-dbo_ep16_all_to_all_single_b32_s256_t3,0,COMMUNICATION_OP,hcom_send_,hcom_send__634_173_1,1,0.168183,0.168183,0.168183,32768
decode-dbo_ep16_all_to_all_single_b32_s256_t3,0,COMMUNICATION_OP,hcom_send_,hcom_send__634_74_1,1,0.167984,0.167984,0.167984,32768
decode-dbo_ep16_all_to_all_single_b32_s256_t3,0,COMMUNICATION_OP,hcom_send_,hcom_send__634_180_1,1,0.167844,0.167844,0.167844,32768
decode-dbo_ep16_all_to_all_single_b32_s256_t3,0,COMMUNICATION_OP,hcom_send_,hcom_send__634_172_1,1,0.167703,0.167703,0.167703,32768
decode-dbo_ep16_all_to_all_single_b32_s256_t3,0,COMMUNICATION_OP,hcom_send_,hcom_send__634_75_1,1,0.167584,0.167584,0.167584,32768
decode-dbo_ep16_all_to_all_single_b32_s256_t3,0,COMMUNICATION_OP,hcom_send_,hcom_send__634_11_1,1,0.167583,0.167583,0.167583,32768
decode-dbo_ep16_all_to_all_single_b32_s256_t3,0,COMMUNICATION_OP,hcom_send_,hcom_send__634_164_1,1,0.167424,0.167424,0.167424,32768
decode-dbo_ep16_all_to_all_single_b32_s256_t3,0,COMMUNICATION_OP,hcom_send_,hcom_send__634_71_1,1,0.167303,0.167303,0.167303,32768
decode-dbo_ep16_all_to_all_single_b32_s256_t3,0,COMMUNICATION_OP,hcom_send_,hcom_send__634_58_1,1,0.167263,0.167263,0.167263,32768
decode-dbo_ep16_all_to_all_single_b32_s256_t3,0,COMMUNICATION_OP,hcom_send_,hcom_send__634_161_1,1,0.167224,0.167224,0.167224,32768
decode-dbo_ep16_all_to_all_single_b32_s256_t3,0,COMMUNICATION_OP,hcom_send_,hcom_send__634_95_1,1,0.167203,0.167203,0.167203,32768
decode-dbo_ep16_all_to_all_single_b32_s256_t3,0,COMMUNICATION_OP,hcom_send_,hcom_send__634_137_1,1,0.166683,0.166683,0.166683,32768
decode-dbo_ep16_all_to_all_single_b32_s256_t3,0,COMMUNICATION_OP,hcom_send_,hcom_send__634_165_1,1,0.166123,0.166123,0.166123,32768
decode-dbo_ep16_all_to_all_single_b32_s256_t3,0,COMMUNICATION_OP,hcom_send_,hcom_send__634_117_1,1,0.165384,0.165384,0.165384,32768
decode-dbo_ep16_all_to_all_single_b32_s256_t3,0,COMMUNICATION_OP,hcom_send_,hcom_send__634_45_1,1,0.165284,0.165284,0.165284,32768
decode-dbo_ep16_all_to_all_single_b32_s256_t3,0,COMMUNICATION_OP,hcom_send_,hcom_send__634_141_1,1,0.165123,0.165123,0.165123,32768
decode-dbo_ep16_all_to_all_single_b32_s256_t3,0,COMMUNICATION_OP,hcom_send_,hcom_send__634_155_1,1,0.165103,0.165103,0.165103,32768
decode-dbo_ep16_all_to_all_single_b32_s256_t3,0,COMMUNICATION_OP,hcom_send_,hcom_send__634_88_1,1,0.165063,0.165063,0.165063,32768
decode-dbo_ep16_all_to_all_single_b32_s256_t3,0,COMMUNICATION_OP,hcom_receive_,hcom_receive__634_5_1,1,0.164983,0.164983,0.164983,512
decode-dbo_ep16_all_to_all_single_b32_s256_t3,0,COMMUNICATION_OP,hcom_send_,hcom_send__634_84_1,1,0.164703,0.164703,0.164703,32768
decode-dbo_ep16_all_to_all_single_b32_s256_t3,0,COMMUNICATION_OP,hcom_send_,hcom_send__634_56_1,1,0.164683,0.164683,0.164683,32768
decode-dbo_ep16_all_to_all_single_b32_s256_t3,0,COMMUNICATION_OP,hcom_send_,hcom_send__634_119_1,1,0.164643,0.164643,0.164643,32768
decode-dbo_ep16_all_to_all_single_b32_s256_t3,0,COMMUNICATION_OP,hcom_send_,hcom_send__634_65_1,1,0.164543,0.164543,0.164543,32768
decode-dbo_ep16_all_to_all_single_b32_s256_t3,0,COMMUNICATION_OP,hcom_send_,hcom_send__634_7_1,1,0.164123,0.164123,0.164123,32768
decode-dbo_ep16_all_to_all_single_b32_s256_t3,0,COMMUNICATION_OP,hcom_send_,hcom_send__634_153_1,1,0.164023,0.164023,0.164023,32768
decode-dbo_ep16_all_to_all_single_b32_s256_t3,0,COMMUNICATION_OP,hcom_send_,hcom_send__634_193_1,1,0.163804,0.163804,0.163804,32768
decode-dbo_ep16_all_to_all_single_b32_s256_t3,0,COMMUNICATION_OP,hcom_send_,hcom_send__634_99_1,1,0.163803,0.163803,0.163803,32768
decode-dbo_ep16_all_to_all_single_b32_s256_t3,0,COMMUNICATION_OP,hcom_send_,hcom_send__634_125_1,1,0.163703,0.163703,0.163703,32768
decode-dbo_ep16_all_to_all_single_b32_s256_t3,0,COMMUNICATION_OP,hcom_send_,hcom_send__634_53_1,1,0.163363,0.163363,0.163363,32768
decode-dbo_ep16_all_to_all_single_b32_s256_t3,0,COMMUNICATION_OP,hcom_send_,hcom_send__634_89_1,1,0.163303,0.163303,0.163303,32768
decode-dbo_ep16_all_to_all_single_b32_s256_t3,0,COMMUNICATION_OP,hcom_send_,hcom_send__634_129_1,1,0.162963,0.162963,0.162963,32768
decode-dbo_ep16_all_to_all_single_b32_s256_t3,0,COMMUNICATION_OP,hcom_send_,hcom_send__634_47_1,1,0.162264,0.162264,0.162264,32768
decode-dbo_ep16_all_to_all_single_b32_s256_t3,0,COMMUNICATION_OP,hcom_send_,hcom_send__634_145_1,1,0.162203,0.162203,0.162203,32768
decode-dbo_ep16_all_to_all_single_b32_s256_t3,0,COMMUNICATION_OP,hcom_send_,hcom_send__634_57_1,1,0.162083,0.162083,0.162083,32768
decode-dbo_ep16_all_to_all_single_b32_s256_t3,0,COMMUNICATION_OP,hcom_send_,hcom_send__634_29_1,1,0.161984,0.161984,0.161984,32768
decode-dbo_ep16_all_to_all_single_b32_s256_t3,0,COMMUNICATION_OP,hcom_send_,hcom_send__634_23_1,1,0.161643,0.161643,0.161643,32768
decode-dbo_ep16_all_to_all_single_b32_s256_t3,0,COMMUNICATION_OP,hcom_send_,hcom_send__634_195_1,1,0.161283,0.161283,0.161283,32768
decode-dbo_ep16_all_to_all_single_b32_s256_t3,0,COMMUNICATION_OP,hcom_send_,hcom_send__634_16_1,1,0.161283,0.161283,0.161283,32768
decode-dbo_ep16_all_to_all_single_b32_s256_t3,0,COMMUNICATION_OP,hcom_send_,hcom_send__634_127_1,1,0.161263,0.161263,0.161263,32768
decode-dbo_ep16_all_to_all_single_b32_s256_t3,0,COMMUNICATION_OP,hcom_send_,hcom_send__634_181_1,1,0.161223,0.161223,0.161223,32768
decode-dbo_ep16_all_to_all_single_b32_s256_t3,0,COMMUNICATION_OP,hcom_send_,hcom_send__634_175_1,1,0.161103,0.161103,0.161103,32768
decode-dbo_ep16_all_to_all_single_b32_s256_t3,0,COMMUNICATION_OP,hcom_send_,hcom_send__634_130_1,1,0.160903,0.160903,0.160903,32768
decode-dbo_ep16_all_to_all_single_b32_s256_t3,0,COMMUNICATION_OP,hcom_send_,hcom_send__634_166_1,1,0.160864,0.160864,0.160864,32768
decode-dbo_ep16_all_to_all_single_b32_s256_t3,0,COMMUNICATION_OP,hcom_send_,hcom_send__634_9_1,1,0.160844,0.160844,0.160844,32768
decode-dbo_ep16_all_to_all_single_b32_s256_t3,0,COMMUNICATION_OP,hcom_send_,hcom_send__634_167_1,1,0.160783,0.160783,0.160783,32768
decode-dbo_ep16_all_to_all_single_b32_s256_t3,0,COMMUNICATION_OP,hcom_send_,hcom_send__634_144_1,1,0.160484,0.160484,0.160484,32768
decode-dbo_ep16_all_to_all_single_b32_s256_t3,0,COMMUNICATION_OP,hcom_send_,hcom_send__634_43_1,1,0.160483,0.160483,0.160483,32768
decode-dbo_ep16_all_to_all_single_b32_s256_t3,0,COMMUNICATION_OP,hcom_send_,hcom_send__634_59_1,1,0.160423,0.160423,0.160423,32768
decode-dbo_ep16_all_to_all_single_b32_s256_t3,0,COMMUNICATION_OP,hcom_send_,hcom_send__634_42_1,1,0.160323,0.160323,0.160323,32768
decode-dbo_ep16_all_to_all_single_b32_s256_t3,0,COMMUNICATION_OP,hcom_send_,hcom_send__634_28_1,1,0.160163,0.160163,0.160163,32768
decode-dbo_ep16_all_to_all_single_b32_s256_t3,0,COMMUNICATION_OP,hcom_send_,hcom_send__634_123_1,1,0.160023,0.160023,0.160023,32768
decode-dbo_ep16_all_to_all_single_b32_s256_t3,0,COMMUNICATION_OP,hcom_send_,hcom_send__634_35_1,1,0.159803,0.159803,0.159803,32768
decode-dbo_ep16_all_to_all_single_b32_s256_t3,0,COMMUNICATION_OP,hcom_send_,hcom_send__634_135_1,1,0.159683,0.159683,0.159683,32768
decode-dbo_ep16_all_to_all_single_b32_s256_t3,0,COMMUNICATION_OP,hcom_send_,hcom_send__634_187_1,1,0.159503,0.159503,0.159503,32768
decode-dbo_ep16_all_to_all_single_b32_s256_t3,0,COMMUNICATION_OP,hcom_send_,hcom_send__634_50_1,1,0.159503,0.159503,0.159503,32768
decode-dbo_ep16_all_to_all_single_b32_s256_t3,0,COMMUNICATION_OP,hcom_send_,hcom_send__634_30_1,1,0.159243,0.159243,0.159243,32768
decode-dbo_ep16_all_to_all_single_b32_s256_t3,0,COMMUNICATION_OP,hcom_send_,hcom_send__634_77_1,1,0.159163,0.159163,0.159163,32768
decode-dbo_ep16_all_to_all_single_b32_s256_t3,0,COMMUNICATION_OP,hcom_send_,hcom_send__634_76_1,1,0.159163,0.159163,0.159163,32768
decode-dbo_ep16_all_to_all_single_b32_s256_t3,0,COMMUNICATION_OP,hcom_send_,hcom_send__634_140_1,1,0.158644,0.158644,0.158644,32768
decode-dbo_ep16_all_to_all_single_b32_s256_t3,0,COMMUNICATION_OP,hcom_send_,hcom_send__634_39_1,1,0.158524,0.158524,0.158524,32768
decode-dbo_ep16_all_to_all_single_b32_s256_t3,0,COMMUNICATION_OP,hcom_send_,hcom_send__634_163_1,1,0.158483,0.158483,0.158483,32768
decode-dbo_ep16_all_to_all_single_b32_s256_t3,0,COMMUNICATION_OP,hcom_send_,hcom_send__634_147_1,1,0.157983,0.157983,0.157983,32768
decode-dbo_ep16_all_to_all_single_b32_s256_t3,0,COMMUNICATION_OP,hcom_send_,hcom_send__634_73_1,1,0.157963,0.157963,0.157963,32768
decode-dbo_ep16_all_to_all_single_b32_s256_t3,0,COMMUNICATION_OP,hcom_send_,hcom_send__634_78_1,1,0.157823,0.157823,0.157823,32768
decode-dbo_ep16_all_to_all_single_b32_s256_t3,0,COMMUNICATION_OP,hcom_send_,hcom_send__634_108_1,1,0.157783,0.157783,0.157783,32768
decode-dbo_ep16_all_to_all_single_b32_s256_t3,0,COMMUNICATION_OP,hcom_send_,hcom_send__634_133_1,1,0.157763,0.157763,0.157763,32768
decode-dbo_ep16_all_to_all_single_b32_s256_t3,0,COMMUNICATION_OP,hcom_send_,hcom_send__634_174_1,1,0.157643,0.157643,0.157643,32768
decode-dbo_ep16_all_to_all_single_b32_s256_t3,0,COMMUNICATION_OP,hcom_send_,hcom_send__634_150_1,1,0.156983,0.156983,0.156983,32768
decode-dbo_ep16_all_to_all_single_b32_s256_t3,0,COMMUNICATION_OP,hcom_send_,hcom_send__634_169_1,1,0.156823,0.156823,0.156823,32768
decode-dbo_ep16_all_to_all_single_b32_s256_t3,0,COMMUNICATION_OP,hcom_send_,hcom_send__634_66_1,1,0.156823,0.156823,0.156823,32768
decode-dbo_ep16_all_to_all_single_b32_s256_t3,0,COMMUNICATION_OP,hcom_send_,hcom_send__634_13_1,1,0.156783,0.156783,0.156783,32768
decode-dbo_ep16_all_to_all_single_b32_s256_t3,0,COMMUNICATION_OP,hcom_send_,hcom_send__634_189_1,1,0.156584,0.156584,0.156584,32768
decode-dbo_ep16_all_to_all_single_b32_s256_t3,0,COMMUNICATION_OP,hcom_send_,hcom_send__634_154_1,1,0.156463,0.156463,0.156463,32768
decode-dbo_ep16_all_to_all_single_b32_s256_t3,0,COMMUNICATION_OP,hcom_send_,hcom_send__634_67_1,1,0.156363,0.156363,0.156363,32768
decode-dbo_ep16_all_to_all_single_b32_s256_t3,0,COMMUNICATION_OP,hcom_send_,hcom_send__634_131_1,1,0.155963,0.155963,0.155963,32768
decode-dbo_ep16_all_to_all_single_b32_s256_t3,0,COMMUNICATION_OP,hcom_send_,hcom_send__634_87_1,1,0.155943,0.155943,0.155943,32768
decode-dbo_ep16_all_to_all_single_b32_s256_t3,0,COMMUNICATION_OP,hcom_send_,hcom_send__634_62_1,1,0.155804,0.155804,0.155804,32768
decode-dbo_ep16_all_to_all_single_b32_s256_t3,0,COMMUNICATION_OP,hcom_send_,hcom_send__634_143_1,1,0.155744,0.155744,0.155744,32768
decode-dbo_ep16_all_to_all_single_b32_s256_t3,0,COMMUNICATION_OP,hcom_send_,hcom_send__634_19_1,1,0.155603,0.155603,0.155603,32768
decode-dbo_ep16_all_to_all_single_b32_s256_t3,0,COMMUNICATION_OP,hcom_send_,hcom_send__634_25_1,1,0.155203,0.155203,0.155203,32768
decode-dbo_ep16_all_to_all_single_b32_s256_t3,0,COMMUNICATION_OP,hcom_send_,hcom_send__634_178_1,1,0.154984,0.154984,0.154984,32768
decode-dbo_ep16_all_to_all_single_b32_s256_t3,0,COMMUNICATION_OP,hcom_send_,hcom_send__634_126_1,1,0.154963,0.154963,0.154963,32768
decode-dbo_ep16_all_to_all_single_b32_s256_t3,0,COMMUNICATION_OP,hcom_send_,hcom_send__634_83_1,1,0.154743,0.154743,0.154743,32768
decode-dbo_ep16_all_to_all_single_b32_s256_t3,0,COMMUNICATION_OP,hcom_send_,hcom_send__634_183_1,1,0.154303,0.154303,0.154303,32768
decode-dbo_ep16_all_to_all_single_b32_s256_t3,0,COMMUNICATION_OP,hcom_send_,hcom_send__634_15_1,1,0.154283,0.154283,0.154283,32768
decode-dbo_ep16_all_to_all_single_b32_s256_t3,0,COMMUNICATION_OP,hcom_send_,hcom_send__634_54_1,1,0.154283,0.154283,0.154283,32768
decode-dbo_ep16_all_to_all_single_b32_s256_t3,0,COMMUNICATION_OP,hcom_send_,hcom_send__634_157_1,1,0.154143,0.154143,0.154143,32768
decode-dbo_ep16_all_to_all_single_b32_s256_t3,0,COMMUNICATION_OP,hcom_send_,hcom_send__634_111_1,1,0.153803,0.153803,0.153803,32768
decode-dbo_ep16_all_to_all_single_b32_s256_t3,0,COMMUNICATION_OP,hcom_send_,hcom_send__634_37_1,1,0.153723,0.153723,0.153723,32768
decode-dbo_ep16_all_to_all_single_b32_s256_t3,0,COMMUNICATION_OP,hcom_send_,hcom_send__634_93_1,1,0.153483,0.153483,0.153483,32768
decode-dbo_ep16_all_to_all_single_b32_s256_t3,0,COMMUNICATION_OP,hcom_send_,hcom_send__634_38_1,1,0.152483,0.152483,0.152483,32768
decode-dbo_ep16_all_to_all_single_b32_s256_t3,0,COMMUNICATION_OP,hcom_send_,hcom_send__634_61_1,1,0.151803,0.151803,0.151803,32768
decode-dbo_ep16_all_to_all_single_b32_s256_t3,0,COMMUNICATION_OP,hcom_send_,hcom_send__634_17_1,1,0.151443,0.151443,0.151443,32768
decode-dbo_ep16_all_to_all_single_b32_s256_t3,0,COMMUNICATION_OP,hcom_send_,hcom_send__634_91_1,1,0.151003,0.151003,0.151003,32768
decode-dbo_ep16_all_to_all_single_b32_s256_t3,0,COMMUNICATION_OP,hcom_send_,hcom_send__634_97_1,1,0.151003,0.151003,0.151003,32768
decode-dbo_ep16_all_to_all_single_b32_s256_t3,0,COMMUNICATION_OP,hcom_send_,hcom_send__634_81_1,1,0.150323,0.150323,0.150323,32768
decode-dbo_ep16_all_to_all_single_b32_s256_t3,0,COMMUNICATION_OP,hcom_send_,hcom_send__634_26_1,1,0.150283,0.150283,0.150283,32768
decode-dbo_ep16_all_to_all_single_b32_s256_t3,0,COMMUNICATION_OP,hcom_send_,hcom_send__634_138_1,1,0.149963,0.149963,0.149963,32768
decode-dbo_ep16_all_to_all_single_b32_s256_t3,0,COMMUNICATION_OP,hcom_send_,hcom_send__634_151_1,1,0.149463,0.149463,0.149463,32768
decode-dbo_ep16_all_to_all_single_b32_s256_t3,0,COMMUNICATION_OP,hcom_send_,hcom_send__634_171_1,1,0.149343,0.149343,0.149343,32768
decode-dbo_ep16_all_to_all_single_b32_s256_t3,0,COMMUNICATION_OP,hcom_send_,hcom_send__634_168_1,1,0.148103,0.148103,0.148103,32768
decode-dbo_ep16_all_to_all_single_b32_s256_t3,0,COMMUNICATION_OP,hcom_send_,hcom_send__634_21_1,1,0.147823,0.147823,0.147823,32768
decode-dbo_ep16_all_to_all_single_b32_s256_t3,0,COMMUNICATION_OP,hcom_send_,hcom_send__634_159_1,1,0.147383,0.147383,0.147383,32768
decode-dbo_ep16_all_to_all_single_b32_s256_t3,0,COMMUNICATION_OP,hcom_send_,hcom_send__634_33_1,1,0.147203,0.147203,0.147203,32768
decode-dbo_ep16_all_to_all_single_b32_s256_t3,0,COMMUNICATION_OP,hcom_send_,hcom_send__634_41_1,1,0.147023,0.147023,0.147023,32768
decode-dbo_ep16_all_to_all_single_b32_s256_t3,0,COMMUNICATION_OP,hcom_send_,hcom_send__634_63_1,1,0.146183,0.146183,0.146183,32768
decode-dbo_ep16_all_to_all_single_b32_s256_t3,0,COMMUNICATION_OP,hcom_send_,hcom_send__634_101_1,1,0.144303,0.144303,0.144303,32768
decode-dbo_ep16_all_to_all_single_b32_s256_t3,0,COMMUNICATION_OP,hcom_send_,hcom_send__634_177_1,1,0.144303,0.144303,0.144303,32768
decode-dbo_ep16_all_to_all_single_b32_s256_t3,0,COMMUNICATION_OP,hcom_send_,hcom_send__634_121_1,1,0.143363,0.143363,0.143363,32768
decode-dbo_ep16_all_to_all_single_b32_s256_t3,0,COMMUNICATION_OP,hcom_receive_,hcom_receive__915_99_1,1,0.115622,0.115622,0.115622,512
decode-dbo_ep16_all_to_all_single_b32_s256_t3,0,COMMUNICATION_OP,hcom_receive_,hcom_receive__658_5_1,1,0.102663,0.102663,0.102663,512
decode-dbo_ep16_all_to_all_single_b32_s256_t3,0,COMMUNICATION_OP,hcom_receive_,hcom_receive__915_101_1,1,0.100602,0.100602,0.100602,512
decode-dbo_ep16_all_to_all_single_b32_s256_t3,0,COMMUNICATION_TASK_INFO,,hcom_receive__915_1_1,16,1634.890984,102.1806865,817.995023,33554456
decode-dbo_ep16_all_to_all_single_b32_s256_t3,0,COMMUNICATION_TASK_INFO,,hcom_receive__915_5_1,16,913.39861,57.087413125,456.698325,33554456
decode-dbo_ep16_all_to_all_single_b32_s256_t3,0,COMMUNICATION_TASK_INFO,,hcom_receive__915_3_1,16,818.015144,51.1259465,409.006552,33554456
decode-dbo_ep16_all_to_all_single_b32_s256_t3,0,COMMUNICATION_TASK_INFO,,hcom_receive__915_9_1,16,289.662148,18.10388425,144.830134,33554456
decode-dbo_ep16_all_to_all_single_b32_s256_t3,0,COMMUNICATION_TASK_INFO,,hcom_receive__915_17_1,16,289.258098,18.078631125,144.628009,33554456
decode-dbo_ep16_all_to_all_single_b32_s256_t3,0,COMMUNICATION_TASK_INFO,,hcom_receive__915_7_1,16,283.176957,17.6985598125,141.587488,33554456
decode-dbo_ep16_all_to_all_single_b32_s256_t3,0,COMMUNICATION_TASK_INFO,,hcom_receive__915_63_1,16,196.226682,12.264167625,98.112301,33554456
decode-dbo_ep16_all_to_all_single_b32_s256_t3,0,COMMUNICATION_TASK_INFO,,hcom_receive__915_95_1,19,183.690888,9.66794147368421,91.049379,33554456
decode-dbo_ep16_all_to_all_single_b32_s256_t3,0,COMMUNICATION_TASK_INFO,,hcom_receive__915_11_1,16,172.2109,10.76318125,86.1045,33554456
decode-dbo_ep16_all_to_all_single_b32_s256_t3,0,COMMUNICATION_TASK_INFO,,hcom_receive__915_71_1,16,170.979476,10.68621725,85.488768,33554456
decode-dbo_ep16_all_to_all_single_b32_s256_t3,0,COMMUNICATION_TASK_INFO,,hcom_receive__915_57_1,16,82.686772,5.16792325,41.342446,33554456
decode-dbo_ep16_all_to_all_single_b32_s256_t3,0,COMMUNICATION_TASK_INFO,,hcom_receive__915_91_1,20,80.651472,4.0325736,39.266864,33554456
decode-dbo_ep16_all_to_all_single_b32_s256_t3,0,COMMUNICATION_TASK_INFO,,hcom_receive__915_53_1,16,79.04382,4.94023875,39.52089,33554456
decode-dbo_ep16_all_to_all_single_b32_s256_t3,0,COMMUNICATION_TASK_INFO,,hcom_receive__915_13_1,16,78.882676,4.93016725,39.440348,33554456
decode-dbo_ep16_all_to_all_single_b32_s256_t3,0,COMMUNICATION_TASK_INFO,,hcom_receive__915_39_1,16,78.0889,4.88055625,39.04348,33554456
decode-dbo_ep16_all_to_all_single_b32_s256_t3,0,COMMUNICATION_TASK_INFO,,hcom_receive__915_77_1,16,77.407848,4.8379905,38.702854,33554456
decode-dbo_ep16_all_to_all_single_b32_s256_t3,0,COMMUNICATION_TASK_INFO,,hcom_receive__915_15_1,16,76.501268,4.78132925,38.249604,33554456
decode-dbo_ep16_all_to_all_single_b32_s256_t3,0,COMMUNICATION_TASK_INFO,,hcom_receive__915_85_1,16,75.902136,4.7438835,37.950038,33554456
decode-dbo_ep16_all_to_all_single_b32_s256_t3,0,COMMUNICATION_TASK_INFO,,hcom_receive__915_93_1,19,74.899376,3.9420724210526314,36.653673,33554456
decode-dbo_ep16_all_to_all_single_b32_s256_t3,0,COMMUNICATION_TASK_INFO,,hcom_receive__915_61_1,16,74.756894,4.672305875,37.377527,33554456
decode-dbo_ep16_all_to_all_single_b32_s256_t3,0,COMMUNICATION_TASK_INFO,,hcom_receive__915_47_1,16,74.431348,4.65195925,37.214704,33554456
decode-dbo_ep16_all_to_all_single_b32_s256_t3,0,COMMUNICATION_TASK_INFO,,hcom_receive__915_35_1,16,74.283824,4.642739,37.140962,33554456
decode-dbo_ep16_all_to_all_single_b32_s256_t3,0,COMMUNICATION_TASK_INFO,,hcom_receive__915_73_1,16,73.875536,4.617221,36.936798,33554456
decode-dbo_ep16_all_to_all_single_b32_s256_t3,0,COMMUNICATION_TASK_INFO,,hcom_receive__915_37_1,16,73.713694,4.607105875,36.855837,33554456
decode-dbo_ep16_all_to_all_single_b32_s256_t3,0,COMMUNICATION_TASK_INFO,,hcom_receive__915_31_1,16,73.165122,4.572820125,36.581531,33554456
decode-dbo_ep16_all_to_all_single_b32_s256_t3,0,COMMUNICATION_TASK_INFO,,hcom_receive__915_51_1,16,72.931058,4.558191125,36.464669,33554456
decode-dbo_ep16_all_to_all_single_b32_s256_t3,0,COMMUNICATION_TASK_INFO,,hcom_receive__915_87_1,16,72.828735,4.5517959375,36.413287,33554456
decode-dbo_ep16_all_to_all_single_b32_s256_t3,0,COMMUNICATION_TASK_INFO,,hcom_receive__915_59_1,16,72.727694,4.545480875,36.362827,33554456
decode-dbo_ep16_all_to_all_single_b32_s256_t3,0,COMMUNICATION_TASK_INFO,,hcom_receive__915_81_1,16,72.726692,4.54541825,36.362386,33554456
decode-dbo_ep16_all_to_all_single_b32_s256_t3,0,COMMUNICATION_TASK_INFO,,hcom_receive__915_79_1,16,72.683832,4.5427395,36.340966,33554456
decode-dbo_ep16_all_to_all_single_b32_s256_t3,0,COMMUNICATION_TASK_INFO,,hcom_receive__915_23_1,16,72.521868,4.53261675,36.259944,33554456
decode-dbo_ep16_all_to_all_single_b32_s256_t3,0,COMMUNICATION_TASK_INFO,,hcom_receive__915_29_1,16,72.269204,4.51682525,36.133462,33554456
decode-dbo_ep16_all_to_all_single_b32_s256_t3,0,COMMUNICATION_TASK_INFO,,hcom_receive__915_55_1,16,72.012438,4.500777375,36.005299,33554456
decode-dbo_ep16_all_to_all_single_b32_s256_t3,0,COMMUNICATION_TASK_INFO,,hcom_receive__915_75_1,16,71.969318,4.498082375,35.983639,33554456
decode-dbo_ep16_all_to_all_single_b32_s256_t3,0,COMMUNICATION_TASK_INFO,,hcom_receive__915_41_1,16,71.844935,4.4903084375,35.921437,33554456
decode-dbo_ep16_all_to_all_single_b32_s256_t3,0,COMMUNICATION_TASK_INFO,,hcom_receive__915_21_1,16,71.675472,4.479717,35.836676,33554456
decode-dbo_ep16_all_to_all_single_b32_s256_t3,0,COMMUNICATION_TASK_INFO,,hcom_receive__915_67_1,16,71.61617,4.476010625,35.807055,33554456
decode-dbo_ep16_all_to_all_single_b32_s256_t3,0,COMMUNICATION_TASK_INFO,,hcom_receive__915_83_1,16,71.493188,4.46832425,35.745574,33554456
decode-dbo_ep16_all_to_all_single_b32_s256_t3,0,COMMUNICATION_TASK_INFO,,hcom_receive__915_65_1,16,71.456408,4.4660255,35.727254,33554456
decode-dbo_ep16_all_to_all_single_b32_s256_t3,0,COMMUNICATION_TASK_INFO,,hcom_receive__915_27_1,16,70.721894,4.420118375,35.360107,33554456
decode-dbo_ep16_all_to_all_single_b32_s256_t3,0,COMMUNICATION_TASK_INFO,,hcom_receive__915_89_1,16,70.422768,4.401423,35.210224,33554456
decode-dbo_ep16_all_to_all_single_b32_s256_t3,0,COMMUNICATION_TASK_INFO,,hcom_receive__915_69_1,16,70.210943,4.3881839375,35.104502,33554456
decode-dbo_ep16_all_to_all_single_b32_s256_t3,0,COMMUNICATION_TASK_INFO,,hcom_receive__915_33_1,16,70.154322,4.384645125,35.076141,33554456
decode-dbo_ep16_all_to_all_single_b32_s256_t3,0,COMMUNICATION_TASK_INFO,,hcom_receive__915_43_1,16,69.652912,4.353307,34.825476,33554456
decode-dbo_ep16_all_to_all_single_b32_s256_t3,0,COMMUNICATION_TASK_INFO,,hcom_receive__915_49_1,16,69.54417,4.346510625,34.771095,33554456
decode-dbo_ep16_all_to_all_single_b32_s256_t3,0,COMMUNICATION_TASK_INFO,,hcom_receive__915_25_1,16,69.424008,4.3390005,34.711034,33554456
decode-dbo_ep16_all_to_all_single_b32_s256_t3,0,COMMUNICATION_TASK_INFO,,hcom_receive__915_45_1,16,69.393426,4.337089125,34.695753,33554456
decode-dbo_ep16_all_to_all_single_b32_s256_t3,0,COMMUNICATION_TASK_INFO,,hcom_receive__915_19_1,16,69.10054,4.31878375,34.54921,33554456
decode-dbo_ep16_all_to_all_single_b32_s256_t3,0,COMMUNICATION_TASK_INFO,,hcom_receive__658_144_1,11,24.851255,2.259205,12.450548,65552
decode-dbo_ep16_all_to_all_single_b32_s256_t3,0,COMMUNICATION_TASK_INFO,,hcom_receive__658_10_1,11,24.095661,2.1905146363636363,12.061641,65552
decode-dbo_ep16_all_to_all_single_b32_s256_t3,0,COMMUNICATION_TASK_INFO,,hcom_receive__658_104_1,11,23.873237,2.170294272727273,11.965859,65552
decode-dbo_ep16_all_to_all_single_b32_s256_t3,0,COMMUNICATION_TASK_INFO,,hcom_receive__658_22_1,11,23.709074,2.1553703636363637,11.867037,65552
decode-dbo_ep16_all_to_all_single_b32_s256_t3,0,COMMUNICATION_TASK_INFO,,hcom_receive__658_14_1,11,23.563611,2.1421464545454545,11.801536,65552
decode-dbo_ep16_all_to_all_single_b32_s256_t3,0,COMMUNICATION_TASK_INFO,,hcom_receive__658_54_1,11,23.271705,2.1156095454545456,11.663113,65552
decode-dbo_ep16_all_to_all_single_b32_s256_t3,0,COMMUNICATION_TASK_INFO,,hcom_receive__658_52_1,11,23.160643,2.105513,11.603292,65552
decode-dbo_ep16_all_to_all_single_b32_s256_t3,0,COMMUNICATION_TASK_INFO,,hcom_receive__658_102_1,11,23.077841,2.0979855454545455,11.628932,65552
decode-dbo_ep16_all_to_all_single_b32_s256_t3,0,COMMUNICATION_TASK_INFO,,hcom_receive__658_6_1,11,22.809976,2.073634181818182,11.431589,65552
decode-dbo_ep16_all_to_all_single_b32_s256_t3,0,COMMUNICATION_TASK_INFO,,hcom_receive__658_178_1,11,22.807115,2.0733740909090908,11.433188,65552
decode-dbo_ep16_all_to_all_single_b32_s256_t3,0,COMMUNICATION_TASK_INFO,,hcom_receive__658_36_1,11,22.550509,2.050046272727273,11.292205,65552
decode-dbo_ep16_all_to_all_single_b32_s256_t3,0,COMMUNICATION_TASK_INFO,,hcom_receive__658_136_1,11,22.328726,2.029884181818182,11.197584,65552
decode-dbo_ep16_all_to_all_single_b32_s256_t3,0,COMMUNICATION_TASK_INFO,,hcom_receive__658_112_1,11,22.267885,2.024353181818182,11.163524,65552
decode-dbo_ep16_all_to_all_single_b32_s256_t3,0,COMMUNICATION_TASK_INFO,,hcom_receive__658_26_1,11,22.213244,2.019385818181818,11.116922,65552
decode-dbo_ep16_all_to_all_single_b32_s256_t3,0,COMMUNICATION_TASK_INFO,,hcom_receive__658_176_1,11,22.044701,2.0040637272727273,11.045181,65552
decode-dbo_ep16_all_to_all_single_b32_s256_t3,0,COMMUNICATION_TASK_INFO,,hcom_receive__658_166_1,11,22.014461,2.0013146363636363,11.036661,65552
decode-dbo_ep16_all_to_all_single_b32_s256_t3,0,COMMUNICATION_TASK_INFO,,hcom_receive__658_28_1,11,21.955139,1.9959217272727272,10.98824,65552
decode-dbo_ep16_all_to_all_single_b32_s256_t3,0,COMMUNICATION_TASK_INFO,,hcom_receive__658_184_1,11,21.349766,1.940887818181818,10.701974,65552
decode-dbo_ep16_all_to_all_single_b32_s256_t3,0,COMMUNICATION_TASK_INFO,,hcom_receive__658_24_1,11,21.289505,1.9354095454545455,10.664073,65552
decode-dbo_ep16_all_to_all_single_b32_s256_t3,0,COMMUNICATION_TASK_INFO,,hcom_receive__658_40_1,11,21.258824,1.9326203636363635,10.640592,65552
decode-dbo_ep16_all_to_all_single_b32_s256_t3,0,COMMUNICATION_TASK_INFO,,hcom_receive__658_172_1,11,21.133382,1.9212165454545453,10.603992,65552
decode-dbo_ep16_all_to_all_single_b32_s256_t3,0,COMMUNICATION_TASK_INFO,,hcom_receive__658_32_1,11,21.058761,1.9144328181818182,10.543351,65552
decode-dbo_ep16_all_to_all_single_b32_s256_t3,0,COMMUNICATION_TASK_INFO,,hcom_receive__658_124_1,11,21.0243,1.9113,10.543051,65552
decode-dbo_ep16_all_to_all_single_b32_s256_t3,0,COMMUNICATION_TASK_INFO,,hcom_receive__658_20_1,11,20.843877,1.8948979090909093,10.438049,65552
decode-dbo_ep16_all_to_all_single_b32_s256_t3,0,COMMUNICATION_TASK_INFO,,hcom_receive__658_48_1,11,20.843337,1.8948488181818182,10.444729,65552
decode-dbo_ep16_all_to_all_single_b32_s256_t3,0,COMMUNICATION_TASK_INFO,,hcom_receive__658_188_1,11,20.835135,1.894103181818182,10.439828,65552
decode-dbo_ep16_all_to_all_single_b32_s256_t3,0,COMMUNICATION_TASK_INFO,,hcom_receive__658_170_1,11,20.790695,1.890063181818182,10.417868,65552
decode-dbo_ep16_all_to_all_single_b32_s256_t3,0,COMMUNICATION_TASK_INFO,,hcom_receive__658_46_1,11,20.753695,1.8866995454545454,10.394648,65552
decode-dbo_ep16_all_to_all_single_b32_s256_t3,0,COMMUNICATION_TASK_INFO,,hcom_receive__658_118_1,11,20.741154,1.8855594545454546,10.392367,65552
decode-dbo_ep16_all_to_all_single_b32_s256_t3,0,COMMUNICATION_TASK_INFO,,hcom_receive__658_128_1,11,20.726653,1.884241181818182,10.388647,65552
decode-dbo_ep16_all_to_all_single_b32_s256_t3,0,COMMUNICATION_TASK_INFO,,hcom_receive__658_148_1,11,20.557811,1.868891909090909,10.306306,65552
decode-dbo_ep16_all_to_all_single_b32_s256_t3,0,COMMUNICATION_TASK_INFO,,hcom_receive__658_142_1,11,20.549771,1.868161,10.303166,65552
decode-dbo_ep16_all_to_all_single_b32_s256_t3,0,COMMUNICATION_TASK_INFO,,hcom_receive__658_152_1,11,20.475969,1.8614517272727273,10.256245,65552
decode-dbo_ep16_all_to_all_single_b32_s256_t3,0,COMMUNICATION_TASK_INFO,,hcom_receive__658_120_1,11,20.462129,1.8601935454545455,10.246225,65552
decode-dbo_ep16_all_to_all_single_b32_s256_t3,0,COMMUNICATION_TASK_INFO,,hcom_receive__658_60_1,11,20.178044,1.8343676363636365,10.116503,65552
decode-dbo_ep16_all_to_all_single_b32_s256_t3,0,COMMUNICATION_TASK_INFO,,hcom_receive__658_50_1,11,20.05126,1.822841818181818,10.04208,65552
decode-dbo_ep16_all_to_all_single_b32_s256_t3,0,COMMUNICATION_TASK_INFO,,hcom_receive__658_160_1,11,20.035279,1.821389,10.0481,65552
decode-dbo_ep16_all_to_all_single_b32_s256_t3,0,COMMUNICATION_TASK_INFO,,hcom_receive__658_180_1,11,19.917258,1.810659818181818,9.99032,65552
decode-dbo_ep16_all_to_all_single_b32_s256_t3,0,COMMUNICATION_TASK_INFO,,hcom_receive__658_162_1,11,19.860617,1.8055106363636364,9.956879,65552
decode-dbo_ep16_all_to_all_single_b32_s256_t3,0,COMMUNICATION_TASK_INFO,,hcom_receive__658_110_1,11,19.846797,1.8042542727272728,9.948919,65552
decode-dbo_ep16_all_to_all_single_b32_s256_t3,0,COMMUNICATION_TASK_INFO,,hcom_receive__658_126_1,11,19.844257,1.8040233636363636,9.947139,65552
decode-dbo_ep16_all_to_all_single_b32_s256_t3,0,COMMUNICATION_TASK_INFO,,hcom_receive__658_106_1,11,19.754095,1.7958268181818182,9.912078,65552
decode-dbo_ep16_all_to_all_single_b32_s256_t3,0,COMMUNICATION_TASK_INFO,,hcom_receive__658_134_1,11,19.752815,1.7957104545454545,9.898598,65552
decode-dbo_ep16_all_to_all_single_b32_s256_t3,0,COMMUNICATION_TASK_INFO,,hcom_receive__658_146_1,11,19.682093,1.789281181818182,9.860277,65552
decode-dbo_ep16_all_to_all_single_b32_s256_t3,0,COMMUNICATION_TASK_INFO,,hcom_receive__658_130_1,11,19.672833,1.7884393636363636,9.865537,65552
decode-dbo_ep16_all_to_all_single_b32_s256_t3,0,COMMUNICATION_TASK_INFO,,hcom_receive__658_138_1,11,19.668753,1.7880684545454546,9.860017,65552
decode-dbo_ep16_all_to_all_single_b32_s256_t3,0,COMMUNICATION_TASK_INFO,,hcom_receive__658_34_1,11,19.581872,1.7801701818181819,9.801416,65552
decode-dbo_ep16_all_to_all_single_b32_s256_t3,0,COMMUNICATION_TASK_INFO,,hcom_receive__658_190_1,11,19.447289,1.7679353636363635,9.755475,65552
decode-dbo_ep16_all_to_all_single_b32_s256_t3,0,COMMUNICATION_TASK_INFO,,hcom_receive__658_94_1,11,19.423707,1.7657915454545454,9.734414,65552
decode-dbo_ep16_all_to_all_single_b32_s256_t3,0,COMMUNICATION_TASK_INFO,,hcom_receive__658_72_1,11,19.389347,1.7626679090909092,9.725954,65552
decode-dbo_ep16_all_to_all_single_b32_s256_t3,0,COMMUNICATION_TASK_INFO,,hcom_receive__658_74_1,11,19.215643,1.7468766363636365,9.629292,65552
decode-dbo_ep16_all_to_all_single_b32_s256_t3,0,COMMUNICATION_TASK_INFO,,hcom_receive__658_44_1,11,19.188943,1.7444493636363636,9.611892,65552
decode-dbo_ep16_all_to_all_single_b32_s256_t3,0,COMMUNICATION_TASK_INFO,,hcom_receive__658_154_1,11,19.182624,1.7438749090909091,9.625853,65552
decode-dbo_ep16_all_to_all_single_b32_s256_t3,0,COMMUNICATION_TASK_INFO,,hcom_receive__658_114_1,11,19.065321,1.733211,9.553491,65552
decode-dbo_ep16_all_to_all_single_b32_s256_t3,0,COMMUNICATION_TASK_INFO,,hcom_receive__658_116_1,11,19.03916,1.7308327272727273,9.53201,65552
decode-dbo_ep16_all_to_all_single_b32_s256_t3,0,COMMUNICATION_TASK_INFO,,hcom_receive__658_108_1,11,19.003319,1.7275744545454546,9.52987,65552
decode-dbo_ep16_all_to_all_single_b32_s256_t3,0,COMMUNICATION_TASK_INFO,,hcom_receive__658_194_1,11,18.932359,1.7211235454545455,9.48859,65552
decode-dbo_ep16_all_to_all_single_b32_s256_t3,0,COMMUNICATION_TASK_INFO,,hcom_receive__658_56_1,11,18.876397,1.7160360909090908,9.466629,65552
decode-dbo_ep16_all_to_all_single_b32_s256_t3,0,COMMUNICATION_TASK_INFO,,hcom_receive__658_12_1,11,18.803517,1.7094106363636365,9.417609,65552
decode-dbo_ep16_all_to_all_single_b32_s256_t3,0,COMMUNICATION_TASK_INFO,,hcom_receive__658_186_1,11,18.774895,1.7068086363636366,9.418308,65552
decode-dbo_ep16_all_to_all_single_b32_s256_t3,0,COMMUNICATION_TASK_INFO,,hcom_receive__658_168_1,11,18.656853,1.6960775454545454,9.352947,65552
decode-dbo_ep16_all_to_all_single_b32_s256_t3,0,COMMUNICATION_TASK_INFO,,hcom_receive__658_140_1,11,18.581791,1.6892537272727273,9.312586,65552
decode-dbo_ep16_all_to_all_single_b32_s256_t3,0,COMMUNICATION_TASK_INFO,,hcom_receive__658_86_1,11,18.532031,1.6847300909090908,9.290046,65552
decode-dbo_ep16_all_to_all_single_b32_s256_t3,0,COMMUNICATION_TASK_INFO,,hcom_receive__658_92_1,11,18.507589,1.6825080909090908,9.276465,65552
decode-dbo_ep16_all_to_all_single_b32_s256_t3,0,COMMUNICATION_TASK_INFO,,hcom_receive__658_8_1,11,18.442708,1.676609818181818,9.243064,65552
decode-dbo_ep16_all_to_all_single_b32_s256_t3,0,COMMUNICATION_TASK_INFO,,hcom_receive__658_156_1,11,18.420747,1.6746133636363636,9.237264,65552
decode-dbo_ep16_all_to_all_single_b32_s256_t3,0,COMMUNICATION_TASK_INFO,,hcom_receive__658_64_1,11,18.196763,1.654251181818182,9.120642,65552
decode-dbo_ep16_all_to_all_single_b32_s256_t3,0,COMMUNICATION_TASK_INFO,,hcom_receive__658_82_1,11,18.04502,1.6404563636363636,9.04548,65552
decode-dbo_ep16_all_to_all_single_b32_s256_t3,0,COMMUNICATION_TASK_INFO,,hcom_receive__658_30_1,11,17.885097,1.6259179090909093,8.964759,65552
decode-dbo_ep16_all_to_all_single_b32_s256_t3,0,COMMUNICATION_TASK_INFO,,hcom_receive__658_196_1,11,17.872658,1.624787090909091,8.96886,65552
decode-dbo_ep16_all_to_all_single_b32_s256_t3,0,COMMUNICATION_TASK_INFO,,hcom_receive__658_42_1,11,17.852977,1.6229979090909092,8.947099,65552
decode-dbo_ep16_all_to_all_single_b32_s256_t3,0,COMMUNICATION_TASK_INFO,,hcom_receive__658_122_1,11,17.843857,1.6221688181818181,8.933539,65552
decode-dbo_ep16_all_to_all_single_b32_s256_t3,0,COMMUNICATION_TASK_INFO,,hcom_receive__658_18_1,11,17.815097,1.6195542727272727,8.928799,65552
decode-dbo_ep16_all_to_all_single_b32_s256_t3,0,COMMUNICATION_TASK_INFO,,hcom_allReduce__612_6_1,142,17.801116,0.1253599718309859,9.00414,288
decode-dbo_ep16_all_to_all_single_b32_s256_t3,0,COMMUNICATION_TASK_INFO,,hcom_receive__658_164_1,11,17.785075,1.616825,8.917518,65552
decode-dbo_ep16_all_to_all_single_b32_s256_t3,0,COMMUNICATION_TASK_INFO,,hcom_receive__658_16_1,11,17.745335,1.6132122727272726,8.890538,65552
decode-dbo_ep16_all_to_all_single_b32_s256_t3,0,COMMUNICATION_TASK_INFO,,hcom_receive__658_150_1,11,17.744315,1.6131195454545455,8.898658,65552
decode-dbo_ep16_all_to_all_single_b32_s256_t3,0,COMMUNICATION_TASK_INFO,,hcom_receive__658_158_1,11,17.710675,1.6100613636363634,8.877298,65552
decode-dbo_ep16_all_to_all_single_b32_s256_t3,0,COMMUNICATION_TASK_INFO,,hcom_receive__658_62_1,11,17.700355,1.609123181818182,8.875118,65552
decode-dbo_ep16_all_to_all_single_b32_s256_t3,0,COMMUNICATION_TASK_INFO,,hcom_receive__658_132_1,11,17.689713,1.6081557272727274,8.876597,65552
decode-dbo_ep16_all_to_all_single_b32_s256_t3,0,COMMUNICATION_TASK_INFO,,hcom_receive__658_58_1,11,17.563211,1.5966555454545455,8.798616,65552
decode-dbo_ep16_all_to_all_single_b32_s256_t3,0,COMMUNICATION_TASK_INFO,,hcom_receive__658_192_1,11,17.534929,1.5940844545454547,8.795715,65552
decode-dbo_ep16_all_to_all_single_b32_s256_t3,0,COMMUNICATION_TASK_INFO,,hcom_receive__658_38_1,11,17.518349,1.592577181818182,8.773275,65552
decode-dbo_ep16_all_to_all_single_b32_s256_t3,0,COMMUNICATION_TASK_INFO,,hcom_receive__658_100_1,11,17.515131,1.5922846363636365,8.780436,65552
decode-dbo_ep16_all_to_all_single_b32_s256_t3,0,COMMUNICATION_TASK_INFO,,hcom_receive__658_182_1,11,17.444749,1.5858862727272727,8.744375,65552
decode-dbo_ep16_all_to_all_single_b32_s256_t3,0,COMMUNICATION_TASK_INFO,,hcom_receive__658_174_1,11,17.386489,1.5805899090909092,8.719815,65552
decode-dbo_ep16_all_to_all_single_b32_s256_t3,0,COMMUNICATION_TASK_INFO,,hcom_receive__658_78_1,11,17.290147,1.5718315454545455,8.671414,65552
decode-dbo_ep16_all_to_all_single_b32_s256_t3,0,COMMUNICATION_TASK_INFO,,hcom_receive__658_88_1,11,17.225383,1.565943909090909,8.635572,65552
decode-dbo_ep16_all_to_all_single_b32_s256_t3,0,COMMUNICATION_TASK_INFO,,hcom_allReduce__612_0_1,142,17.224744,0.12130101408450704,10.01802,288
decode-dbo_ep16_all_to_all_single_b32_s256_t3,0,COMMUNICATION_TASK_INFO,,hcom_receive__658_66_1,11,16.986659,1.5442417272727273,8.52121,65552
decode-dbo_ep16_all_to_all_single_b32_s256_t3,0,COMMUNICATION_TASK_INFO,,hcom_receive__658_70_1,11,16.959418,1.5417652727272726,8.50807,65552
decode-dbo_ep16_all_to_all_single_b32_s256_t3,0,COMMUNICATION_TASK_INFO,,hcom_receive__658_80_1,11,16.536411,1.5033100909090908,8.295786,65552
decode-dbo_ep16_all_to_all_single_b32_s256_t3,0,COMMUNICATION_TASK_INFO,,hcom_receive__658_84_1,11,16.199903,1.4727184545454546,8.131142,65552
decode-dbo_ep16_all_to_all_single_b32_s256_t3,0,COMMUNICATION_TASK_INFO,,hcom_receive__658_76_1,11,15.806357,1.4369415454545453,7.928059,65552
decode-dbo_ep16_all_to_all_single_b32_s256_t3,0,COMMUNICATION_TASK_INFO,,hcom_receive__658_98_1,11,15.717535,1.428866818181818,7.884778,65552
decode-dbo_ep16_all_to_all_single_b32_s256_t3,0,COMMUNICATION_TASK_INFO,,hcom_receive__658_90_1,11,15.529871,1.4118064545454545,7.790536,65552
decode-dbo_ep16_all_to_all_single_b32_s256_t3,0,COMMUNICATION_TASK_INFO,,hcom_receive__658_96_1,11,15.158443,1.3780402727272727,7.609492,65552
decode-dbo_ep16_all_to_all_single_b32_s256_t3,0,COMMUNICATION_TASK_INFO,,hcom_receive__658_68_1,11,14.588552,1.326232,7.323407,65552
decode-dbo_ep16_all_to_all_single_b32_s256_t3,0,COMMUNICATION_TASK_INFO,,hcom_broadcast__612_1_1,27,7.070221,0.26186003703703703,4.217744,124
decode-dbo_ep16_all_to_all_single_b32_s256_t3,0,COMMUNICATION_TASK_INFO,,hcom_receive__634_1_1,11,6.740495,0.6127722727272727,3.584332,1040
decode-dbo_ep16_all_to_all_single_b32_s256_t3,0,COMMUNICATION_TASK_INFO,,hcom_receive__658_21_1,11,6.49739,0.5906718181818182,3.248605,65552
decode-dbo_ep16_all_to_all_single_b32_s256_t3,0,COMMUNICATION_TASK_INFO,,hcom_receive__658_7_1,11,5.969439,0.5426762727272727,2.984699,65552
decode-dbo_ep16_all_to_all_single_b32_s256_t3,0,COMMUNICATION_TASK_INFO,,hcom_receive__658_123_1,11,5.712134,0.5192849090909091,2.856017,65552
decode-dbo_ep16_all_to_all_single_b32_s256_t3,0,COMMUNICATION_TASK_INFO,,hcom_send__634_22_1,13,5.282605,0.4063542307692308,2.659373,131088
decode-dbo_ep16_all_to_all_single_b32_s256_t3,0,COMMUNICATION_TASK_INFO,,hcom_receive__658_45_1,11,5.266586,0.47878054545454546,2.633193,65552
decode-dbo_ep16_all_to_all_single_b32_s256_t3,0,COMMUNICATION_TASK_INFO,,hcom_receive__658_39_1,11,5.172204,0.47020036363636364,2.586072,65552
decode-dbo_ep16_all_to_all_single_b32_s256_t3,0,COMMUNICATION_TASK_INFO,,hcom_receive__658_135_1,11,5.134002,0.46672745454545456,2.567011,65552
decode-dbo_ep16_all_to_all_single_b32_s256_t3,0,COMMUNICATION_TASK_INFO,,hcom_receive__658_169_1,11,5.094542,0.46314018181818184,2.547191,65552
decode-dbo_ep16_all_to_all_single_b32_s256_t3,0,COMMUNICATION_TASK_INFO,,hcom_receive__658_89_1,11,4.93032,0.4482109090909091,2.46511,65552
decode-dbo_ep16_all_to_all_single_b32_s256_t3,0,COMMUNICATION_TASK_INFO,,hcom_receive__658_17_1,11,4.894958,0.44499618181818185,2.447329,65552
decode-dbo_ep16_all_to_all_single_b32_s256_t3,0,COMMUNICATION_TASK_INFO,,hcom_receive__658_121_1,11,4.872918,0.44299254545454547,2.436309,65552
decode-dbo_ep16_all_to_all_single_b32_s256_t3,0,COMMUNICATION_TASK_INFO,,hcom_receive__658_151_1,11,4.870958,0.4428143636363637,2.435409,65552
decode-dbo_ep16_all_to_all_single_b32_s256_t3,0,COMMUNICATION_TASK_INFO,,hcom_receive__658_117_1,11,4.816156,0.43783236363636363,2.408008,65552
decode-dbo_ep16_all_to_all_single_b32_s256_t3,0,COMMUNICATION_TASK_INFO,,hcom_receive__658_145_1,11,4.740116,0.43091963636363634,2.370008,65552
decode-dbo_ep16_all_to_all_single_b32_s256_t3,0,COMMUNICATION_TASK_INFO,,hcom_receive__658_13_1,11,4.683892,0.42580836363636365,2.341866,65552
decode-dbo_ep16_all_to_all_single_b32_s256_t3,0,COMMUNICATION_TASK_INFO,,hcom_receive__658_197_1,11,4.57009,0.4154627272727273,2.284985,65552
decode-dbo_ep16_all_to_all_single_b32_s256_t3,0,COMMUNICATION_TASK_INFO,,hcom_send__634_8_1,13,4.563872,0.3510670769230769,2.309227,131088
decode-dbo_ep16_all_to_all_single_b32_s256_t3,0,COMMUNICATION_TASK_INFO,,hcom_receive__658_141_1,11,4.447248,0.4042952727272727,2.223564,65552
decode-dbo_ep16_all_to_all_single_b32_s256_t3,0,COMMUNICATION_TASK_INFO,,hcom_receive__658_97_1,11,4.438208,0.4034734545454545,2.219084,65552
decode-dbo_ep16_all_to_all_single_b32_s256_t3,0,COMMUNICATION_TASK_INFO,,hcom_receive__658_185_1,11,4.402788,0.4002534545454545,2.201324,65552
decode-dbo_ep16_all_to_all_single_b32_s256_t3,0,COMMUNICATION_TASK_INFO,,hcom_receive__658_109_1,11,4.371028,0.39736618181818184,2.185484,65552
decode-dbo_ep16_all_to_all_single_b32_s256_t3,0,COMMUNICATION_TASK_INFO,,hcom_receive__658_159_1,11,4.277204,0.3888367272727273,2.138582,65552
decode-dbo_ep16_all_to_all_single_b32_s256_t3,0,COMMUNICATION_TASK_INFO,,hcom_receive__658_183_1,11,4.275106,0.388646,2.137483,65552
decode-dbo_ep16_all_to_all_single_b32_s256_t3,0,COMMUNICATION_TASK_INFO,,hcom_receive__658_19_1,11,4.259444,0.3872221818181818,2.129602,65552
decode-dbo_ep16_all_to_all_single_b32_s256_t3,0,COMMUNICATION_TASK_INFO,,hcom_receive__658_99_1,11,4.205224,0.38229309090909086,2.102562,65552
decode-dbo_ep16_all_to_all_single_b32_s256_t3,0,COMMUNICATION_TASK_INFO,,hcom_allReduce__612_2_1,142,4.190243,0.029508753521126762,2.591692,288
decode-dbo_ep16_all_to_all_single_b32_s256_t3,0,COMMUNICATION_TASK_INFO,,hcom_receive__658_31_1,11,4.135882,0.3759892727272727,2.067921,65552
decode-dbo_ep16_all_to_all_single_b32_s256_t3,0,COMMUNICATION_TASK_INFO,,hcom_send__634_46_1,13,4.069144,0.31301107692307695,2.057042,131088
decode-dbo_ep16_all_to_all_single_b32_s256_t3,0,COMMUNICATION_TASK_INFO,,hcom_receive__658_9_1,11,4.044202,0.3676547272727273,2.022021,65552
decode-dbo_ep16_all_to_all_single_b32_s256_t3,0,COMMUNICATION_TASK_INFO,,hcom_receive__658_175_1,11,4.03992,0.3672654545454545,2.01986,65552
decode-dbo_ep16_all_to_all_single_b32_s256_t3,0,COMMUNICATION_TASK_INFO,,hcom_receive__658_69_1,11,4.03746,0.3670418181818182,2.01868,65552
decode-dbo_ep16_all_to_all_single_b32_s256_t3,0,COMMUNICATION_TASK_INFO,,hcom_receive__658_91_1,11,4.03512,0.3668290909090909,2.0175,65552
decode-dbo_ep16_all_to_all_single_b32_s256_t3,0,COMMUNICATION_TASK_INFO,,hcom_receive__658_63_1,11,3.980078,0.3618252727272727,1.989959,65552
decode-dbo_ep16_all_to_all_single_b32_s256_t3,0,COMMUNICATION_TASK_INFO,,hcom_send__634_40_1,13,3.917377,0.30133669230769233,1.977239,131088
decode-dbo_ep16_all_to_all_single_b32_s256_t3,0,COMMUNICATION_TASK_INFO,,hcom_receive__658_43_1,11,3.838876,0.3489887272727273,1.919338,65552
decode-dbo_ep16_all_to_all_single_b32_s256_t3,0,COMMUNICATION_TASK_INFO,,hcom_receive__658_127_1,11,3.832596,0.34841781818181816,1.916238,65552
decode-dbo_ep16_all_to_all_single_b32_s256_t3,0,COMMUNICATION_TASK_INFO,,hcom_send__915_80_1,18,3.794116,0.2107842222222222,1.50253,67108888
decode-dbo_ep16_all_to_all_single_b32_s256_t3,0,COMMUNICATION_TASK_INFO,,hcom_send__915_84_1,18,3.788877,0.21049316666666665,1.50281,67108888
decode-dbo_ep16_all_to_all_single_b32_s256_t3,0,COMMUNICATION_TASK_INFO,,hcom_send__915_86_1,18,3.780036,0.210002,1.504111,67108888
decode-dbo_ep16_all_to_all_single_b32_s256_t3,0,COMMUNICATION_TASK_INFO,,hcom_send__634_90_1,13,3.775455,0.29041961538461536,1.914758,131088
decode-dbo_ep16_all_to_all_single_b32_s256_t3,0,COMMUNICATION_TASK_INFO,,hcom_send__915_58_1,18,3.774935,0.20971861111111112,1.50513,67108888
decode-dbo_ep16_all_to_all_single_b32_s256_t3,0,COMMUNICATION_TASK_INFO,,hcom_send__915_44_1,18,3.774916,0.20971755555555557,1.50377,67108888
decode-dbo_ep16_all_to_all_single_b32_s256_t3,0,COMMUNICATION_TASK_INFO,,hcom_send__915_94_1,18,3.772356,0.20957533333333334,1.505491,67108888
decode-dbo_ep16_all_to_all_single_b32_s256_t3,0,COMMUNICATION_TASK_INFO,,hcom_send__915_74_1,18,3.769776,0.209432,1.50375,67108888
decode-dbo_ep16_all_to_all_single_b32_s256_t3,0,COMMUNICATION_TASK_INFO,,hcom_send__915_68_1,18,3.768235,0.20934638888888887,1.50527,67108888
decode-dbo_ep16_all_to_all_single_b32_s256_t3,0,COMMUNICATION_TASK_INFO,,hcom_send__915_64_1,18,3.763755,0.2090975,1.50415,67108888
decode-dbo_ep16_all_to_all_single_b32_s256_t3,0,COMMUNICATION_TASK_INFO,,hcom_send__915_32_1,18,3.763695,0.20909416666666666,1.50425,67108888
decode-dbo_ep16_all_to_all_single_b32_s256_t3,0,COMMUNICATION_TASK_INFO,,hcom_receive__658_119_1,11,3.757256,0.3415687272727273,1.878578,65552
decode-dbo_ep16_all_to_all_single_b32_s256_t3,0,COMMUNICATION_TASK_INFO,,hcom_send__915_60_1,18,3.755735,0.20865194444444443,1.50347,67108888
decode-dbo_ep16_all_to_all_single_b32_s256_t3,0,COMMUNICATION_TASK_INFO,,hcom_send__915_92_1,18,3.755075,0.20861527777777777,1.50351,67108888
decode-dbo_ep16_all_to_all_single_b32_s256_t3,0,COMMUNICATION_TASK_INFO,,hcom_send__915_50_1,18,3.754955,0.20860861111111112,1.50439,67108888
decode-dbo_ep16_all_to_all_single_b32_s256_t3,0,COMMUNICATION_TASK_INFO,,hcom_send__915_36_1,18,3.753775,0.20854305555555555,1.50381,67108888
decode-dbo_ep16_all_to_all_single_b32_s256_t3,0,COMMUNICATION_TASK_INFO,,hcom_send__915_34_1,18,3.752495,0.20847194444444445,1.50377,67108888
decode-dbo_ep16_all_to_all_single_b32_s256_t3,0,COMMUNICATION_TASK_INFO,,hcom_send__915_82_1,18,3.749615,0.20831194444444442,1.50247,67108888
decode-dbo_ep16_all_to_all_single_b32_s256_t3,0,COMMUNICATION_TASK_INFO,,hcom_send__915_62_1,18,3.746135,0.20811861111111113,1.50459,67108888
decode-dbo_ep16_all_to_all_single_b32_s256_t3,0,COMMUNICATION_TASK_INFO,,hcom_send__915_70_1,18,3.746075,0.20811527777777777,1.50401,67108888
decode-dbo_ep16_all_to_all_single_b32_s256_t3,0,COMMUNICATION_TASK_INFO,,hcom_send__915_56_1,18,3.745294,0.2080718888888889,1.50423,67108888
decode-dbo_ep16_all_to_all_single_b32_s256_t3,0,COMMUNICATION_TASK_INFO,,hcom_send__915_28_1,18,3.738974,0.20772077777777778,1.50357,67108888
decode-dbo_ep16_all_to_all_single_b32_s256_t3,0,COMMUNICATION_TASK_INFO,,hcom_send__915_76_1,18,3.736854,0.207603,1.50285,67108888
decode-dbo_ep16_all_to_all_single_b32_s256_t3,0,COMMUNICATION_TASK_INFO,,hcom_send__915_48_1,18,3.735815,0.2075452777777778,1.50387,67108888
decode-dbo_ep16_all_to_all_single_b32_s256_t3,0,COMMUNICATION_TASK_INFO,,hcom_send__915_66_1,18,3.734915,0.2074952777777778,1.50461,67108888
decode-dbo_ep16_all_to_all_single_b32_s256_t3,0,COMMUNICATION_TASK_INFO,,hcom_send__915_10_1,18,3.730675,0.20725972222222222,1.50567,67108888
decode-dbo_ep16_all_to_all_single_b32_s256_t3,0,COMMUNICATION_TASK_INFO,,hcom_send__915_26_1,18,3.729234,0.20717966666666665,1.50433,67108888
decode-dbo_ep16_all_to_all_single_b32_s256_t3,0,COMMUNICATION_TASK_INFO,,hcom_send__915_30_1,18,3.729074,0.2071707777777778,1.50497,67108888
decode-dbo_ep16_all_to_all_single_b32_s256_t3,0,COMMUNICATION_TASK_INFO,,hcom_send__915_78_1,18,3.728015,0.20711194444444445,1.50477,67108888
decode-dbo_ep16_all_to_all_single_b32_s256_t3,0,COMMUNICATION_TASK_INFO,,hcom_send__915_90_1,18,3.726315,0.2070175,1.50459,67108888
decode-dbo_ep16_all_to_all_single_b32_s256_t3,0,COMMUNICATION_TASK_INFO,,hcom_send__915_14_1,18,3.723094,0.20683855555555555,1.50433,67108888
decode-dbo_ep16_all_to_all_single_b32_s256_t3,0,COMMUNICATION_TASK_INFO,,hcom_receive__658_115_1,11,3.719814,0.3381649090909091,1.859837,65552
decode-dbo_ep16_all_to_all_single_b32_s256_t3,0,COMMUNICATION_TASK_INFO,,hcom_send__915_40_1,18,3.719735,0.20665194444444443,1.503671,67108888
decode-dbo_ep16_all_to_all_single_b32_s256_t3,0,COMMUNICATION_TASK_INFO,,hcom_send__915_24_1,18,3.718674,0.206593,1.50421,67108888
decode-dbo_ep16_all_to_all_single_b32_s256_t3,0,COMMUNICATION_TASK_INFO,,hcom_send__915_42_1,18,3.717894,0.20654966666666666,1.50391,67108888
decode-dbo_ep16_all_to_all_single_b32_s256_t3,0,COMMUNICATION_TASK_INFO,,hcom_send__915_52_1,18,3.715594,0.20642188888888888,1.50349,67108888
decode-dbo_ep16_all_to_all_single_b32_s256_t3,0,COMMUNICATION_TASK_INFO,,hcom_receive__658_157_1,11,3.713756,0.3376141818181818,1.856738,65552
decode-dbo_ep16_all_to_all_single_b32_s256_t3,0,COMMUNICATION_TASK_INFO,,hcom_send__915_16_1,18,3.711574,0.20619855555555555,1.50325,67108888
decode-dbo_ep16_all_to_all_single_b32_s256_t3,0,COMMUNICATION_TASK_INFO,,hcom_send__915_18_1,18,3.706294,0.2059052222222222,1.50475,67108888
decode-dbo_ep16_all_to_all_single_b32_s256_t3,0,COMMUNICATION_TASK_INFO,,hcom_send__915_12_1,18,3.703834,0.20576855555555557,1.50411,67108888
decode-dbo_ep16_all_to_all_single_b32_s256_t3,0,COMMUNICATION_TASK_INFO,,hcom_send__915_46_1,18,3.701334,0.20562966666666666,1.50385,67108888
decode-dbo_ep16_all_to_all_single_b32_s256_t3,0,COMMUNICATION_TASK_INFO,,hcom_send__915_54_1,18,3.701253,0.20562516666666666,1.50501,67108888
decode-dbo_ep16_all_to_all_single_b32_s256_t3,0,COMMUNICATION_TASK_INFO,,hcom_send__915_38_1,18,3.699914,0.20555077777777778,1.50417,67108888
decode-dbo_ep16_all_to_all_single_b32_s256_t3,0,COMMUNICATION_TASK_INFO,,hcom_send__915_88_1,18,3.696254,0.20534744444444444,1.50275,67108888
decode-dbo_ep16_all_to_all_single_b32_s256_t3,0,COMMUNICATION_TASK_INFO,,hcom_send__915_72_1,18,3.693454,0.20519188888888887,1.50341,67108888
decode-dbo_ep16_all_to_all_single_b32_s256_t3,0,COMMUNICATION_TASK_INFO,,hcom_receive__658_195_1,11,3.678114,0.334374,1.839057,65552
decode-dbo_ep16_all_to_all_single_b32_s256_t3,0,COMMUNICATION_TASK_INFO,,hcom_send__915_8_1,18,3.674413,0.20413405555555555,1.50329,67108888
decode-dbo_ep16_all_to_all_single_b32_s256_t3,0,COMMUNICATION_TASK_INFO,,hcom_receive__658_59_1,11,3.653552,0.3321410909090909,1.826716,65552
decode-dbo_ep16_all_to_all_single_b32_s256_t3,0,COMMUNICATION_TASK_INFO,,hcom_send__915_22_1,18,3.640734,0.202263,1.505471,67108888
decode-dbo_ep16_all_to_all_single_b32_s256_t3,0,COMMUNICATION_TASK_INFO,,hcom_send__634_18_1,13,3.618831,0.27837161538461536,1.829196,131088
decode-dbo_ep16_all_to_all_single_b32_s256_t3,0,COMMUNICATION_TASK_INFO,,hcom_receive__658_155_1,11,3.616372,0.3287610909090909,1.808136,65552
decode-dbo_ep16_all_to_all_single_b32_s256_t3,0,COMMUNICATION_TASK_INFO,,hcom_receive__658_161_1,11,3.600292,0.3272992727272727,1.800076,65552
decode-dbo_ep16_all_to_all_single_b32_s256_t3,0,COMMUNICATION_TASK_INFO,,hcom_receive__658_193_1,11,3.548452,0.32258654545454546,1.774216,65552
decode-dbo_ep16_all_to_all_single_b32_s256_t3,0,COMMUNICATION_TASK_INFO,,hcom_send__915_2_1,18,3.469469,0.19274827777777778,1.968799,67108888
decode-dbo_ep16_all_to_all_single_b32_s256_t3,0,COMMUNICATION_TASK_INFO,,hcom_send__915_6_1,18,3.468129,0.19267383333333335,1.50393,67108888
decode-dbo_ep16_all_to_all_single_b32_s256_t3,0,COMMUNICATION_TASK_INFO,,hcom_receive__658_187_1,11,3.445988,0.31327163636363636,1.722974,65552
decode-dbo_ep16_all_to_all_single_b32_s256_t3,0,COMMUNICATION_TASK_INFO,,hcom_send__915_4_1,18,3.440789,0.19115494444444445,1.50239,67108888
decode-dbo_ep16_all_to_all_single_b32_s256_t3,0,COMMUNICATION_TASK_INFO,,hcom_send__634_14_1,13,3.433909,0.26414684615384615,1.736515,131088
decode-dbo_ep16_all_to_all_single_b32_s256_t3,0,COMMUNICATION_TASK_INFO,,hcom_receive__658_33_1,11,3.428028,0.31163890909090913,1.713974,65552
decode-dbo_ep16_all_to_all_single_b32_s256_t3,0,COMMUNICATION_TASK_INFO,,hcom_send__915_0_1,18,3.409688,0.18942711111111113,1.909178,67108888
decode-dbo_ep16_all_to_all_single_b32_s256_t3,0,COMMUNICATION_TASK_INFO,,hcom_send__634_98_1,13,3.269285,0.2514834615384615,1.659853,131088
decode-dbo_ep16_all_to_all_single_b32_s256_t3,0,COMMUNICATION_TASK_INFO,,hcom_send__634_124_1,13,3.201983,0.24630638461538462,1.630812,131088
decode-dbo_ep16_all_to_all_single_b32_s256_t3,0,COMMUNICATION_TASK_INFO,,hcom_receive__658_133_1,11,3.141124,0.2855567272727273,1.570492,65552
decode-dbo_ep16_all_to_all_single_b32_s256_t3,0,COMMUNICATION_TASK_INFO,,hcom_send__915_20_1,18,3.070661,0.17059227777777777,1.50277,67108888
decode-dbo_ep16_all_to_all_single_b32_s256_t3,0,COMMUNICATION_TASK_INFO,,hcom_send__634_100_1,12,3.043801,0.25365008333333333,1.550551,131088
decode-dbo_ep16_all_to_all_single_b32_s256_t3,0,COMMUNICATION_TASK_INFO,,hcom_send__634_20_1,13,3.030141,0.2330877692307692,1.532311,131088
decode-dbo_ep16_all_to_all_single_b32_s256_t3,0,COMMUNICATION_TASK_INFO,,hcom_receive__658_67_1,11,2.913618,0.26487436363636363,1.456749,65552
decode-dbo_ep16_all_to_all_single_b32_s256_t3,0,COMMUNICATION_TASK_INFO,,hcom_send__634_92_1,13,2.838117,0.21831669230769232,1.443409,131088
decode-dbo_ep16_all_to_all_single_b32_s256_t3,0,COMMUNICATION_TASK_INFO,,hcom_send__634_10_1,13,2.830977,0.21776746153846152,1.441829,131088
decode-dbo_ep16_all_to_all_single_b32_s256_t3,0,COMMUNICATION_TASK_INFO,,hcom_send__634_64_1,13,2.809097,0.21608438461538462,1.435769,131088
decode-dbo_ep16_all_to_all_single_b32_s256_t3,0,COMMUNICATION_TASK_INFO,,hcom_send__634_32_1,13,2.801716,0.21551661538461536,1.409008,131088
decode-dbo_ep16_all_to_all_single_b32_s256_t3,0,COMMUNICATION_TASK_INFO,,hcom_send__634_70_1,13,2.793416,0.21487815384615386,1.425809,131088
decode-dbo_ep16_all_to_all_single_b32_s256_t3,0,COMMUNICATION_TASK_INFO,,hcom_receive__658_139_1,11,2.669934,0.24272127272727273,1.334907,65552
decode-dbo_ep16_all_to_all_single_b32_s256_t3,0,COMMUNICATION_TASK_INFO,,hcom_receive__658_165_1,11,2.668694,0.24260854545454544,1.334247,65552
decode-dbo_ep16_all_to_all_single_b32_s256_t3,0,COMMUNICATION_TASK_INFO,,hcom_send__634_44_1,13,2.665073,0.20500561538461537,1.348967,131088
decode-dbo_ep16_all_to_all_single_b32_s256_t3,0,COMMUNICATION_TASK_INFO,,hcom_allReduce__612_4_1,142,2.594872,0.01827374647887324,1.51453,288
decode-dbo_ep16_all_to_all_single_b32_s256_t3,0,COMMUNICATION_TASK_INFO,,hcom_send__634_170_1,13,2.556312,0.19663938461538463,1.306867,131088
decode-dbo_ep16_all_to_all_single_b32_s256_t3,0,COMMUNICATION_TASK_INFO,,hcom_send__634_136_1,13,2.545011,0.19577007692307694,1.301546,131088
decode-dbo_ep16_all_to_all_single_b32_s256_t3,0,COMMUNICATION_TASK_INFO,,hcom_allReduce__612_5_1,142,2.503251,0.017628528169014085,1.426369,288
decode-dbo_ep16_all_to_all_single_b32_s256_t3,0,COMMUNICATION_TASK_INFO,,hcom_receive__658_129_1,11,2.48655,0.22605,1.243225,65552
decode-dbo_ep16_all_to_all_single_b32_s256_t3,0,COMMUNICATION_TASK_INFO,,hcom_send__634_60_1,13,2.469589,0.18996838461538462,1.261925,131088
decode-dbo_ep16_all_to_all_single_b32_s256_t3,0,COMMUNICATION_TASK_INFO,,hcom_receive__658_71_1,11,2.43465,0.22133181818181819,1.217265,65552
decode-dbo_ep16_all_to_all_single_b32_s256_t3,0,COMMUNICATION_TASK_INFO,,hcom_receive__658_85_1,11,2.406788,0.2187989090909091,1.203304,65552
decode-dbo_ep16_all_to_all_single_b32_s256_t3,0,COMMUNICATION_TASK_INFO,,hcom_receive__658_95_1,11,2.404148,0.21855890909090908,1.202004,65552
decode-dbo_ep16_all_to_all_single_b32_s256_t3,0,COMMUNICATION_TASK_INFO,,hcom_receive__658_81_1,11,2.390888,0.21735345454545457,1.195384,65552
decode-dbo_ep16_all_to_all_single_b32_s256_t3,0,COMMUNICATION_TASK_INFO,,hcom_allReduce__612_3_1,142,2.370587,0.016694274647887322,1.295526,288
decode-dbo_ep16_all_to_all_single_b32_s256_t3,0,COMMUNICATION_TASK_INFO,,hcom_receive__658_101_1,11,2.347166,0.21337872727272728,1.173523,65552
decode-dbo_ep16_all_to_all_single_b32_s256_t3,0,COMMUNICATION_TASK_INFO,,hcom_receive__658_107_1,11,2.339326,0.212666,1.169623,65552
decode-dbo_ep16_all_to_all_single_b32_s256_t3,0,COMMUNICATION_TASK_INFO,,hcom_receive__658_181_1,11,2.308626,0.2098750909090909,1.154243,65552
decode-dbo_ep16_all_to_all_single_b32_s256_t3,0,COMMUNICATION_TASK_INFO,,hcom_send__634_122_1,13,2.297605,0.17673884615384616,1.177883,131088
decode-dbo_ep16_all_to_all_single_b32_s256_t3,0,COMMUNICATION_TASK_INFO,,hcom_receive__658_35_1,11,2.223524,0.20213854545454543,1.111642,65552
decode-dbo_ep16_all_to_all_single_b32_s256_t3,0,COMMUNICATION_TASK_INFO,,hcom_send__634_146_1,13,2.212104,0.17016184615384616,1.137643,131088
decode-dbo_ep16_all_to_all_single_b32_s256_t3,0,COMMUNICATION_TASK_INFO,,hcom_send__634_118_1,13,2.189885,0.1684526923076923,1.122523,131088
decode-dbo_ep16_all_to_all_single_b32_s256_t3,0,COMMUNICATION_TASK_INFO,,hcom_send__634_34_1,13,2.178985,0.1676142307692308,1.106863,131088
decode-dbo_ep16_all_to_all_single_b32_s256_t3,0,COMMUNICATION_TASK_INFO,,hcom_receive__658_93_1,11,2.113002,0.1920910909090909,1.056481,65552
decode-dbo_ep16_all_to_all_single_b32_s256_t3,0,COMMUNICATION_TASK_INFO,,hcom_receive__658_79_1,11,1.966778,0.178798,0.983319,65552
decode-dbo_ep16_all_to_all_single_b32_s256_t3,0,COMMUNICATION_TASK_INFO,,hcom_receive__658_153_1,11,1.923438,0.174858,0.961619,65552
decode-dbo_ep16_all_to_all_single_b32_s256_t3,0,COMMUNICATION_TASK_INFO,,hcom_send__634_186_1,13,1.912759,0.14713530769230768,0.9808,131088
decode-dbo_ep16_all_to_all_single_b32_s256_t3,0,COMMUNICATION_TASK_INFO,,hcom_send__634_142_1,13,1.896439,0.14587992307692307,0.97398,131088
decode-dbo_ep16_all_to_all_single_b32_s256_t3,0,COMMUNICATION_TASK_INFO,,hcom_receive__658_137_1,11,1.879138,0.17083072727272727,0.939499,65552
decode-dbo_ep16_all_to_all_single_b32_s256_t3,0,COMMUNICATION_TASK_INFO,,hcom_send__634_152_1,13,1.875557,0.1442736153846154,0.966279,131088
decode-dbo_ep16_all_to_all_single_b32_s256_t3,0,COMMUNICATION_TASK_INFO,,hcom_send__634_110_1,13,1.837077,0.14131361538461537,0.949539,131088
decode-dbo_ep16_all_to_all_single_b32_s256_t3,0,COMMUNICATION_TASK_INFO,,hcom_receive__658_47_1,11,1.813096,0.16482690909090908,0.906438,65552
decode-dbo_ep16_all_to_all_single_b32_s256_t3,0,COMMUNICATION_TASK_INFO,,hcom_receive__658_163_1,11,1.779296,0.16175418181818182,0.889638,65552
decode-dbo_ep16_all_to_all_single_b32_s256_t3,0,COMMUNICATION_TASK_INFO,,hcom_send__634_184_1,13,1.754815,0.13498576923076921,0.903378,131088
decode-dbo_ep16_all_to_all_single_b32_s256_t3,0,COMMUNICATION_TASK_INFO,,hcom_send__634_68_1,13,1.713275,0.13179038461538461,0.881458,131088
decode-dbo_ep16_all_to_all_single_b32_s256_t3,0,COMMUNICATION_TASK_INFO,,hcom_send__634_160_1,13,1.677534,0.12904107692307693,0.868218,131088
decode-dbo_ep16_all_to_all_single_b32_s256_t3,0,COMMUNICATION_TASK_INFO,,hcom_receive__658_111_1,11,1.655574,0.15050672727272726,0.827697,65552
decode-dbo_ep16_all_to_all_single_b32_s256_t3,0,COMMUNICATION_TASK_INFO,,hcom_receive__658_131_1,11,1.588412,0.14440109090909092,0.794136,65552
decode-dbo_ep16_all_to_all_single_b32_s256_t3,0,COMMUNICATION_TASK_INFO,,hcom_receive__658_191_1,11,1.55051,0.14095545454545455,0.775235,65552
decode-dbo_ep16_all_to_all_single_b32_s256_t3,0,COMMUNICATION_TASK_INFO,,hcom_send__658_0_1,12,1.47105,0.1225875,0.885378,2064
decode-dbo_ep16_all_to_all_single_b32_s256_t3,0,COMMUNICATION_TASK_INFO,,hcom_send__634_176_1,13,1.465409,0.11272376923076924,0.762635,131088
decode-dbo_ep16_all_to_all_single_b32_s256_t3,0,COMMUNICATION_TASK_INFO,,hcom_receive__658_113_1,11,1.400248,0.12729527272727273,0.700154,65552
decode-dbo_ep16_all_to_all_single_b32_s256_t3,0,COMMUNICATION_TASK_INFO,,hcom_send__634_86_1,13,1.253425,0.09641730769230769,0.653093,131088
decode-dbo_ep16_all_to_all_single_b32_s256_t3,0,COMMUNICATION_TASK_INFO,,hcom_send__634_96_1,14,1.245685,0.0889775,0.651153,131088
decode-dbo_ep16_all_to_all_single_b32_s256_t3,0,COMMUNICATION_TASK_INFO,,hcom_receive__658_103_1,11,1.237184,0.11247127272727273,0.618652,65552
decode-dbo_ep16_all_to_all_single_b32_s256_t3,0,COMMUNICATION_TASK_INFO,,hcom_send__634_128_1,13,1.221905,0.09399269230769232,0.640553,131088
decode-dbo_ep16_all_to_all_single_b32_s256_t3,0,COMMUNICATION_TASK_INFO,,hcom_send__634_196_1,12,1.174943,0.09791191666666667,0.615212,131088
decode-dbo_ep16_all_to_all_single_b32_s256_t3,0,COMMUNICATION_TASK_INFO,,hcom_receive__658_87_1,11,1.163462,0.10576927272727273,0.581651,65552
decode-dbo_ep16_all_to_all_single_b32_s256_t3,0,COMMUNICATION_TASK_INFO,,hcom_send__634_82_1,13,1.156103,0.088931,0.606832,131088
decode-dbo_ep16_all_to_all_single_b32_s256_t3,0,COMMUNICATION_TASK_INFO,,hcom_send__634_158_1,13,1.152583,0.08866023076923077,0.605872,131088
decode-dbo_ep16_all_to_all_single_b32_s256_t3,0,COMMUNICATION_TASK_INFO,,hcom_send__634_72_1,13,1.149643,0.08843407692307692,0.597132,131088
decode-dbo_ep16_all_to_all_single_b32_s256_t3,0,COMMUNICATION_TASK_INFO,,hcom_send__634_156_1,13,1.106481,0.08511392307692307,0.578691,131088
decode-dbo_ep16_all_to_all_single_b32_s256_t3,0,COMMUNICATION_TASK_INFO,,hcom_receive__658_65_1,11,1.096702,0.09970018181818183,0.548271,65552
decode-dbo_ep16_all_to_all_single_b32_s256_t3,0,COMMUNICATION_TASK_INFO,,hcom_send__634_120_1,13,1.084741,0.08344161538461539,0.562191,131088
decode-dbo_ep16_all_to_all_single_b32_s256_t3,0,COMMUNICATION_TASK_INFO,,hcom_receive__658_23_1,11,1.081742,0.09834018181818183,0.540691,65552
decode-dbo_ep16_all_to_all_single_b32_s256_t3,0,COMMUNICATION_TASK_INFO,,hcom_send__634_116_1,13,1.079523,0.08304023076923077,0.568612,131088
decode-dbo_ep16_all_to_all_single_b32_s256_t3,0,COMMUNICATION_TASK_INFO,,hcom_send__634_0_1,12,1.073042,0.08942016666666668,0.652333,2064
decode-dbo_ep16_all_to_all_single_b32_s256_t3,0,COMMUNICATION_TASK_INFO,,hcom_send__634_162_1,13,1.064601,0.0818923846153846,0.558691,131088
decode-dbo_ep16_all_to_all_single_b32_s256_t3,0,COMMUNICATION_TASK_INFO,,hcom_send__634_194_1,13,1.03394,0.07953384615384615,0.548691,131088
decode-dbo_ep16_all_to_all_single_b32_s256_t3,0,COMMUNICATION_TASK_INFO,,hcom_send__634_36_1,13,0.944998,0.07269215384615385,0.486129,131088
decode-dbo_ep16_all_to_all_single_b32_s256_t3,0,COMMUNICATION_TASK_INFO,,hcom_send__634_188_1,13,0.912239,0.07017223076923076,0.48493,131088
decode-dbo_ep16_all_to_all_single_b32_s256_t3,0,COMMUNICATION_TASK_INFO,,hcom_receive__658_125_1,11,0.866718,0.07879254545454546,0.433309,65552
decode-dbo_ep16_all_to_all_single_b32_s256_t3,0,COMMUNICATION_TASK_INFO,,hcom_receive__658_149_1,11,0.847836,0.077076,0.423828,65552
decode-dbo_ep16_all_to_all_single_b32_s256_t3,0,COMMUNICATION_TASK_INFO,,hcom_receive__658_49_1,11,0.840257,0.076387,0.420009,65552
decode-dbo_ep16_all_to_all_single_b32_s256_t3,0,COMMUNICATION_TASK_INFO,,hcom_receive__658_51_1,11,0.825838,0.07507618181818182,0.412809,65552
decode-dbo_ep16_all_to_all_single_b32_s256_t3,0,COMMUNICATION_TASK_INFO,,hcom_send__634_94_1,13,0.820817,0.06313976923076924,0.436109,131088
decode-dbo_ep16_all_to_all_single_b32_s256_t3,0,COMMUNICATION_TASK_INFO,,hcom_receive__658_11_1,11,0.808156,0.07346872727272728,0.403988,65552
decode-dbo_ep16_all_to_all_single_b32_s256_t3,0,COMMUNICATION_TASK_INFO,,hcom_send__634_80_1,13,0.803457,0.061804384615384615,0.424889,131088
decode-dbo_ep16_all_to_all_single_b32_s256_t3,0,COMMUNICATION_TASK_INFO,,hcom_receive__658_173_1,11,0.783056,0.07118690909090909,0.391428,65552
decode-dbo_ep16_all_to_all_single_b32_s256_t3,0,COMMUNICATION_TASK_INFO,,hcom_receive__658_167_1,11,0.777276,0.07066145454545454,0.388528,65552
decode-dbo_ep16_all_to_all_single_b32_s256_t3,0,COMMUNICATION_TASK_INFO,,hcom_receive__658_177_1,11,0.773374,0.07030672727272728,0.386607,65552
decode-dbo_ep16_all_to_all_single_b32_s256_t3,0,COMMUNICATION_TASK_INFO,,hcom_receive__658_61_1,11,0.770594,0.070054,0.385227,65552
decode-dbo_ep16_all_to_all_single_b32_s256_t3,0,COMMUNICATION_TASK_INFO,,hcom_receive__658_53_1,11,0.763336,0.06939418181818183,0.381608,65552
decode-dbo_ep16_all_to_all_single_b32_s256_t3,0,COMMUNICATION_TASK_INFO,,hcom_receive__658_189_1,11,0.755936,0.06872145454545454,0.377908,65552
decode-dbo_ep16_all_to_all_single_b32_s256_t3,0,COMMUNICATION_TASK_INFO,,hcom_receive__658_143_1,11,0.753034,0.06845763636363637,0.376447,65552
decode-dbo_ep16_all_to_all_single_b32_s256_t3,0,COMMUNICATION_TASK_INFO,,hcom_receive__658_41_1,11,0.749836,0.06816690909090908,0.374828,65552
decode-dbo_ep16_all_to_all_single_b32_s256_t3,0,COMMUNICATION_TASK_INFO,,hcom_receive__658_15_1,11,0.733336,0.06666690909090908,0.366568,65552
decode-dbo_ep16_all_to_all_single_b32_s256_t3,0,COMMUNICATION_TASK_INFO,,hcom_receive__658_83_1,11,0.731515,0.06650136363636364,0.365668,65552
decode-dbo_ep16_all_to_all_single_b32_s256_t3,0,COMMUNICATION_TASK_INFO,,hcom_receive__658_147_1,11,0.729754,0.06634127272727272,0.364807,65552
decode-dbo_ep16_all_to_all_single_b32_s256_t3,0,COMMUNICATION_TASK_INFO,,hcom_receive__658_105_1,11,0.724594,0.06587218181818183,0.362227,65552
decode-dbo_ep16_all_to_all_single_b32_s256_t3,0,COMMUNICATION_TASK_INFO,,hcom_receive__658_179_1,11,0.715894,0.06508127272727272,0.357847,65552
decode-dbo_ep16_all_to_all_single_b32_s256_t3,0,COMMUNICATION_TASK_INFO,,hcom_receive__658_29_1,11,0.711414,0.064674,0.355607,65552
decode-dbo_ep16_all_to_all_single_b32_s256_t3,0,COMMUNICATION_TASK_INFO,,hcom_receive__658_75_1,11,0.705134,0.06410309090909092,0.352507,65552
decode-dbo_ep16_all_to_all_single_b32_s256_t3,0,COMMUNICATION_TASK_INFO,,hcom_receive__658_55_1,11,0.703654,0.06396854545454546,0.351727,65552
decode-dbo_ep16_all_to_all_single_b32_s256_t3,0,COMMUNICATION_TASK_INFO,,hcom_receive__658_27_1,11,0.696434,0.06331218181818182,0.348207,65552
decode-dbo_ep16_all_to_all_single_b32_s256_t3,0,COMMUNICATION_TASK_INFO,,hcom_receive__658_25_1,11,0.696254,0.06329581818181819,0.348047,65552
decode-dbo_ep16_all_to_all_single_b32_s256_t3,0,COMMUNICATION_TASK_INFO,,hcom_receive__658_37_1,11,0.684853,0.06225936363636364,0.342327,65552
decode-dbo_ep16_all_to_all_single_b32_s256_t3,0,COMMUNICATION_TASK_INFO,,hcom_receive__658_57_1,11,0.682514,0.062046727272727274,0.341207,65552
decode-dbo_ep16_all_to_all_single_b32_s256_t3,0,COMMUNICATION_TASK_INFO,,hcom_receive__658_77_1,11,0.675314,0.06139218181818182,0.337587,65552
decode-dbo_ep16_all_to_all_single_b32_s256_t3,0,COMMUNICATION_TASK_INFO,,hcom_receive__658_171_1,11,0.664554,0.060414,0.332187,65552
decode-dbo_ep16_all_to_all_single_b32_s256_t3,0,COMMUNICATION_TASK_INFO,,hcom_send__634_48_1,13,0.606251,0.04663469230769231,0.327506,131088
decode-dbo_ep16_all_to_all_single_b32_s256_t3,0,COMMUNICATION_TASK_INFO,,hcom_receive__658_73_1,11,0.602212,0.05474654545454546,0.301006,65552
decode-dbo_ep16_all_to_all_single_b32_s256_t3,0,COMMUNICATION_TASK_INFO,,hcom_send__634_134_1,13,0.596931,0.045917769230769234,0.324066,131088
decode-dbo_ep16_all_to_all_single_b32_s256_t3,0,COMMUNICATION_TASK_INFO,,hcom_receive__658_1_1,11,0.479029,0.04354809090909091,0.443089,1040
decode-dbo_ep16_all_to_all_single_b32_s256_t3,0,COMMUNICATION_TASK_INFO,,hcom_send__915_98_1,12,0.45615,0.0380125,0.274546,2064
decode-dbo_ep16_all_to_all_single_b32_s256_t3,0,COMMUNICATION_TASK_INFO,,hcom_send__658_4_1,13,0.389927,0.029994384615384617,0.223864,2064
decode-dbo_ep16_all_to_all_single_b32_s256_t3,0,COMMUNICATION_TASK_INFO,,hcom_send__915_96_1,12,0.330325,0.02752708333333333,0.294205,2064
decode-dbo_ep16_all_to_all_single_b32_s256_t3,0,COMMUNICATION_TASK_INFO,,hcom_send__915_100_1,12,0.329646,0.0274705,0.220924,2064
decode-dbo_ep16_all_to_all_single_b32_s256_t3,0,COMMUNICATION_TASK_INFO,,hcom_receive__915_97_1,11,0.282805,0.025709545454545457,0.246945,1040
decode-dbo_ep16_all_to_all_single_b32_s256_t3,0,COMMUNICATION_TASK_INFO,,hcom_receive__658_3_1,11,0.239544,0.02177672727272727,0.204024,1040
decode-dbo_ep16_all_to_all_single_b32_s256_t3,0,COMMUNICATION_TASK_INFO,,hcom_receive__634_3_1,11,0.209645,0.019058636363636364,0.173444,1040
decode-dbo_ep16_all_to_all_single_b32_s256_t3,0,COMMUNICATION_TASK_INFO,,hcom_receive__915_99_1,11,0.186003,0.016909363636363636,0.115502,1040
decode-dbo_ep16_all_to_all_single_b32_s256_t3,0,COMMUNICATION_TASK_INFO,,hcom_send__634_104_1,13,0.174524,0.013424923076923076,0.135163,131088
decode-dbo_ep16_all_to_all_single_b32_s256_t3,0,COMMUNICATION_TASK_INFO,,hcom_send__634_102_1,13,0.170302,0.013100153846153846,0.130902,131088
decode-dbo_ep16_all_to_all_single_b32_s256_t3,0,COMMUNICATION_TASK_INFO,,hcom_send__634_103_1,13,0.167043,0.012849461538461539,0.127402,131088
decode-dbo_ep16_all_to_all_single_b32_s256_t3,0,COMMUNICATION_TASK_INFO,,hcom_send__634_2_1,12,0.157182,0.0130985,0.121722,2064
decode-dbo_ep16_all_to_all_single_b32_s256_t3,0,COMMUNICATION_TASK_INFO,,hcom_send__634_106_1,13,0.155182,0.011937076923076924,0.116062,131088
decode-dbo_ep16_all_to_all_single_b32_s256_t3,0,COMMUNICATION_TASK_INFO,,hcom_receive__658_5_1,11,0.149264,0.013569454545454546,0.102543,1040
decode-dbo_ep16_all_to_all_single_b32_s256_t3,0,COMMUNICATION_TASK_INFO,,hcom_send__634_79_1,13,0.148282,0.011406307692307691,0.109102,131088
decode-dbo_ep16_all_to_all_single_b32_s256_t3,0,COMMUNICATION_TASK_INFO,,hcom_send__634_191_1,13,0.144943,0.011149461538461539,0.105822,131088
decode-dbo_ep16_all_to_all_single_b32_s256_t3,0,COMMUNICATION_TASK_INFO,,hcom_send__634_112_1,13,0.144403,0.011107923076923076,0.104502,131088
decode-dbo_ep16_all_to_all_single_b32_s256_t3,0,COMMUNICATION_TASK_INFO,,hcom_send__634_114_1,13,0.144083,0.011083307692307691,0.105082,131088
decode-dbo_ep16_all_to_all_single_b32_s256_t3,0,COMMUNICATION_TASK_INFO,,hcom_send__634_4_1,12,0.144022,0.012001833333333333,0.108322,2064
decode-dbo_ep16_all_to_all_single_b32_s256_t3,0,COMMUNICATION_TASK_INFO,,hcom_send__634_137_1,13,0.143123,0.01100946153846154,0.103842,131088
decode-dbo_ep16_all_to_all_single_b32_s256_t3,0,COMMUNICATION_TASK_INFO,,hcom_send__634_58_1,13,0.142983,0.010998692307692308,0.104022,131088
decode-dbo_ep16_all_to_all_single_b32_s256_t3,0,COMMUNICATION_TASK_INFO,,hcom_send__634_76_1,13,0.141923,0.010917153846153846,0.102022,131088
decode-dbo_ep16_all_to_all_single_b32_s256_t3,0,COMMUNICATION_TASK_INFO,,hcom_send__634_107_1,13,0.141662,0.010897076923076924,0.101862,131088
decode-dbo_ep16_all_to_all_single_b32_s256_t3,0,COMMUNICATION_TASK_INFO,,hcom_send__634_74_1,13,0.141623,0.010894076923076923,0.102042,131088
decode-dbo_ep16_all_to_all_single_b32_s256_t3,0,COMMUNICATION_TASK_INFO,,hcom_send__634_139_1,13,0.140683,0.01082176923076923,0.101502,131088
decode-dbo_ep16_all_to_all_single_b32_s256_t3,0,COMMUNICATION_TASK_INFO,,hcom_send__634_172_1,13,0.140343,0.010795615384615384,0.100882,131088
decode-dbo_ep16_all_to_all_single_b32_s256_t3,0,COMMUNICATION_TASK_INFO,,hcom_send__634_31_1,13,0.139783,0.010752538461538461,0.100402,131088
decode-dbo_ep16_all_to_all_single_b32_s256_t3,0,COMMUNICATION_TASK_INFO,,hcom_send__634_105_1,13,0.139442,0.010726307692307691,0.099962,131088
decode-dbo_ep16_all_to_all_single_b32_s256_t3,0,COMMUNICATION_TASK_INFO,,hcom_receive__915_101_1,11,0.139383,0.012671181818181818,0.100482,1040
decode-dbo_ep16_all_to_all_single_b32_s256_t3,0,COMMUNICATION_TASK_INFO,,hcom_send__634_88_1,13,0.138863,0.01068176923076923,0.099402,131088
decode-dbo_ep16_all_to_all_single_b32_s256_t3,0,COMMUNICATION_TASK_INFO,,hcom_send__634_89_1,13,0.138663,0.010666384615384616,0.099242,131088
decode-dbo_ep16_all_to_all_single_b32_s256_t3,0,COMMUNICATION_TASK_INFO,,hcom_send__634_182_1,13,0.138442,0.010649384615384614,0.099262,131088
decode-dbo_ep16_all_to_all_single_b32_s256_t3,0,COMMUNICATION_TASK_INFO,,hcom_send__634_193_1,13,0.138163,0.010627923076923076,0.098682,131088
decode-dbo_ep16_all_to_all_single_b32_s256_t3,0,COMMUNICATION_TASK_INFO,,hcom_send__634_190_1,13,0.138083,0.01062176923076923,0.098482,131088
decode-dbo_ep16_all_to_all_single_b32_s256_t3,0,COMMUNICATION_TASK_INFO,,hcom_receive__634_5_1,11,0.138063,0.012551181818181817,0.102842,1040
decode-dbo_ep16_all_to_all_single_b32_s256_t3,0,COMMUNICATION_TASK_INFO,,hcom_send__634_49_1,13,0.137903,0.010607923076923076,0.098062,131088
decode-dbo_ep16_all_to_all_single_b32_s256_t3,0,COMMUNICATION_TASK_INFO,,hcom_send__634_140_1,13,0.137802,0.010600153846153846,0.098742,131088
decode-dbo_ep16_all_to_all_single_b32_s256_t3,0,COMMUNICATION_TASK_INFO,,hcom_send__634_164_1,13,0.137543,0.010580230769230769,0.098242,131088
decode-dbo_ep16_all_to_all_single_b32_s256_t3,0,COMMUNICATION_TASK_INFO,,hcom_send__634_148_1,13,0.137462,0.010574,0.098382,131088
decode-dbo_ep16_all_to_all_single_b32_s256_t3,0,COMMUNICATION_TASK_INFO,,hcom_send__634_55_1,13,0.137083,0.010544846153846155,0.097262,131088
decode-dbo_ep16_all_to_all_single_b32_s256_t3,0,COMMUNICATION_TASK_INFO,,hcom_send__634_197_1,12,0.137062,0.011421833333333334,0.097262,131088
decode-dbo_ep16_all_to_all_single_b32_s256_t3,0,COMMUNICATION_TASK_INFO,,hcom_send__634_192_1,13,0.136203,0.010477153846153846,0.097422,131088
decode-dbo_ep16_all_to_all_single_b32_s256_t3,0,COMMUNICATION_TASK_INFO,,hcom_send__634_9_1,13,0.136183,0.010475615384615385,0.096702,131088
decode-dbo_ep16_all_to_all_single_b32_s256_t3,0,COMMUNICATION_TASK_INFO,,hcom_send__634_115_1,13,0.135921,0.010455461538461538,0.096301,131088
decode-dbo_ep16_all_to_all_single_b32_s256_t3,0,COMMUNICATION_TASK_INFO,,hcom_send__634_179_1,13,0.135763,0.010443307692307691,0.096082,131088
decode-dbo_ep16_all_to_all_single_b32_s256_t3,0,COMMUNICATION_TASK_INFO,,hcom_send__634_6_1,13,0.135721,0.010440076923076923,0.096201,131088
decode-dbo_ep16_all_to_all_single_b32_s256_t3,0,COMMUNICATION_TASK_INFO,,hcom_send__634_7_1,13,0.135683,0.010437153846153846,0.096302,131088
decode-dbo_ep16_all_to_all_single_b32_s256_t3,0,COMMUNICATION_TASK_INFO,,hcom_send__634_178_1,13,0.135363,0.010412538461538461,0.096302,131088
decode-dbo_ep16_all_to_all_single_b32_s256_t3,0,COMMUNICATION_TASK_INFO,,hcom_send__634_62_1,13,0.135083,0.010391,0.095742,131088
decode-dbo_ep16_all_to_all_single_b32_s256_t3,0,COMMUNICATION_TASK_INFO,,hcom_send__634_173_1,13,0.134743,0.010364846153846155,0.095362,131088
decode-dbo_ep16_all_to_all_single_b32_s256_t3,0,COMMUNICATION_TASK_INFO,,hcom_send__634_66_1,13,0.134523,0.010347923076923076,0.095242,131088
decode-dbo_ep16_all_to_all_single_b32_s256_t3,0,COMMUNICATION_TASK_INFO,,hcom_send__634_78_1,13,0.134443,0.01034176923076923,0.094802,131088
decode-dbo_ep16_all_to_all_single_b32_s256_t3,0,COMMUNICATION_TASK_INFO,,hcom_send__634_108_1,13,0.134323,0.01033253846153846,0.094922,131088
decode-dbo_ep16_all_to_all_single_b32_s256_t3,0,COMMUNICATION_TASK_INFO,,hcom_send__634_52_1,13,0.134143,0.010318692307692308,0.094982,131088
decode-dbo_ep16_all_to_all_single_b32_s256_t3,0,COMMUNICATION_TASK_INFO,,hcom_send__634_130_1,13,0.134083,0.010314076923076924,0.094782,131088
decode-dbo_ep16_all_to_all_single_b32_s256_t3,0,COMMUNICATION_TASK_INFO,,hcom_send__634_166_1,13,0.134082,0.010314,0.094922,131088
decode-dbo_ep16_all_to_all_single_b32_s256_t3,0,COMMUNICATION_TASK_INFO,,hcom_send__634_47_1,13,0.133943,0.010303307692307691,0.094202,131088
decode-dbo_ep16_all_to_all_single_b32_s256_t3,0,COMMUNICATION_TASK_INFO,,hcom_send__634_56_1,13,0.133763,0.010289461538461539,0.094402,131088
decode-dbo_ep16_all_to_all_single_b32_s256_t3,0,COMMUNICATION_TASK_INFO,,hcom_send__634_132_1,13,0.133723,0.010286384615384616,0.094042,131088
decode-dbo_ep16_all_to_all_single_b32_s256_t3,0,COMMUNICATION_TASK_INFO,,hcom_send__634_141_1,13,0.133721,0.01028623076923077,0.093941,131088
decode-dbo_ep16_all_to_all_single_b32_s256_t3,0,COMMUNICATION_TASK_INFO,,hcom_send__634_123_1,13,0.133643,0.010280230769230769,0.093722,131088
decode-dbo_ep16_all_to_all_single_b32_s256_t3,0,COMMUNICATION_TASK_INFO,,hcom_send__634_87_1,13,0.133623,0.010278692307692308,0.094122,131088
decode-dbo_ep16_all_to_all_single_b32_s256_t3,0,COMMUNICATION_TASK_INFO,,hcom_send__634_27_1,13,0.133503,0.01026946153846154,0.094222,131088
decode-dbo_ep16_all_to_all_single_b32_s256_t3,0,COMMUNICATION_TASK_INFO,,hcom_send__634_43_1,13,0.132881,0.010221615384615385,0.093061,131088
decode-dbo_ep16_all_to_all_single_b32_s256_t3,0,COMMUNICATION_TASK_INFO,,hcom_send__634_125_1,13,0.132763,0.01021253846153846,0.092762,131088
decode-dbo_ep16_all_to_all_single_b32_s256_t3,0,COMMUNICATION_TASK_INFO,,hcom_send__634_117_1,13,0.132683,0.010206384615384615,0.093642,131088
decode-dbo_ep16_all_to_all_single_b32_s256_t3,0,COMMUNICATION_TASK_INFO,,hcom_send__634_53_1,13,0.132622,0.01020169230769231,0.093662,131088
decode-dbo_ep16_all_to_all_single_b32_s256_t3,0,COMMUNICATION_TASK_INFO,,hcom_send__634_85_1,13,0.132543,0.010195615384615385,0.092862,131088
decode-dbo_ep16_all_to_all_single_b32_s256_t3,0,COMMUNICATION_TASK_INFO,,hcom_send__634_154_1,13,0.132261,0.010173923076923077,0.093081,131088
decode-dbo_ep16_all_to_all_single_b32_s256_t3,0,COMMUNICATION_TASK_INFO,,hcom_send__634_50_1,13,0.132203,0.010169461538461539,0.092882,131088
decode-dbo_ep16_all_to_all_single_b32_s256_t3,0,COMMUNICATION_TASK_INFO,,hcom_send__634_109_1,13,0.132043,0.010157153846153845,0.092542,131088
decode-dbo_ep16_all_to_all_single_b32_s256_t3,0,COMMUNICATION_TASK_INFO,,hcom_send__634_165_1,13,0.132021,0.010155461538461539,0.092561,131088
decode-dbo_ep16_all_to_all_single_b32_s256_t3,0,COMMUNICATION_TASK_INFO,,hcom_send__634_71_1,13,0.131843,0.01014176923076923,0.092542,131088
decode-dbo_ep16_all_to_all_single_b32_s256_t3,0,COMMUNICATION_TASK_INFO,,hcom_send__634_84_1,13,0.131783,0.010137153846153846,0.092642,131088
decode-dbo_ep16_all_to_all_single_b32_s256_t3,0,COMMUNICATION_TASK_INFO,,hcom_send__634_39_1,13,0.131743,0.010134076923076924,0.092642,131088
decode-dbo_ep16_all_to_all_single_b32_s256_t3,0,COMMUNICATION_TASK_INFO,,hcom_send__634_174_1,13,0.131363,0.010104846153846153,0.091722,131088
decode-dbo_ep16_all_to_all_single_b32_s256_t3,0,COMMUNICATION_TASK_INFO,,hcom_send__634_138_1,13,0.131303,0.01010023076923077,0.091462,131088
decode-dbo_ep16_all_to_all_single_b32_s256_t3,0,COMMUNICATION_TASK_INFO,,hcom_send__634_144_1,13,0.131282,0.010098615384615385,0.091822,131088
decode-dbo_ep16_all_to_all_single_b32_s256_t3,0,COMMUNICATION_TASK_INFO,,hcom_send__634_126_1,13,0.131203,0.010092538461538462,0.091942,131088
decode-dbo_ep16_all_to_all_single_b32_s256_t3,0,COMMUNICATION_TASK_INFO,,hcom_send__634_54_1,13,0.131143,0.010087923076923076,0.091782,131088
decode-dbo_ep16_all_to_all_single_b32_s256_t3,0,COMMUNICATION_TASK_INFO,,hcom_send__634_11_1,13,0.130941,0.010072384615384615,0.091501,131088
decode-dbo_ep16_all_to_all_single_b32_s256_t3,0,COMMUNICATION_TASK_INFO,,hcom_send__634_127_1,13,0.130641,0.01004930769230769,0.091401,131088
decode-dbo_ep16_all_to_all_single_b32_s256_t3,0,COMMUNICATION_TASK_INFO,,hcom_send__634_133_1,13,0.130381,0.010029307692307692,0.091201,131088
decode-dbo_ep16_all_to_all_single_b32_s256_t3,0,COMMUNICATION_TASK_INFO,,hcom_send__634_75_1,13,0.130363,0.010027923076923077,0.091002,131088
decode-dbo_ep16_all_to_all_single_b32_s256_t3,0,COMMUNICATION_TASK_INFO,,hcom_send__634_167_1,13,0.130183,0.010014076923076924,0.090922,131088
decode-dbo_ep16_all_to_all_single_b32_s256_t3,0,COMMUNICATION_TASK_INFO,,hcom_send__634_99_1,13,0.130123,0.010009461538461538,0.090522,131088
decode-dbo_ep16_all_to_all_single_b32_s256_t3,0,COMMUNICATION_TASK_INFO,,hcom_send__634_149_1,13,0.130121,0.01000930769230769,0.090661,131088
decode-dbo_ep16_all_to_all_single_b32_s256_t3,0,COMMUNICATION_TASK_INFO,,hcom_send__634_161_1,13,0.129843,0.009987923076923077,0.090282,131088
decode-dbo_ep16_all_to_all_single_b32_s256_t3,0,COMMUNICATION_TASK_INFO,,hcom_send__634_169_1,13,0.129763,0.00998176923076923,0.090502,131088
decode-dbo_ep16_all_to_all_single_b32_s256_t3,0,COMMUNICATION_TASK_INFO,,hcom_send__634_95_1,13,0.129563,0.009966384615384615,0.090002,131088
decode-dbo_ep16_all_to_all_single_b32_s256_t3,0,COMMUNICATION_TASK_INFO,,hcom_send__634_147_1,13,0.129181,0.009937,0.089041,131088
decode-dbo_ep16_all_to_all_single_b32_s256_t3,0,COMMUNICATION_TASK_INFO,,hcom_send__634_83_1,13,0.129063,0.009927923076923076,0.089622,131088
decode-dbo_ep16_all_to_all_single_b32_s256_t3,0,COMMUNICATION_TASK_INFO,,hcom_send__634_67_1,13,0.128563,0.00988946153846154,0.088682,131088
decode-dbo_ep16_all_to_all_single_b32_s256_t3,0,COMMUNICATION_TASK_INFO,,hcom_send__634_185_1,13,0.128521,0.009886230769230769,0.088721,131088
decode-dbo_ep16_all_to_all_single_b32_s256_t3,0,COMMUNICATION_TASK_INFO,,hcom_send__634_37_1,13,0.128383,0.009875615384615385,0.088782,131088
decode-dbo_ep16_all_to_all_single_b32_s256_t3,0,COMMUNICATION_TASK_INFO,,hcom_send__634_51_1,13,0.128263,0.009866384615384615,0.088842,131088
decode-dbo_ep16_all_to_all_single_b32_s256_t3,0,COMMUNICATION_TASK_INFO,,hcom_send__634_97_1,14,0.127781,0.009127214285714285,0.088041,131088
decode-dbo_ep16_all_to_all_single_b32_s256_t3,0,COMMUNICATION_TASK_INFO,,hcom_send__634_119_1,13,0.127743,0.009826384615384615,0.087782,131088
decode-dbo_ep16_all_to_all_single_b32_s256_t3,0,COMMUNICATION_TASK_INFO,,hcom_send__634_35_1,13,0.127583,0.009814076923076924,0.088562,131088
decode-dbo_ep16_all_to_all_single_b32_s256_t3,0,COMMUNICATION_TASK_INFO,,hcom_send__634_181_1,13,0.127543,0.009811,0.087922,131088
decode-dbo_ep16_all_to_all_single_b32_s256_t3,0,COMMUNICATION_TASK_INFO,,hcom_send__634_150_1,13,0.127363,0.009797153846153846,0.088102,131088
decode-dbo_ep16_all_to_all_single_b32_s256_t3,0,COMMUNICATION_TASK_INFO,,hcom_send__634_73_1,13,0.127163,0.009781769230769231,0.087462,131088
decode-dbo_ep16_all_to_all_single_b32_s256_t3,0,COMMUNICATION_TASK_INFO,,hcom_send__634_19_1,13,0.127143,0.00978023076923077,0.087662,131088
decode-dbo_ep16_all_to_all_single_b32_s256_t3,0,COMMUNICATION_TASK_INFO,,hcom_send__634_155_1,13,0.126941,0.00976469230769231,0.087181,131088
decode-dbo_ep16_all_to_all_single_b32_s256_t3,0,COMMUNICATION_TASK_INFO,,hcom_send__634_45_1,13,0.126863,0.009758692307692308,0.086882,131088
decode-dbo_ep16_all_to_all_single_b32_s256_t3,0,COMMUNICATION_TASK_INFO,,hcom_send__634_135_1,13,0.126621,0.009740076923076924,0.086361,131088
decode-dbo_ep16_all_to_all_single_b32_s256_t3,0,COMMUNICATION_TASK_INFO,,hcom_send__634_17_1,13,0.126603,0.00973869230769231,0.087542,131088
decode-dbo_ep16_all_to_all_single_b32_s256_t3,0,COMMUNICATION_TASK_INFO,,hcom_send__634_180_1,13,0.126563,0.009735615384615384,0.087282,131088
decode-dbo_ep16_all_to_all_single_b32_s256_t3,0,COMMUNICATION_TASK_INFO,,hcom_send__634_61_1,13,0.126463,0.009727923076923077,0.087182,131088
decode-dbo_ep16_all_to_all_single_b32_s256_t3,0,COMMUNICATION_TASK_INFO,,hcom_send__634_77_1,13,0.126343,0.009718692307692308,0.086882,131088
decode-dbo_ep16_all_to_all_single_b32_s256_t3,0,COMMUNICATION_TASK_INFO,,hcom_send__634_183_1,13,0.126283,0.009714076923076924,0.087022,131088
decode-dbo_ep16_all_to_all_single_b32_s256_t3,0,COMMUNICATION_TASK_INFO,,hcom_send__634_143_1,13,0.126183,0.009706384615384615,0.086802,131088
decode-dbo_ep16_all_to_all_single_b32_s256_t3,0,COMMUNICATION_TASK_INFO,,hcom_send__634_63_1,13,0.126143,0.009703307692307692,0.085642,131088
decode-dbo_ep16_all_to_all_single_b32_s256_t3,0,COMMUNICATION_TASK_INFO,,hcom_send__634_113_1,13,0.126003,0.00969253846153846,0.086982,131088
decode-dbo_ep16_all_to_all_single_b32_s256_t3,0,COMMUNICATION_TASK_INFO,,hcom_send__634_69_1,13,0.125983,0.009691,0.086802,131088
decode-dbo_ep16_all_to_all_single_b32_s256_t3,0,COMMUNICATION_TASK_INFO,,hcom_send__634_153_1,13,0.125942,0.009687846153846155,0.086781,131088
decode-dbo_ep16_all_to_all_single_b32_s256_t3,0,COMMUNICATION_TASK_INFO,,hcom_send__634_168_1,13,0.125763,0.009674076923076924,0.086422,131088
decode-dbo_ep16_all_to_all_single_b32_s256_t3,0,COMMUNICATION_TASK_INFO,,hcom_send__634_131_1,13,0.125701,0.009669307692307692,0.086321,131088
decode-dbo_ep16_all_to_all_single_b32_s256_t3,0,COMMUNICATION_TASK_INFO,,hcom_send__634_65_1,13,0.125443,0.009649461538461539,0.085982,131088
decode-dbo_ep16_all_to_all_single_b32_s256_t3,0,COMMUNICATION_TASK_INFO,,hcom_send__634_121_1,13,0.125163,0.009627923076923076,0.085722,131088
decode-dbo_ep16_all_to_all_single_b32_s256_t3,0,COMMUNICATION_TASK_INFO,,hcom_send__634_111_1,13,0.125003,0.009615615384615384,0.085002,131088
decode-dbo_ep16_all_to_all_single_b32_s256_t3,0,COMMUNICATION_TASK_INFO,,hcom_send__634_59_1,13,0.124941,0.009610846153846154,0.085221,131088
decode-dbo_ep16_all_to_all_single_b32_s256_t3,0,COMMUNICATION_TASK_INFO,,hcom_send__634_145_1,13,0.124843,0.009603307692307692,0.085482,131088
decode-dbo_ep16_all_to_all_single_b32_s256_t3,0,COMMUNICATION_TASK_INFO,,hcom_send__634_41_1,13,0.124663,0.00958946153846154,0.084902,131088
decode-dbo_ep16_all_to_all_single_b32_s256_t3,0,COMMUNICATION_TASK_INFO,,hcom_send__634_187_1,13,0.124521,0.009578538461538461,0.084021,131088
decode-dbo_ep16_all_to_all_single_b32_s256_t3,0,COMMUNICATION_TASK_INFO,,hcom_send__634_21_1,13,0.124423,0.009571,0.085222,131088
decode-dbo_ep16_all_to_all_single_b32_s256_t3,0,COMMUNICATION_TASK_INFO,,hcom_send__634_42_1,13,0.124303,0.009561769230769231,0.085322,131088
decode-dbo_ep16_all_to_all_single_b32_s256_t3,0,COMMUNICATION_TASK_INFO,,hcom_send__634_129_1,13,0.124203,0.009554076923076924,0.084482,131088
decode-dbo_ep16_all_to_all_single_b32_s256_t3,0,COMMUNICATION_TASK_INFO,,hcom_send__634_13_1,13,0.123983,0.009537153846153846,0.084462,131088
decode-dbo_ep16_all_to_all_single_b32_s256_t3,0,COMMUNICATION_TASK_INFO,,hcom_send__634_24_1,13,0.123962,0.009535538461538462,0.084341,131088
decode-dbo_ep16_all_to_all_single_b32_s256_t3,0,COMMUNICATION_TASK_INFO,,hcom_send__658_2_1,12,0.123961,0.010330083333333333,0.088561,2064
decode-dbo_ep16_all_to_all_single_b32_s256_t3,0,COMMUNICATION_TASK_INFO,,hcom_send__634_81_1,13,0.123943,0.009534076923076925,0.084562,131088
decode-dbo_ep16_all_to_all_single_b32_s256_t3,0,COMMUNICATION_TASK_INFO,,hcom_send__634_16_1,13,0.123843,0.009526384615384615,0.084502,131088
decode-dbo_ep16_all_to_all_single_b32_s256_t3,0,COMMUNICATION_TASK_INFO,,hcom_send__634_101_1,12,0.123463,0.010288583333333334,0.083362,131088
decode-dbo_ep16_all_to_all_single_b32_s256_t3,0,COMMUNICATION_TASK_INFO,,hcom_send__634_25_1,13,0.123263,0.009481769230769231,0.084222,131088
decode-dbo_ep16_all_to_all_single_b32_s256_t3,0,COMMUNICATION_TASK_INFO,,hcom_send__634_157_1,13,0.122961,0.009458538461538461,0.083621,131088
decode-dbo_ep16_all_to_all_single_b32_s256_t3,0,COMMUNICATION_TASK_INFO,,hcom_send__634_57_1,13,0.122902,0.009454,0.083061,131088
decode-dbo_ep16_all_to_all_single_b32_s256_t3,0,COMMUNICATION_TASK_INFO,,hcom_send__634_29_1,13,0.122803,0.009446384615384615,0.083202,131088
decode-dbo_ep16_all_to_all_single_b32_s256_t3,0,COMMUNICATION_TASK_INFO,,hcom_send__634_189_1,13,0.122723,0.00944023076923077,0.083402,131088
decode-dbo_ep16_all_to_all_single_b32_s256_t3,0,COMMUNICATION_TASK_INFO,,hcom_send__634_93_1,13,0.121601,0.009353923076923076,0.082021,131088
decode-dbo_ep16_all_to_all_single_b32_s256_t3,0,COMMUNICATION_TASK_INFO,,hcom_send__634_12_1,13,0.121381,0.009337,0.082321,131088
decode-dbo_ep16_all_to_all_single_b32_s256_t3,0,COMMUNICATION_TASK_INFO,,hcom_send__634_175_1,13,0.121323,0.009332538461538462,0.081942,131088
decode-dbo_ep16_all_to_all_single_b32_s256_t3,0,COMMUNICATION_TASK_INFO,,hcom_send__634_33_1,13,0.121263,0.009327923076923076,0.081802,131088
decode-dbo_ep16_all_to_all_single_b32_s256_t3,0,COMMUNICATION_TASK_INFO,,hcom_send__634_163_1,13,0.120923,0.00930176923076923,0.081322,131088
decode-dbo_ep16_all_to_all_single_b32_s256_t3,0,COMMUNICATION_TASK_INFO,,hcom_send__634_171_1,13,0.120823,0.009294076923076924,0.081662,131088
decode-dbo_ep16_all_to_all_single_b32_s256_t3,0,COMMUNICATION_TASK_INFO,,hcom_send__634_28_1,13,0.120483,0.009267923076923076,0.081262,131088
decode-dbo_ep16_all_to_all_single_b32_s256_t3,0,COMMUNICATION_TASK_INFO,,hcom_send__634_151_1,13,0.120303,0.009254076923076924,0.080522,131088
decode-dbo_ep16_all_to_all_single_b32_s256_t3,0,COMMUNICATION_TASK_INFO,,hcom_send__634_23_1,13,0.119482,0.009190923076923076,0.079861,131088
decode-dbo_ep16_all_to_all_single_b32_s256_t3,0,COMMUNICATION_TASK_INFO,,hcom_send__634_159_1,13,0.118563,0.00912023076923077,0.078982,131088
decode-dbo_ep16_all_to_all_single_b32_s256_t3,0,COMMUNICATION_TASK_INFO,,hcom_send__634_30_1,13,0.118161,0.009089307692307692,0.078521,131088
decode-dbo_ep16_all_to_all_single_b32_s256_t3,0,COMMUNICATION_TASK_INFO,,hcom_send__634_15_1,13,0.117322,0.00902476923076923,0.077961,131088
decode-dbo_ep16_all_to_all_single_b32_s256_t3,0,COMMUNICATION_TASK_INFO,,hcom_send__634_177_1,13,0.115982,0.00892169230769231,0.075961,131088
decode-dbo_ep16_all_to_all_single_b32_s256_t3,0,COMMUNICATION_TASK_INFO,,hcom_send__634_195_1,13,0.114803,0.008831,0.075482,131088
decode-dbo_ep16_all_to_all_single_b32_s256_t3,0,COMMUNICATION_TASK_INFO,,hcom_send__634_91_1,13,0.109163,0.008397153846153846,0.069362,131088
decode-dbo_ep16_all_to_all_single_b32_s256_t3,0,COMMUNICATION_TASK_INFO,,hcom_send__634_38_1,13,0.104922,0.008070923076923078,0.065161,131088
decode-dbo_ep16_all_to_all_single_b32_s256_t3,0,COMMUNICATION_TASK_INFO,,hcom_send__634_26_1,13,0.102102,0.007854,0.062741,131088
decode-dbo_ep16_broadcast_reduce_overlap_b32_s256_t3,0,COMMUNICATION_OP,hcom_receive_,hcom_receive__098_5_1,1,402.816168,402.816168,402.816168,16777216
decode-dbo_ep16_broadcast_reduce_overlap_b32_s256_t3,0,COMMUNICATION_OP,hcom_receive_,hcom_receive__098_3_1,1,386.216236,386.216236,386.216236,16777216
decode-dbo_ep16_broadcast_reduce_overlap_b32_s256_t3,0,COMMUNICATION_OP,hcom_receive_,hcom_receive__648_6_1,1,154.548248,154.548248,154.548248,32768
decode-dbo_ep16_broadcast_reduce_overlap_b32_s256_t3,0,COMMUNICATION_OP,hcom_receive_,hcom_receive__098_9_1,1,98.864935,98.864935,98.864935,16777216
decode-dbo_ep16_broadcast_reduce_overlap_b32_s256_t3,0,COMMUNICATION_OP,hcom_receive_,hcom_receive__098_17_1,1,97.909817,97.909817,97.909817,16777216
decode-dbo_ep16_broadcast_reduce_overlap_b32_s256_t3,0,COMMUNICATION_OP,hcom_receive_,hcom_receive__098_7_1,1,92.61249,92.61249,92.61249,16777216
decode-dbo_ep16_broadcast_reduce_overlap_b32_s256_t3,0,COMMUNICATION_OP,hcom_receive_,hcom_receive__098_85_1,1,83.034359,83.034359,83.034359,16777216
decode-dbo_ep16_broadcast_reduce_overlap_b32_s256_t3,0,COMMUNICATION_OP,hcom_receive_,hcom_receive__098_13_1,1,72.09934,72.09934,72.09934,16777216
decode-dbo_ep16_broadcast_reduce_overlap_b32_s256_t3,0,COMMUNICATION_OP,hcom_receive_,hcom_receive__098_53_1,1,66.956657,66.956657,66.956657,16777216
decode-dbo_ep16_broadcast_reduce_overlap_b32_s256_t3,0,COMMUNICATION_OP,hcom_receive_,hcom_receive__098_51_1,1,66.697493,66.697493,66.697493,16777216
decode-dbo_ep16_broadcast_reduce_overlap_b32_s256_t3,0,COMMUNICATION_OP,hcom_receive_,hcom_receive__098_39_1,1,64.441608,64.441608,64.441608,16777216
decode-dbo_ep16_broadcast_reduce_overlap_b32_s256_t3,0,COMMUNICATION_OP,hcom_receive_,hcom_receive__098_57_1,1,58.245083,58.245083,58.245083,16777216
decode-dbo_ep16_broadcast_reduce_overlap_b32_s256_t3,0,COMMUNICATION_OP,hcom_receive_,hcom_receive__098_41_1,1,54.782055,54.782055,54.782055,16777216
decode-dbo_ep16_broadcast_reduce_overlap_b32_s256_t3,0,COMMUNICATION_OP,hcom_receive_,hcom_receive__098_15_1,1,54.53983,54.53983,54.53983,16777216
decode-dbo_ep16_broadcast_reduce_overlap_b32_s256_t3,0,COMMUNICATION_OP,hcom_receive_,hcom_receive__098_59_1,1,53.336286,53.336286,53.336286,16777216
decode-dbo_ep16_broadcast_reduce_overlap_b32_s256_t3,0,COMMUNICATION_OP,hcom_allReduce_,hcom_allReduce__612_0_1,1,17.622732,17.622732,17.622732,1
decode-dbo_ep16_broadcast_reduce_overlap_b32_s256_t3,0,COMMUNICATION_OP,hcom_receive_,hcom_receive__098_63_1,1,9.961199,9.961199,9.961199,16777216
decode-dbo_ep16_broadcast_reduce_overlap_b32_s256_t3,0,COMMUNICATION_OP,hcom_receive_,hcom_receive__098_49_1,1,9.692554,9.692554,9.692554,16777216
decode-dbo_ep16_broadcast_reduce_overlap_b32_s256_t3,0,COMMUNICATION_OP,hcom_receive_,hcom_receive__098_91_1,1,9.338486,9.338486,9.338486,16777216
decode-dbo_ep16_broadcast_reduce_overlap_b32_s256_t3,0,COMMUNICATION_OP,hcom_receive_,hcom_receive__098_21_1,1,9.312866,9.312866,9.312866,16777216
decode-dbo_ep16_broadcast_reduce_overlap_b32_s256_t3,0,COMMUNICATION_OP,hcom_receive_,hcom_receive__098_11_1,1,9.234364,9.234364,9.234364,16777216
decode-dbo_ep16_broadcast_reduce_overlap_b32_s256_t3,0,COMMUNICATION_OP,hcom_receive_,hcom_receive__098_77_1,1,8.855577,8.855577,8.855577,16777216
decode-dbo_ep16_broadcast_reduce_overlap_b32_s256_t3,0,COMMUNICATION_OP,hcom_receive_,hcom_receive__098_35_1,1,8.624652,8.624652,8.624652,16777216
decode-dbo_ep16_broadcast_reduce_overlap_b32_s256_t3,0,COMMUNICATION_OP,hcom_receive_,hcom_receive__098_37_1,1,8.562791,8.562791,8.562791,16777216
decode-dbo_ep16_broadcast_reduce_overlap_b32_s256_t3,0,COMMUNICATION_OP,hcom_receive_,hcom_receive__098_75_1,1,8.280605,8.280605,8.280605,16777216
decode-dbo_ep16_broadcast_reduce_overlap_b32_s256_t3,0,COMMUNICATION_OP,hcom_receive_,hcom_receive__098_47_1,1,8.250764,8.250764,8.250764,16777216
decode-dbo_ep16_broadcast_reduce_overlap_b32_s256_t3,0,COMMUNICATION_OP,hcom_receive_,hcom_receive__098_23_1,1,8.147643,8.147643,8.147643,16777216
decode-dbo_ep16_broadcast_reduce_overlap_b32_s256_t3,0,COMMUNICATION_OP,hcom_receive_,hcom_receive__098_31_1,1,8.099902,8.099902,8.099902,16777216
decode-dbo_ep16_broadcast_reduce_overlap_b32_s256_t3,0,COMMUNICATION_OP,hcom_receive_,hcom_receive__098_95_1,1,8.092442,8.092442,8.092442,16777216
decode-dbo_ep16_broadcast_reduce_overlap_b32_s256_t3,0,COMMUNICATION_OP,hcom_receive_,hcom_receive__098_81_1,1,8.066081,8.066081,8.066081,16777216
decode-dbo_ep16_broadcast_reduce_overlap_b32_s256_t3,0,COMMUNICATION_OP,hcom_receive_,hcom_receive__098_61_1,1,7.98244,7.98244,7.98244,16777216
decode-dbo_ep16_broadcast_reduce_overlap_b32_s256_t3,0,COMMUNICATION_OP,hcom_receive_,hcom_receive__098_33_1,1,7.889878,7.889878,7.889878,16777216
decode-dbo_ep16_broadcast_reduce_overlap_b32_s256_t3,0,COMMUNICATION_OP,hcom_receive_,hcom_receive__098_79_1,1,7.842136,7.842136,7.842136,16777216
decode-dbo_ep16_broadcast_reduce_overlap_b32_s256_t3,0,COMMUNICATION_OP,hcom_receive_,hcom_receive__098_93_1,1,7.815197,7.815197,7.815197,16777216
decode-dbo_ep16_broadcast_reduce_overlap_b32_s256_t3,0,COMMUNICATION_OP,hcom_receive_,hcom_receive__098_73_1,1,7.773115,7.773115,7.773115,16777216
decode-dbo_ep16_broadcast_reduce_overlap_b32_s256_t3,0,COMMUNICATION_OP,hcom_receive_,hcom_receive__098_27_1,1,7.707694,7.707694,7.707694,16777216
decode-dbo_ep16_broadcast_reduce_overlap_b32_s256_t3,0,COMMUNICATION_OP,hcom_receive_,hcom_receive__098_71_1,1,7.628012,7.628012,7.628012,16777216
decode-dbo_ep16_broadcast_reduce_overlap_b32_s256_t3,0,COMMUNICATION_OP,hcom_receive_,hcom_receive__098_87_1,1,7.594892,7.594892,7.594892,16777216
decode-dbo_ep16_broadcast_reduce_overlap_b32_s256_t3,0,COMMUNICATION_OP,hcom_receive_,hcom_receive__098_55_1,1,7.52891,7.52891,7.52891,16777216
decode-dbo_ep16_broadcast_reduce_overlap_b32_s256_t3,0,COMMUNICATION_OP,hcom_receive_,hcom_receive__098_29_1,1,7.390808,7.390808,7.390808,16777216
decode-dbo_ep16_broadcast_reduce_overlap_b32_s256_t3,0,COMMUNICATION_OP,hcom_receive_,hcom_receive__098_89_1,1,7.206204,7.206204,7.206204,16777216
decode-dbo_ep16_broadcast_reduce_overlap_b32_s256_t3,0,COMMUNICATION_OP,hcom_receive_,hcom_receive__098_83_1,1,7.160883,7.160883,7.160883,16777216
decode-dbo_ep16_broadcast_reduce_overlap_b32_s256_t3,0,COMMUNICATION_OP,hcom_receive_,hcom_receive__098_69_1,1,7.090522,7.090522,7.090522,16777216
decode-dbo_ep16_broadcast_reduce_overlap_b32_s256_t3,0,COMMUNICATION_OP,hcom_receive_,hcom_receive__098_19_1,1,7.089281,7.089281,7.089281,16777216
decode-dbo_ep16_broadcast_reduce_overlap_b32_s256_t3,0,COMMUNICATION_OP,hcom_receive_,hcom_receive__098_45_1,1,7.066442,7.066442,7.066442,16777216
decode-dbo_ep16_broadcast_reduce_overlap_b32_s256_t3,0,COMMUNICATION_OP,hcom_receive_,hcom_receive__098_25_1,1,7.036441,7.036441,7.036441,16777216
decode-dbo_ep16_broadcast_reduce_overlap_b32_s256_t3,0,COMMUNICATION_OP,hcom_receive_,hcom_receive__098_67_1,1,6.833457,6.833457,6.833457,16777216
decode-dbo_ep16_broadcast_reduce_overlap_b32_s256_t3,0,COMMUNICATION_OP,hcom_receive_,hcom_receive__098_65_1,1,6.819616,6.819616,6.819616,16777216
decode-dbo_ep16_broadcast_reduce_overlap_b32_s256_t3,0,COMMUNICATION_OP,hcom_allReduce_,hcom_allReduce__612_6_1,1,6.620353,6.620353,6.620353,1
decode-dbo_ep16_broadcast_reduce_overlap_b32_s256_t3,0,COMMUNICATION_OP,hcom_receive_,hcom_receive__098_43_1,1,6.383208,6.383208,6.383208,16777216
decode-dbo_ep16_broadcast_reduce_overlap_b32_s256_t3,0,COMMUNICATION_OP,hcom_receive_,hcom_receive__648_124_1,1,5.041041,5.041041,5.041041,32768
decode-dbo_ep16_broadcast_reduce_overlap_b32_s256_t3,0,COMMUNICATION_OP,hcom_receive_,hcom_receive__648_102_1,1,4.980719,4.980719,4.980719,32768
decode-dbo_ep16_broadcast_reduce_overlap_b32_s256_t3,0,COMMUNICATION_OP,hcom_receive_,hcom_receive__648_148_1,1,4.959039,4.959039,4.959039,32768
decode-dbo_ep16_broadcast_reduce_overlap_b32_s256_t3,0,COMMUNICATION_OP,hcom_receive_,hcom_receive__648_120_1,1,4.869418,4.869418,4.869418,32768
decode-dbo_ep16_broadcast_reduce_overlap_b32_s256_t3,0,COMMUNICATION_OP,hcom_receive_,hcom_receive__648_104_1,1,4.797916,4.797916,4.797916,32768
decode-dbo_ep16_broadcast_reduce_overlap_b32_s256_t3,0,COMMUNICATION_OP,hcom_receive_,hcom_receive__648_52_1,1,4.779715,4.779715,4.779715,32768
decode-dbo_ep16_broadcast_reduce_overlap_b32_s256_t3,0,COMMUNICATION_OP,hcom_receive_,hcom_receive__648_176_1,1,4.779695,4.779695,4.779695,32768
decode-dbo_ep16_broadcast_reduce_overlap_b32_s256_t3,0,COMMUNICATION_OP,hcom_receive_,hcom_receive__648_138_1,1,4.777595,4.777595,4.777595,32768
decode-dbo_ep16_broadcast_reduce_overlap_b32_s256_t3,0,COMMUNICATION_OP,hcom_receive_,hcom_receive__648_178_1,1,4.677853,4.677853,4.677853,32768
decode-dbo_ep16_broadcast_reduce_overlap_b32_s256_t3,0,COMMUNICATION_OP,hcom_receive_,hcom_receive__648_152_1,1,4.51051,4.51051,4.51051,32768
decode-dbo_ep16_broadcast_reduce_overlap_b32_s256_t3,0,COMMUNICATION_OP,hcom_receive_,hcom_receive__648_172_1,1,4.48975,4.48975,4.48975,32768
decode-dbo_ep16_broadcast_reduce_overlap_b32_s256_t3,0,COMMUNICATION_OP,hcom_receive_,hcom_receive__648_160_1,1,4.457069,4.457069,4.457069,32768
decode-dbo_ep16_broadcast_reduce_overlap_b32_s256_t3,0,COMMUNICATION_OP,hcom_receive_,hcom_receive__648_136_1,1,4.412328,4.412328,4.412328,32768
decode-dbo_ep16_broadcast_reduce_overlap_b32_s256_t3,0,COMMUNICATION_OP,hcom_send_,hcom_send__098_0_1,1,4.345767,4.345767,4.345767,16777216
decode-dbo_ep16_broadcast_reduce_overlap_b32_s256_t3,0,COMMUNICATION_OP,hcom_receive_,hcom_receive__648_122_1,1,4.333987,4.333987,4.333987,32768
decode-dbo_ep16_broadcast_reduce_overlap_b32_s256_t3,0,COMMUNICATION_OP,hcom_receive_,hcom_receive__648_118_1,1,4.326726,4.326726,4.326726,32768
decode-dbo_ep16_broadcast_reduce_overlap_b32_s256_t3,0,COMMUNICATION_OP,hcom_receive_,hcom_receive__648_72_1,1,4.301386,4.301386,4.301386,32768
decode-dbo_ep16_broadcast_reduce_overlap_b32_s256_t3,0,COMMUNICATION_OP,hcom_receive_,hcom_receive__648_128_1,1,4.210984,4.210984,4.210984,32768
decode-dbo_ep16_broadcast_reduce_overlap_b32_s256_t3,0,COMMUNICATION_OP,hcom_receive_,hcom_receive__648_184_1,1,4.205384,4.205384,4.205384,32768
decode-dbo_ep16_broadcast_reduce_overlap_b32_s256_t3,0,COMMUNICATION_OP,hcom_broadcast_,hcom_broadcast__612_1_1,1,4.191984,4.191984,4.191984,2
decode-dbo_ep16_broadcast_reduce_overlap_b32_s256_t3,0,COMMUNICATION_OP,hcom_receive_,hcom_receive__648_130_1,1,4.174944,4.174944,4.174944,32768
decode-dbo_ep16_broadcast_reduce_overlap_b32_s256_t3,0,COMMUNICATION_OP,hcom_receive_,hcom_receive__648_54_1,1,4.107302,4.107302,4.107302,32768
decode-dbo_ep16_broadcast_reduce_overlap_b32_s256_t3,0,COMMUNICATION_OP,hcom_receive_,hcom_receive__648_12_1,1,4.100782,4.100782,4.100782,32768
decode-dbo_ep16_broadcast_reduce_overlap_b32_s256_t3,0,COMMUNICATION_OP,hcom_receive_,hcom_receive__648_28_1,1,4.079382,4.079382,4.079382,32768
decode-dbo_ep16_broadcast_reduce_overlap_b32_s256_t3,0,COMMUNICATION_OP,hcom_receive_,hcom_receive__648_88_1,1,4.071442,4.071442,4.071442,32768
decode-dbo_ep16_broadcast_reduce_overlap_b32_s256_t3,0,COMMUNICATION_OP,hcom_receive_,hcom_receive__648_166_1,1,4.060041,4.060041,4.060041,32768
decode-dbo_ep16_broadcast_reduce_overlap_b32_s256_t3,0,COMMUNICATION_OP,hcom_receive_,hcom_receive__648_46_1,1,4.058021,4.058021,4.058021,32768
decode-dbo_ep16_broadcast_reduce_overlap_b32_s256_t3,0,COMMUNICATION_OP,hcom_receive_,hcom_receive__648_144_1,1,4.01466,4.01466,4.01466,32768
decode-dbo_ep16_broadcast_reduce_overlap_b32_s256_t3,0,COMMUNICATION_OP,hcom_receive_,hcom_receive__648_170_1,1,4.01434,4.01434,4.01434,32768
decode-dbo_ep16_broadcast_reduce_overlap_b32_s256_t3,0,COMMUNICATION_OP,hcom_receive_,hcom_receive__648_24_1,1,4.0086,4.0086,4.0086,32768
decode-dbo_ep16_broadcast_reduce_overlap_b32_s256_t3,0,COMMUNICATION_OP,hcom_receive_,hcom_receive__648_48_1,1,3.962719,3.962719,3.962719,32768
decode-dbo_ep16_broadcast_reduce_overlap_b32_s256_t3,0,COMMUNICATION_OP,hcom_receive_,hcom_receive__648_14_1,1,3.915238,3.915238,3.915238,32768
decode-dbo_ep16_broadcast_reduce_overlap_b32_s256_t3,0,COMMUNICATION_OP,hcom_receive_,hcom_receive__648_74_1,1,3.911338,3.911338,3.911338,32768
decode-dbo_ep16_broadcast_reduce_overlap_b32_s256_t3,0,COMMUNICATION_OP,hcom_receive_,hcom_receive__648_112_1,1,3.905938,3.905938,3.905938,32768
decode-dbo_ep16_broadcast_reduce_overlap_b32_s256_t3,0,COMMUNICATION_OP,hcom_receive_,hcom_receive__648_110_1,1,3.904138,3.904138,3.904138,32768
decode-dbo_ep16_broadcast_reduce_overlap_b32_s256_t3,0,COMMUNICATION_OP,hcom_receive_,hcom_receive__648_40_1,1,3.901338,3.901338,3.901338,32768
decode-dbo_ep16_broadcast_reduce_overlap_b32_s256_t3,0,COMMUNICATION_OP,hcom_receive_,hcom_receive__648_106_1,1,3.897118,3.897118,3.897118,32768
decode-dbo_ep16_broadcast_reduce_overlap_b32_s256_t3,0,COMMUNICATION_OP,hcom_receive_,hcom_receive__648_142_1,1,3.877658,3.877658,3.877658,32768
decode-dbo_ep16_broadcast_reduce_overlap_b32_s256_t3,0,COMMUNICATION_OP,hcom_receive_,hcom_receive__648_64_1,1,3.832337,3.832337,3.832337,32768
decode-dbo_ep16_broadcast_reduce_overlap_b32_s256_t3,0,COMMUNICATION_OP,hcom_receive_,hcom_receive__648_154_1,1,3.777956,3.777956,3.777956,32768
decode-dbo_ep16_broadcast_reduce_overlap_b32_s256_t3,0,COMMUNICATION_OP,hcom_receive_,hcom_receive__648_168_1,1,3.771075,3.771075,3.771075,32768
decode-dbo_ep16_broadcast_reduce_overlap_b32_s256_t3,0,COMMUNICATION_OP,hcom_allReduce_,hcom_allReduce__612_2_1,1,3.756635,3.756635,3.756635,1
decode-dbo_ep16_broadcast_reduce_overlap_b32_s256_t3,0,COMMUNICATION_OP,hcom_receive_,hcom_receive__648_86_1,1,3.756515,3.756515,3.756515,32768
decode-dbo_ep16_broadcast_reduce_overlap_b32_s256_t3,0,COMMUNICATION_OP,hcom_receive_,hcom_receive__648_186_1,1,3.740554,3.740554,3.740554,32768
decode-dbo_ep16_broadcast_reduce_overlap_b32_s256_t3,0,COMMUNICATION_OP,hcom_receive_,hcom_receive__098_1_1,1,3.666373,3.666373,3.666373,16777216
decode-dbo_ep16_broadcast_reduce_overlap_b32_s256_t3,0,COMMUNICATION_OP,hcom_receive_,hcom_receive__648_162_1,1,3.652433,3.652433,3.652433,32768
decode-dbo_ep16_broadcast_reduce_overlap_b32_s256_t3,0,COMMUNICATION_OP,hcom_receive_,hcom_receive__648_108_1,1,3.641293,3.641293,3.641293,32768
decode-dbo_ep16_broadcast_reduce_overlap_b32_s256_t3,0,COMMUNICATION_OP,hcom_receive_,hcom_receive__648_132_1,1,3.639693,3.639693,3.639693,32768
decode-dbo_ep16_broadcast_reduce_overlap_b32_s256_t3,0,COMMUNICATION_OP,hcom_receive_,hcom_receive__648_194_1,1,3.612732,3.612732,3.612732,32768
decode-dbo_ep16_broadcast_reduce_overlap_b32_s256_t3,0,COMMUNICATION_OP,hcom_receive_,hcom_receive__648_100_1,1,3.602432,3.602432,3.602432,32768
decode-dbo_ep16_broadcast_reduce_overlap_b32_s256_t3,0,COMMUNICATION_OP,hcom_receive_,hcom_receive__648_50_1,1,3.579811,3.579811,3.579811,32768
decode-dbo_ep16_broadcast_reduce_overlap_b32_s256_t3,0,COMMUNICATION_OP,hcom_receive_,hcom_receive__648_76_1,1,3.575691,3.575691,3.575691,32768
decode-dbo_ep16_broadcast_reduce_overlap_b32_s256_t3,0,COMMUNICATION_OP,hcom_receive_,hcom_receive__648_188_1,1,3.542851,3.542851,3.542851,32768
decode-dbo_ep16_broadcast_reduce_overlap_b32_s256_t3,0,COMMUNICATION_OP,hcom_receive_,hcom_receive__648_66_1,1,3.537351,3.537351,3.537351,32768
decode-dbo_ep16_broadcast_reduce_overlap_b32_s256_t3,0,COMMUNICATION_OP,hcom_receive_,hcom_receive__648_7_1,1,3.51141,3.51141,3.51141,32768
decode-dbo_ep16_broadcast_reduce_overlap_b32_s256_t3,0,COMMUNICATION_OP,hcom_receive_,hcom_receive__648_190_1,1,3.49985,3.49985,3.49985,32768
decode-dbo_ep16_broadcast_reduce_overlap_b32_s256_t3,0,COMMUNICATION_OP,hcom_receive_,hcom_receive__648_180_1,1,3.49755,3.49755,3.49755,32768
decode-dbo_ep16_broadcast_reduce_overlap_b32_s256_t3,0,COMMUNICATION_OP,hcom_receive_,hcom_receive__648_94_1,1,3.459089,3.459089,3.459089,32768
decode-dbo_ep16_broadcast_reduce_overlap_b32_s256_t3,0,COMMUNICATION_OP,hcom_receive_,hcom_receive__648_70_1,1,3.454009,3.454009,3.454009,32768
decode-dbo_ep16_broadcast_reduce_overlap_b32_s256_t3,0,COMMUNICATION_OP,hcom_receive_,hcom_receive__648_82_1,1,3.428528,3.428528,3.428528,32768
decode-dbo_ep16_broadcast_reduce_overlap_b32_s256_t3,0,COMMUNICATION_OP,hcom_receive_,hcom_receive__648_56_1,1,3.402168,3.402168,3.402168,32768
decode-dbo_ep16_broadcast_reduce_overlap_b32_s256_t3,0,COMMUNICATION_OP,hcom_receive_,hcom_receive__648_80_1,1,3.353407,3.353407,3.353407,32768
decode-dbo_ep16_broadcast_reduce_overlap_b32_s256_t3,0,COMMUNICATION_OP,hcom_receive_,hcom_receive__648_60_1,1,3.339827,3.339827,3.339827,32768
decode-dbo_ep16_broadcast_reduce_overlap_b32_s256_t3,0,COMMUNICATION_OP,hcom_receive_,hcom_receive__648_26_1,1,3.336247,3.336247,3.336247,32768
decode-dbo_ep16_broadcast_reduce_overlap_b32_s256_t3,0,COMMUNICATION_OP,hcom_receive_,hcom_receive__648_196_1,1,3.314146,3.314146,3.314146,32768
decode-dbo_ep16_broadcast_reduce_overlap_b32_s256_t3,0,COMMUNICATION_OP,hcom_receive_,hcom_receive__648_92_1,1,3.279986,3.279986,3.279986,32768
decode-dbo_ep16_broadcast_reduce_overlap_b32_s256_t3,0,COMMUNICATION_OP,hcom_receive_,hcom_receive__648_36_1,1,3.248065,3.248065,3.248065,32768
decode-dbo_ep16_broadcast_reduce_overlap_b32_s256_t3,0,COMMUNICATION_OP,hcom_receive_,hcom_receive__648_150_1,1,3.241165,3.241165,3.241165,32768
decode-dbo_ep16_broadcast_reduce_overlap_b32_s256_t3,0,COMMUNICATION_OP,hcom_receive_,hcom_receive__648_140_1,1,3.195844,3.195844,3.195844,32768
decode-dbo_ep16_broadcast_reduce_overlap_b32_s256_t3,0,COMMUNICATION_OP,hcom_receive_,hcom_receive__648_146_1,1,3.177243,3.177243,3.177243,32768
decode-dbo_ep16_broadcast_reduce_overlap_b32_s256_t3,0,COMMUNICATION_OP,hcom_receive_,hcom_receive__648_20_1,1,3.173024,3.173024,3.173024,32768
decode-dbo_ep16_broadcast_reduce_overlap_b32_s256_t3,0,COMMUNICATION_OP,hcom_receive_,hcom_receive__648_32_1,1,3.144583,3.144583,3.144583,32768
decode-dbo_ep16_broadcast_reduce_overlap_b32_s256_t3,0,COMMUNICATION_OP,hcom_receive_,hcom_receive__648_164_1,1,3.138743,3.138743,3.138743,32768
decode-dbo_ep16_broadcast_reduce_overlap_b32_s256_t3,0,COMMUNICATION_OP,hcom_receive_,hcom_receive__648_22_1,1,3.00036,3.00036,3.00036,32768
decode-dbo_ep16_broadcast_reduce_overlap_b32_s256_t3,0,COMMUNICATION_OP,hcom_receive_,hcom_receive__648_126_1,1,2.97946,2.97946,2.97946,32768
decode-dbo_ep16_broadcast_reduce_overlap_b32_s256_t3,0,COMMUNICATION_OP,hcom_send_,hcom_send__714_8_1,1,2.947819,2.947819,2.947819,32768
decode-dbo_ep16_broadcast_reduce_overlap_b32_s256_t3,0,COMMUNICATION_OP,hcom_receive_,hcom_receive__648_116_1,1,2.891778,2.891778,2.891778,32768
decode-dbo_ep16_broadcast_reduce_overlap_b32_s256_t3,0,COMMUNICATION_OP,hcom_receive_,hcom_receive__648_174_1,1,2.890018,2.890018,2.890018,32768
decode-dbo_ep16_broadcast_reduce_overlap_b32_s256_t3,0,COMMUNICATION_OP,hcom_receive_,hcom_receive__648_158_1,1,2.883178,2.883178,2.883178,32768
decode-dbo_ep16_broadcast_reduce_overlap_b32_s256_t3,0,COMMUNICATION_OP,hcom_send_,hcom_send__714_0_1,1,2.867737,2.867737,2.867737,512
decode-dbo_ep16_broadcast_reduce_overlap_b32_s256_t3,0,COMMUNICATION_OP,hcom_receive_,hcom_receive__648_134_1,1,2.845036,2.845036,2.845036,32768
decode-dbo_ep16_broadcast_reduce_overlap_b32_s256_t3,0,COMMUNICATION_OP,hcom_receive_,hcom_receive__648_10_1,1,2.818657,2.818657,2.818657,32768
decode-dbo_ep16_broadcast_reduce_overlap_b32_s256_t3,0,COMMUNICATION_OP,hcom_receive_,hcom_receive__648_182_1,1,2.791075,2.791075,2.791075,32768
decode-dbo_ep16_broadcast_reduce_overlap_b32_s256_t3,0,COMMUNICATION_OP,hcom_receive_,hcom_receive__648_192_1,1,2.693973,2.693973,2.693973,32768
decode-dbo_ep16_broadcast_reduce_overlap_b32_s256_t3,0,COMMUNICATION_OP,hcom_receive_,hcom_receive__648_78_1,1,2.547911,2.547911,2.547911,32768
decode-dbo_ep16_broadcast_reduce_overlap_b32_s256_t3,0,COMMUNICATION_OP,hcom_receive_,hcom_receive__648_42_1,1,2.50411,2.50411,2.50411,32768
decode-dbo_ep16_broadcast_reduce_overlap_b32_s256_t3,0,COMMUNICATION_OP,hcom_receive_,hcom_receive__648_96_1,1,2.469829,2.469829,2.469829,32768
decode-dbo_ep16_broadcast_reduce_overlap_b32_s256_t3,0,COMMUNICATION_OP,hcom_receive_,hcom_receive__648_84_1,1,2.467009,2.467009,2.467009,32768
decode-dbo_ep16_broadcast_reduce_overlap_b32_s256_t3,0,COMMUNICATION_OP,hcom_receive_,hcom_receive__648_9_1,1,2.364647,2.364647,2.364647,32768
decode-dbo_ep16_broadcast_reduce_overlap_b32_s256_t3,0,COMMUNICATION_OP,hcom_receive_,hcom_receive__648_19_1,1,2.364427,2.364427,2.364427,32768
decode-dbo_ep16_broadcast_reduce_overlap_b32_s256_t3,0,COMMUNICATION_OP,hcom_receive_,hcom_receive__648_44_1,1,2.352707,2.352707,2.352707,32768
decode-dbo_ep16_broadcast_reduce_overlap_b32_s256_t3,0,COMMUNICATION_OP,hcom_receive_,hcom_receive__648_68_1,1,2.306206,2.306206,2.306206,32768
decode-dbo_ep16_broadcast_reduce_overlap_b32_s256_t3,0,COMMUNICATION_OP,hcom_receive_,hcom_receive__648_30_1,1,2.244145,2.244145,2.244145,32768
decode-dbo_ep16_broadcast_reduce_overlap_b32_s256_t3,0,COMMUNICATION_OP,hcom_receive_,hcom_receive__648_99_1,1,2.234745,2.234745,2.234745,32768
decode-dbo_ep16_broadcast_reduce_overlap_b32_s256_t3,0,COMMUNICATION_OP,hcom_receive_,hcom_receive__648_8_1,1,2.223745,2.223745,2.223745,32768
decode-dbo_ep16_broadcast_reduce_overlap_b32_s256_t3,0,COMMUNICATION_OP,hcom_receive_,hcom_receive__648_11_1,1,2.091441,2.091441,2.091441,32768
decode-dbo_ep16_broadcast_reduce_overlap_b32_s256_t3,0,COMMUNICATION_OP,hcom_receive_,hcom_receive__648_63_1,1,2.042561,2.042561,2.042561,32768
decode-dbo_ep16_broadcast_reduce_overlap_b32_s256_t3,0,COMMUNICATION_OP,hcom_receive_,hcom_receive__648_17_1,1,2.036861,2.036861,2.036861,32768
decode-dbo_ep16_broadcast_reduce_overlap_b32_s256_t3,0,COMMUNICATION_OP,hcom_receive_,hcom_receive__648_23_1,1,2.008841,2.008841,2.008841,32768
decode-dbo_ep16_broadcast_reduce_overlap_b32_s256_t3,0,COMMUNICATION_OP,hcom_receive_,hcom_receive__648_98_1,1,2.0078,2.0078,2.0078,32768
decode-dbo_ep16_broadcast_reduce_overlap_b32_s256_t3,0,COMMUNICATION_OP,hcom_receive_,hcom_receive__648_115_1,1,1.979439,1.979439,1.979439,32768
decode-dbo_ep16_broadcast_reduce_overlap_b32_s256_t3,0,COMMUNICATION_OP,hcom_receive_,hcom_receive__648_114_1,1,1.97108,1.97108,1.97108,32768
decode-dbo_ep16_broadcast_reduce_overlap_b32_s256_t3,0,COMMUNICATION_OP,hcom_send_,hcom_send__714_10_1,1,1.916719,1.916719,1.916719,32768
decode-dbo_ep16_broadcast_reduce_overlap_b32_s256_t3,0,COMMUNICATION_OP,hcom_receive_,hcom_receive__648_107_1,1,1.909238,1.909238,1.909238,32768
decode-dbo_ep16_broadcast_reduce_overlap_b32_s256_t3,0,COMMUNICATION_OP,hcom_send_,hcom_send__714_20_1,1,1.906018,1.906018,1.906018,32768
decode-dbo_ep16_broadcast_reduce_overlap_b32_s256_t3,0,COMMUNICATION_OP,hcom_receive_,hcom_receive__714_1_1,1,1.896958,1.896958,1.896958,512
decode-dbo_ep16_broadcast_reduce_overlap_b32_s256_t3,0,COMMUNICATION_OP,hcom_receive_,hcom_receive__648_156_1,1,1.878498,1.878498,1.878498,32768
decode-dbo_ep16_broadcast_reduce_overlap_b32_s256_t3,0,COMMUNICATION_OP,hcom_send_,hcom_send__098_2_1,1,1.837897,1.837897,1.837897,16777216
decode-dbo_ep16_broadcast_reduce_overlap_b32_s256_t3,0,COMMUNICATION_OP,hcom_receive_,hcom_receive__648_90_1,1,1.821576,1.821576,1.821576,32768
decode-dbo_ep16_broadcast_reduce_overlap_b32_s256_t3,0,COMMUNICATION_OP,hcom_receive_,hcom_receive__648_18_1,1,1.816477,1.816477,1.816477,32768
decode-dbo_ep16_broadcast_reduce_overlap_b32_s256_t3,0,COMMUNICATION_OP,hcom_receive_,hcom_receive__648_59_1,1,1.807596,1.807596,1.807596,32768
decode-dbo_ep16_broadcast_reduce_overlap_b32_s256_t3,0,COMMUNICATION_OP,hcom_receive_,hcom_receive__648_39_1,1,1.794896,1.794896,1.794896,32768
decode-dbo_ep16_broadcast_reduce_overlap_b32_s256_t3,0,COMMUNICATION_OP,hcom_receive_,hcom_receive__648_38_1,1,1.786896,1.786896,1.786896,32768
decode-dbo_ep16_broadcast_reduce_overlap_b32_s256_t3,0,COMMUNICATION_OP,hcom_send_,hcom_send__714_100_1,1,1.782316,1.782316,1.782316,32768
decode-dbo_ep16_broadcast_reduce_overlap_b32_s256_t3,0,COMMUNICATION_OP,hcom_receive_,hcom_receive__648_35_1,1,1.761015,1.761015,1.761015,32768
decode-dbo_ep16_broadcast_reduce_overlap_b32_s256_t3,0,COMMUNICATION_OP,hcom_receive_,hcom_receive__648_91_1,1,1.719875,1.719875,1.719875,32768
decode-dbo_ep16_broadcast_reduce_overlap_b32_s256_t3,0,COMMUNICATION_OP,hcom_send_,hcom_send__714_12_1,1,1.645893,1.645893,1.645893,32768
decode-dbo_ep16_broadcast_reduce_overlap_b32_s256_t3,0,COMMUNICATION_OP,hcom_send_,hcom_send__714_18_1,1,1.595312,1.595312,1.595312,32768
decode-dbo_ep16_broadcast_reduce_overlap_b32_s256_t3,0,COMMUNICATION_OP,hcom_send_,hcom_send__714_64_1,1,1.575891,1.575891,1.575891,32768
decode-dbo_ep16_broadcast_reduce_overlap_b32_s256_t3,0,COMMUNICATION_OP,hcom_receive_,hcom_receive__648_16_1,1,1.575532,1.575532,1.575532,32768
decode-dbo_ep16_broadcast_reduce_overlap_b32_s256_t3,0,COMMUNICATION_OP,hcom_send_,hcom_send__714_24_1,1,1.573971,1.573971,1.573971,32768
decode-dbo_ep16_broadcast_reduce_overlap_b32_s256_t3,0,COMMUNICATION_OP,hcom_allReduce_,hcom_allReduce__612_4_1,1,1.53341,1.53341,1.53341,1
decode-dbo_ep16_broadcast_reduce_overlap_b32_s256_t3,0,COMMUNICATION_OP,hcom_receive_,hcom_receive__648_21_1,1,1.53183,1.53183,1.53183,32768
decode-dbo_ep16_broadcast_reduce_overlap_b32_s256_t3,0,COMMUNICATION_OP,hcom_receive_,hcom_receive__648_58_1,1,1.51195,1.51195,1.51195,32768
decode-dbo_ep16_broadcast_reduce_overlap_b32_s256_t3,0,COMMUNICATION_OP,hcom_send_,hcom_send__098_10_1,1,1.506751,1.506751,1.506751,16777216
decode-dbo_ep16_broadcast_reduce_overlap_b32_s256_t3,0,COMMUNICATION_OP,hcom_send_,hcom_send__098_62_1,1,1.50569,1.50569,1.50569,16777216
decode-dbo_ep16_broadcast_reduce_overlap_b32_s256_t3,0,COMMUNICATION_OP,hcom_send_,hcom_send__098_70_1,1,1.50563,1.50563,1.50563,16777216
decode-dbo_ep16_broadcast_reduce_overlap_b32_s256_t3,0,COMMUNICATION_OP,hcom_send_,hcom_send__098_30_1,1,1.50527,1.50527,1.50527,16777216
decode-dbo_ep16_broadcast_reduce_overlap_b32_s256_t3,0,COMMUNICATION_OP,hcom_send_,hcom_send__098_34_1,1,1.504991,1.504991,1.504991,16777216
decode-dbo_ep16_broadcast_reduce_overlap_b32_s256_t3,0,COMMUNICATION_OP,hcom_send_,hcom_send__098_6_1,1,1.50491,1.50491,1.50491,16777216
decode-dbo_ep16_broadcast_reduce_overlap_b32_s256_t3,0,COMMUNICATION_OP,hcom_send_,hcom_send__098_50_1,1,1.50483,1.50483,1.50483,16777216
decode-dbo_ep16_broadcast_reduce_overlap_b32_s256_t3,0,COMMUNICATION_OP,hcom_send_,hcom_send__098_58_1,1,1.50477,1.50477,1.50477,16777216
decode-dbo_ep16_broadcast_reduce_overlap_b32_s256_t3,0,COMMUNICATION_OP,hcom_send_,hcom_send__098_46_1,1,1.50459,1.50459,1.50459,16777216
decode-dbo_ep16_broadcast_reduce_overlap_b32_s256_t3,0,COMMUNICATION_OP,hcom_send_,hcom_send__098_26_1,1,1.50457,1.50457,1.50457,16777216
decode-dbo_ep16_broadcast_reduce_overlap_b32_s256_t3,0,COMMUNICATION_OP,hcom_send_,hcom_send__098_42_1,1,1.50455,1.50455,1.50455,16777216
decode-dbo_ep16_broadcast_reduce_overlap_b32_s256_t3,0,COMMUNICATION_OP,hcom_send_,hcom_send__098_74_1,1,1.50443,1.50443,1.50443,16777216
decode-dbo_ep16_broadcast_reduce_overlap_b32_s256_t3,0,COMMUNICATION_OP,hcom_send_,hcom_send__098_78_1,1,1.50425,1.50425,1.50425,16777216
decode-dbo_ep16_broadcast_reduce_overlap_b32_s256_t3,0,COMMUNICATION_OP,hcom_send_,hcom_send__098_38_1,1,1.50413,1.50413,1.50413,16777216
decode-dbo_ep16_broadcast_reduce_overlap_b32_s256_t3,0,COMMUNICATION_OP,hcom_send_,hcom_send__098_22_1,1,1.50413,1.50413,1.50413,16777216
decode-dbo_ep16_broadcast_reduce_overlap_b32_s256_t3,0,COMMUNICATION_OP,hcom_send_,hcom_send__098_14_1,1,1.50407,1.50407,1.50407,16777216
decode-dbo_ep16_broadcast_reduce_overlap_b32_s256_t3,0,COMMUNICATION_OP,hcom_send_,hcom_send__098_66_1,1,1.50403,1.50403,1.50403,16777216
decode-dbo_ep16_broadcast_reduce_overlap_b32_s256_t3,0,COMMUNICATION_OP,hcom_send_,hcom_send__098_18_1,1,1.50393,1.50393,1.50393,16777216
decode-dbo_ep16_broadcast_reduce_overlap_b32_s256_t3,0,COMMUNICATION_OP,hcom_send_,hcom_send__098_54_1,1,1.50385,1.50385,1.50385,16777216
decode-dbo_ep16_broadcast_reduce_overlap_b32_s256_t3,0,COMMUNICATION_OP,hcom_send_,hcom_send__098_24_1,1,1.50385,1.50385,1.50385,16777216
decode-dbo_ep16_broadcast_reduce_overlap_b32_s256_t3,0,COMMUNICATION_OP,hcom_send_,hcom_send__098_28_1,1,1.50369,1.50369,1.50369,16777216
decode-dbo_ep16_broadcast_reduce_overlap_b32_s256_t3,0,COMMUNICATION_OP,hcom_send_,hcom_send__098_68_1,1,1.50351,1.50351,1.50351,16777216
decode-dbo_ep16_broadcast_reduce_overlap_b32_s256_t3,0,COMMUNICATION_OP,hcom_send_,hcom_send__098_84_1,1,1.50347,1.50347,1.50347,16777216
decode-dbo_ep16_broadcast_reduce_overlap_b32_s256_t3,0,COMMUNICATION_OP,hcom_send_,hcom_send__098_76_1,1,1.50345,1.50345,1.50345,16777216
decode-dbo_ep16_broadcast_reduce_overlap_b32_s256_t3,0,COMMUNICATION_OP,hcom_send_,hcom_send__098_12_1,1,1.50343,1.50343,1.50343,16777216
decode-dbo_ep16_broadcast_reduce_overlap_b32_s256_t3,0,COMMUNICATION_OP,hcom_send_,hcom_send__098_48_1,1,1.50341,1.50341,1.50341,16777216
decode-dbo_ep16_broadcast_reduce_overlap_b32_s256_t3,0,COMMUNICATION_OP,hcom_send_,hcom_send__098_86_1,1,1.50337,1.50337,1.50337,16777216
decode-dbo_ep16_broadcast_reduce_overlap_b32_s256_t3,0,COMMUNICATION_OP,hcom_send_,hcom_send__098_92_1,1,1.50337,1.50337,1.50337,16777216
decode-dbo_ep16_broadcast_reduce_overlap_b32_s256_t3,0,COMMUNICATION_OP,hcom_send_,hcom_send__098_82_1,1,1.50327,1.50327,1.50327,16777216
decode-dbo_ep16_broadcast_reduce_overlap_b32_s256_t3,0,COMMUNICATION_OP,hcom_send_,hcom_send__098_8_1,1,1.50325,1.50325,1.50325,16777216
decode-dbo_ep16_broadcast_reduce_overlap_b32_s256_t3,0,COMMUNICATION_OP,hcom_send_,hcom_send__098_94_1,1,1.50321,1.50321,1.50321,16777216
decode-dbo_ep16_broadcast_reduce_overlap_b32_s256_t3,0,COMMUNICATION_OP,hcom_send_,hcom_send__098_16_1,1,1.50307,1.50307,1.50307,16777216
decode-dbo_ep16_broadcast_reduce_overlap_b32_s256_t3,0,COMMUNICATION_OP,hcom_send_,hcom_send__098_72_1,1,1.50303,1.50303,1.50303,16777216
decode-dbo_ep16_broadcast_reduce_overlap_b32_s256_t3,0,COMMUNICATION_OP,hcom_send_,hcom_send__098_4_1,1,1.50277,1.50277,1.50277,16777216
decode-dbo_ep16_broadcast_reduce_overlap_b32_s256_t3,0,COMMUNICATION_OP,hcom_send_,hcom_send__098_20_1,1,1.50275,1.50275,1.50275,16777216
decode-dbo_ep16_broadcast_reduce_overlap_b32_s256_t3,0,COMMUNICATION_OP,hcom_send_,hcom_send__098_80_1,1,1.502711,1.502711,1.502711,16777216
decode-dbo_ep16_broadcast_reduce_overlap_b32_s256_t3,0,COMMUNICATION_OP,hcom_send_,hcom_send__098_40_1,1,1.50271,1.50271,1.50271,16777216
decode-dbo_ep16_broadcast_reduce_overlap_b32_s256_t3,0,COMMUNICATION_OP,hcom_send_,hcom_send__098_90_1,1,1.50269,1.50269,1.50269,16777216
decode-dbo_ep16_broadcast_reduce_overlap_b32_s256_t3,0,COMMUNICATION_OP,hcom_allReduce_,hcom_allReduce__612_5_1,1,1.50265,1.50265,1.50265,1
decode-dbo_ep16_broadcast_reduce_overlap_b32_s256_t3,0,COMMUNICATION_OP,hcom_send_,hcom_send__098_60_1,1,1.50261,1.50261,1.50261,16777216
decode-dbo_ep16_broadcast_reduce_overlap_b32_s256_t3,0,COMMUNICATION_OP,hcom_send_,hcom_send__098_52_1,1,1.50259,1.50259,1.50259,16777216
decode-dbo_ep16_broadcast_reduce_overlap_b32_s256_t3,0,COMMUNICATION_OP,hcom_send_,hcom_send__098_64_1,1,1.50253,1.50253,1.50253,16777216
decode-dbo_ep16_broadcast_reduce_overlap_b32_s256_t3,0,COMMUNICATION_OP,hcom_send_,hcom_send__098_88_1,1,1.50251,1.50251,1.50251,16777216
decode-dbo_ep16_broadcast_reduce_overlap_b32_s256_t3,0,COMMUNICATION_OP,hcom_send_,hcom_send__098_36_1,1,1.50237,1.50237,1.50237,16777216
decode-dbo_ep16_broadcast_reduce_overlap_b32_s256_t3,0,COMMUNICATION_OP,hcom_send_,hcom_send__098_56_1,1,1.50225,1.50225,1.50225,16777216
decode-dbo_ep16_broadcast_reduce_overlap_b32_s256_t3,0,COMMUNICATION_OP,hcom_send_,hcom_send__098_44_1,1,1.50213,1.50213,1.50213,16777216
decode-dbo_ep16_broadcast_reduce_overlap_b32_s256_t3,0,COMMUNICATION_OP,hcom_send_,hcom_send__098_32_1,1,1.50197,1.50197,1.50197,16777216
decode-dbo_ep16_broadcast_reduce_overlap_b32_s256_t3,0,COMMUNICATION_OP,hcom_receive_,hcom_receive__648_1_1,1,1.457669,1.457669,1.457669,512
decode-dbo_ep16_broadcast_reduce_overlap_b32_s256_t3,0,COMMUNICATION_OP,hcom_receive_,hcom_receive__648_34_1,1,1.457209,1.457209,1.457209,32768
decode-dbo_ep16_broadcast_reduce_overlap_b32_s256_t3,0,COMMUNICATION_OP,hcom_allReduce_,hcom_allReduce__612_3_1,1,1.419529,1.419529,1.419529,1
decode-dbo_ep16_broadcast_reduce_overlap_b32_s256_t3,0,COMMUNICATION_OP,hcom_receive_,hcom_receive__648_165_1,1,1.413148,1.413148,1.413148,32768
decode-dbo_ep16_broadcast_reduce_overlap_b32_s256_t3,0,COMMUNICATION_OP,hcom_receive_,hcom_receive__648_33_1,1,1.409108,1.409108,1.409108,32768
decode-dbo_ep16_broadcast_reduce_overlap_b32_s256_t3,0,COMMUNICATION_OP,hcom_receive_,hcom_receive__648_195_1,1,1.364228,1.364228,1.364228,32768
decode-dbo_ep16_broadcast_reduce_overlap_b32_s256_t3,0,COMMUNICATION_OP,hcom_send_,hcom_send__714_60_1,1,1.358427,1.358427,1.358427,32768
decode-dbo_ep16_broadcast_reduce_overlap_b32_s256_t3,0,COMMUNICATION_OP,hcom_send_,hcom_send__714_40_1,1,1.347807,1.347807,1.347807,32768
decode-dbo_ep16_broadcast_reduce_overlap_b32_s256_t3,0,COMMUNICATION_OP,hcom_send_,hcom_send__714_36_1,1,1.323526,1.323526,1.323526,32768
decode-dbo_ep16_broadcast_reduce_overlap_b32_s256_t3,0,COMMUNICATION_OP,hcom_receive_,hcom_receive__648_25_1,1,1.308026,1.308026,1.308026,32768
decode-dbo_ep16_broadcast_reduce_overlap_b32_s256_t3,0,COMMUNICATION_OP,hcom_receive_,hcom_receive__648_157_1,1,1.294186,1.294186,1.294186,32768
decode-dbo_ep16_broadcast_reduce_overlap_b32_s256_t3,0,COMMUNICATION_OP,hcom_receive_,hcom_receive__648_62_1,1,1.291146,1.291146,1.291146,32768
decode-dbo_ep16_broadcast_reduce_overlap_b32_s256_t3,0,COMMUNICATION_OP,hcom_send_,hcom_send__714_92_1,1,1.272985,1.272985,1.272985,32768
decode-dbo_ep16_broadcast_reduce_overlap_b32_s256_t3,0,COMMUNICATION_OP,hcom_receive_,hcom_receive__648_127_1,1,1.245265,1.245265,1.245265,32768
decode-dbo_ep16_broadcast_reduce_overlap_b32_s256_t3,0,COMMUNICATION_OP,hcom_receive_,hcom_receive__648_69_1,1,1.236065,1.236065,1.236065,32768
decode-dbo_ep16_broadcast_reduce_overlap_b32_s256_t3,0,COMMUNICATION_OP,hcom_receive_,hcom_receive__648_197_1,1,1.173383,1.173383,1.173383,32768
decode-dbo_ep16_broadcast_reduce_overlap_b32_s256_t3,0,COMMUNICATION_OP,hcom_receive_,hcom_receive__648_31_1,1,1.141282,1.141282,1.141282,32768
decode-dbo_ep16_broadcast_reduce_overlap_b32_s256_t3,0,COMMUNICATION_OP,hcom_receive_,hcom_receive__648_189_1,1,1.129082,1.129082,1.129082,32768
decode-dbo_ep16_broadcast_reduce_overlap_b32_s256_t3,0,COMMUNICATION_OP,hcom_receive_,hcom_receive__648_43_1,1,1.099702,1.099702,1.099702,32768
decode-dbo_ep16_broadcast_reduce_overlap_b32_s256_t3,0,COMMUNICATION_OP,hcom_receive_,hcom_receive__648_93_1,1,1.095661,1.095661,1.095661,32768
decode-dbo_ep16_broadcast_reduce_overlap_b32_s256_t3,0,COMMUNICATION_OP,hcom_receive_,hcom_receive__648_117_1,1,1.080881,1.080881,1.080881,32768
decode-dbo_ep16_broadcast_reduce_overlap_b32_s256_t3,0,COMMUNICATION_OP,hcom_send_,hcom_send__714_22_1,1,1.032401,1.032401,1.032401,32768
decode-dbo_ep16_broadcast_reduce_overlap_b32_s256_t3,0,COMMUNICATION_OP,hcom_receive_,hcom_receive__648_45_1,1,0.9973,0.9973,0.9973,32768
decode-dbo_ep16_broadcast_reduce_overlap_b32_s256_t3,0,COMMUNICATION_OP,hcom_receive_,hcom_receive__648_85_1,1,0.9751,0.9751,0.9751,32768
decode-dbo_ep16_broadcast_reduce_overlap_b32_s256_t3,0,COMMUNICATION_OP,hcom_send_,hcom_send__714_34_1,1,0.9617,0.9617,0.9617,32768
decode-dbo_ep16_broadcast_reduce_overlap_b32_s256_t3,0,COMMUNICATION_OP,hcom_send_,hcom_send__714_116_1,1,0.952579,0.952579,0.952579,32768
decode-dbo_ep16_broadcast_reduce_overlap_b32_s256_t3,0,COMMUNICATION_OP,hcom_receive_,hcom_receive__648_97_1,1,0.892098,0.892098,0.892098,32768
decode-dbo_ep16_broadcast_reduce_overlap_b32_s256_t3,0,COMMUNICATION_OP,hcom_send_,hcom_send__714_108_1,1,0.884178,0.884178,0.884178,32768
decode-dbo_ep16_broadcast_reduce_overlap_b32_s256_t3,0,COMMUNICATION_OP,hcom_receive_,hcom_receive__648_47_1,1,0.867997,0.867997,0.867997,32768
decode-dbo_ep16_broadcast_reduce_overlap_b32_s256_t3,0,COMMUNICATION_OP,hcom_send_,hcom_send__714_26_1,1,0.857818,0.857818,0.857818,32768
decode-dbo_ep16_broadcast_reduce_overlap_b32_s256_t3,0,COMMUNICATION_OP,hcom_receive_,hcom_receive__648_163_1,1,0.828557,0.828557,0.828557,32768
decode-dbo_ep16_broadcast_reduce_overlap_b32_s256_t3,0,COMMUNICATION_OP,hcom_receive_,hcom_receive__648_181_1,1,0.820096,0.820096,0.820096,32768
decode-dbo_ep16_broadcast_reduce_overlap_b32_s256_t3,0,COMMUNICATION_OP,hcom_receive_,hcom_receive__648_57_1,1,0.815977,0.815977,0.815977,32768
decode-dbo_ep16_broadcast_reduce_overlap_b32_s256_t3,0,COMMUNICATION_OP,hcom_receive_,hcom_receive__648_79_1,1,0.804956,0.804956,0.804956,32768
decode-dbo_ep16_broadcast_reduce_overlap_b32_s256_t3,0,COMMUNICATION_OP,hcom_send_,hcom_send__714_70_1,1,0.783376,0.783376,0.783376,32768
decode-dbo_ep16_broadcast_reduce_overlap_b32_s256_t3,0,COMMUNICATION_OP,hcom_receive_,hcom_receive__648_67_1,1,0.746495,0.746495,0.746495,32768
decode-dbo_ep16_broadcast_reduce_overlap_b32_s256_t3,0,COMMUNICATION_OP,hcom_send_,hcom_send__714_32_1,1,0.682234,0.682234,0.682234,32768
decode-dbo_ep16_broadcast_reduce_overlap_b32_s256_t3,0,COMMUNICATION_OP,hcom_send_,hcom_send__714_44_1,1,0.665674,0.665674,0.665674,32768
decode-dbo_ep16_broadcast_reduce_overlap_b32_s256_t3,0,COMMUNICATION_OP,hcom_send_,hcom_send__714_94_1,1,0.656853,0.656853,0.656853,32768
decode-dbo_ep16_broadcast_reduce_overlap_b32_s256_t3,0,COMMUNICATION_OP,hcom_receive_,hcom_receive__648_71_1,1,0.651473,0.651473,0.651473,32768
decode-dbo_ep16_broadcast_reduce_overlap_b32_s256_t3,0,COMMUNICATION_OP,hcom_receive_,hcom_receive__648_183_1,1,0.645813,0.645813,0.645813,32768
decode-dbo_ep16_broadcast_reduce_overlap_b32_s256_t3,0,COMMUNICATION_OP,hcom_receive_,hcom_receive__648_151_1,1,0.631892,0.631892,0.631892,32768
decode-dbo_ep16_broadcast_reduce_overlap_b32_s256_t3,0,COMMUNICATION_OP,hcom_send_,hcom_send__648_0_1,1,0.567912,0.567912,0.567912,512
decode-dbo_ep16_broadcast_reduce_overlap_b32_s256_t3,0,COMMUNICATION_OP,hcom_receive_,hcom_receive__648_87_1,1,0.550571,0.550571,0.550571,32768
decode-dbo_ep16_broadcast_reduce_overlap_b32_s256_t3,0,COMMUNICATION_OP,hcom_send_,hcom_send__714_86_1,1,0.49295,0.49295,0.49295,32768
decode-dbo_ep16_broadcast_reduce_overlap_b32_s256_t3,0,COMMUNICATION_OP,hcom_send_,hcom_send__714_46_1,1,0.487489,0.487489,0.487489,32768
decode-dbo_ep16_broadcast_reduce_overlap_b32_s256_t3,0,COMMUNICATION_OP,hcom_receive_,hcom_receive__648_81_1,1,0.46979,0.46979,0.46979,32768
decode-dbo_ep16_broadcast_reduce_overlap_b32_s256_t3,0,COMMUNICATION_OP,hcom_receive_,hcom_receive__648_193_1,1,0.46381,0.46381,0.46381,32768
decode-dbo_ep16_broadcast_reduce_overlap_b32_s256_t3,0,COMMUNICATION_OP,hcom_send_,hcom_send__714_98_1,1,0.450429,0.450429,0.450429,32768
decode-dbo_ep16_broadcast_reduce_overlap_b32_s256_t3,0,COMMUNICATION_OP,hcom_receive_,hcom_receive__648_109_1,1,0.440068,0.440068,0.440068,32768
decode-dbo_ep16_broadcast_reduce_overlap_b32_s256_t3,0,COMMUNICATION_OP,hcom_receive_,hcom_receive__648_175_1,1,0.423888,0.423888,0.423888,32768
decode-dbo_ep16_broadcast_reduce_overlap_b32_s256_t3,0,COMMUNICATION_OP,hcom_send_,hcom_send__098_98_1,1,0.423849,0.423849,0.423849,512
decode-dbo_ep16_broadcast_reduce_overlap_b32_s256_t3,0,COMMUNICATION_OP,hcom_send_,hcom_send__714_48_1,1,0.412389,0.412389,0.412389,32768
decode-dbo_ep16_broadcast_reduce_overlap_b32_s256_t3,0,COMMUNICATION_OP,hcom_send_,hcom_send__714_166_1,1,0.402129,0.402129,0.402129,32768
decode-dbo_ep16_broadcast_reduce_overlap_b32_s256_t3,0,COMMUNICATION_OP,hcom_receive_,hcom_receive__648_103_1,1,0.374348,0.374348,0.374348,32768
decode-dbo_ep16_broadcast_reduce_overlap_b32_s256_t3,0,COMMUNICATION_OP,hcom_send_,hcom_send__714_196_1,1,0.369227,0.369227,0.369227,32768
decode-dbo_ep16_broadcast_reduce_overlap_b32_s256_t3,0,COMMUNICATION_OP,hcom_send_,hcom_send__714_58_1,1,0.369067,0.369067,0.369067,32768
decode-dbo_ep16_broadcast_reduce_overlap_b32_s256_t3,0,COMMUNICATION_OP,hcom_receive_,hcom_receive__648_135_1,1,0.322947,0.322947,0.322947,32768
decode-dbo_ep16_broadcast_reduce_overlap_b32_s256_t3,0,COMMUNICATION_OP,hcom_send_,hcom_send__714_80_1,1,0.322546,0.322546,0.322546,32768
decode-dbo_ep16_broadcast_reduce_overlap_b32_s256_t3,0,COMMUNICATION_OP,hcom_send_,hcom_send__714_103_1,1,0.318567,0.318567,0.318567,32768
decode-dbo_ep16_broadcast_reduce_overlap_b32_s256_t3,0,COMMUNICATION_OP,hcom_send_,hcom_send__714_4_1,1,0.308826,0.308826,0.308826,512
decode-dbo_ep16_broadcast_reduce_overlap_b32_s256_t3,0,COMMUNICATION_OP,hcom_send_,hcom_send__098_96_1,1,0.304986,0.304986,0.304986,512
decode-dbo_ep16_broadcast_reduce_overlap_b32_s256_t3,0,COMMUNICATION_OP,hcom_send_,hcom_send__714_2_1,1,0.298426,0.298426,0.298426,512
decode-dbo_ep16_broadcast_reduce_overlap_b32_s256_t3,0,COMMUNICATION_OP,hcom_send_,hcom_send__098_100_1,1,0.297326,0.297326,0.297326,512
decode-dbo_ep16_broadcast_reduce_overlap_b32_s256_t3,0,COMMUNICATION_OP,hcom_send_,hcom_send__714_68_1,1,0.294486,0.294486,0.294486,32768
decode-dbo_ep16_broadcast_reduce_overlap_b32_s256_t3,0,COMMUNICATION_OP,hcom_receive_,hcom_receive__648_3_1,1,0.293506,0.293506,0.293506,512
decode-dbo_ep16_broadcast_reduce_overlap_b32_s256_t3,0,COMMUNICATION_OP,hcom_send_,hcom_send__648_4_1,1,0.277486,0.277486,0.277486,512
decode-dbo_ep16_broadcast_reduce_overlap_b32_s256_t3,0,COMMUNICATION_OP,hcom_send_,hcom_send__714_158_1,1,0.265545,0.265545,0.265545,32768
decode-dbo_ep16_broadcast_reduce_overlap_b32_s256_t3,0,COMMUNICATION_OP,hcom_receive_,hcom_receive__648_155_1,1,0.255965,0.255965,0.255965,32768
decode-dbo_ep16_broadcast_reduce_overlap_b32_s256_t3,0,COMMUNICATION_OP,hcom_receive_,hcom_receive__648_55_1,1,0.254865,0.254865,0.254865,32768
decode-dbo_ep16_broadcast_reduce_overlap_b32_s256_t3,0,COMMUNICATION_OP,hcom_receive_,hcom_receive__648_187_1,1,0.247805,0.247805,0.247805,32768
decode-dbo_ep16_broadcast_reduce_overlap_b32_s256_t3,0,COMMUNICATION_OP,hcom_receive_,hcom_receive__648_51_1,1,0.244125,0.244125,0.244125,32768
decode-dbo_ep16_broadcast_reduce_overlap_b32_s256_t3,0,COMMUNICATION_OP,hcom_receive_,hcom_receive__648_101_1,1,0.242905,0.242905,0.242905,32768
decode-dbo_ep16_broadcast_reduce_overlap_b32_s256_t3,0,COMMUNICATION_OP,hcom_receive_,hcom_receive__648_143_1,1,0.241505,0.241505,0.241505,32768
decode-dbo_ep16_broadcast_reduce_overlap_b32_s256_t3,0,COMMUNICATION_OP,hcom_receive_,hcom_receive__648_49_1,1,0.240785,0.240785,0.240785,32768
decode-dbo_ep16_broadcast_reduce_overlap_b32_s256_t3,0,COMMUNICATION_OP,hcom_receive_,hcom_receive__648_141_1,1,0.239205,0.239205,0.239205,32768
decode-dbo_ep16_broadcast_reduce_overlap_b32_s256_t3,0,COMMUNICATION_OP,hcom_receive_,hcom_receive__648_83_1,1,0.235905,0.235905,0.235905,32768
decode-dbo_ep16_broadcast_reduce_overlap_b32_s256_t3,0,COMMUNICATION_OP,hcom_receive_,hcom_receive__648_159_1,1,0.231544,0.231544,0.231544,32768
decode-dbo_ep16_broadcast_reduce_overlap_b32_s256_t3,0,COMMUNICATION_OP,hcom_receive_,hcom_receive__648_29_1,1,0.231044,0.231044,0.231044,32768
decode-dbo_ep16_broadcast_reduce_overlap_b32_s256_t3,0,COMMUNICATION_OP,hcom_send_,hcom_send__714_128_1,1,0.228324,0.228324,0.228324,32768
decode-dbo_ep16_broadcast_reduce_overlap_b32_s256_t3,0,COMMUNICATION_OP,hcom_receive_,hcom_receive__648_161_1,1,0.227904,0.227904,0.227904,32768
decode-dbo_ep16_broadcast_reduce_overlap_b32_s256_t3,0,COMMUNICATION_OP,hcom_receive_,hcom_receive__648_77_1,1,0.227245,0.227245,0.227245,32768
decode-dbo_ep16_broadcast_reduce_overlap_b32_s256_t3,0,COMMUNICATION_OP,hcom_receive_,hcom_receive__648_95_1,1,0.227245,0.227245,0.227245,32768
decode-dbo_ep16_broadcast_reduce_overlap_b32_s256_t3,0,COMMUNICATION_OP,hcom_receive_,hcom_receive__648_113_1,1,0.223125,0.223125,0.223125,32768
decode-dbo_ep16_broadcast_reduce_overlap_b32_s256_t3,0,COMMUNICATION_OP,hcom_receive_,hcom_receive__648_13_1,1,0.220484,0.220484,0.220484,32768
decode-dbo_ep16_broadcast_reduce_overlap_b32_s256_t3,0,COMMUNICATION_OP,hcom_receive_,hcom_receive__648_111_1,1,0.219364,0.219364,0.219364,32768
decode-dbo_ep16_broadcast_reduce_overlap_b32_s256_t3,0,COMMUNICATION_OP,hcom_receive_,hcom_receive__648_125_1,1,0.218644,0.218644,0.218644,32768
decode-dbo_ep16_broadcast_reduce_overlap_b32_s256_t3,0,COMMUNICATION_OP,hcom_receive_,hcom_receive__648_89_1,1,0.216424,0.216424,0.216424,32768
decode-dbo_ep16_broadcast_reduce_overlap_b32_s256_t3,0,COMMUNICATION_OP,hcom_receive_,hcom_receive__648_27_1,1,0.216044,0.216044,0.216044,32768
decode-dbo_ep16_broadcast_reduce_overlap_b32_s256_t3,0,COMMUNICATION_OP,hcom_receive_,hcom_receive__648_179_1,1,0.215364,0.215364,0.215364,32768
decode-dbo_ep16_broadcast_reduce_overlap_b32_s256_t3,0,COMMUNICATION_OP,hcom_receive_,hcom_receive__648_171_1,1,0.214544,0.214544,0.214544,32768
decode-dbo_ep16_broadcast_reduce_overlap_b32_s256_t3,0,COMMUNICATION_OP,hcom_receive_,hcom_receive__648_65_1,1,0.213024,0.213024,0.213024,32768
decode-dbo_ep16_broadcast_reduce_overlap_b32_s256_t3,0,COMMUNICATION_OP,hcom_receive_,hcom_receive__648_177_1,1,0.211324,0.211324,0.211324,32768
decode-dbo_ep16_broadcast_reduce_overlap_b32_s256_t3,0,COMMUNICATION_OP,hcom_receive_,hcom_receive__648_167_1,1,0.210464,0.210464,0.210464,32768
decode-dbo_ep16_broadcast_reduce_overlap_b32_s256_t3,0,COMMUNICATION_OP,hcom_receive_,hcom_receive__648_41_1,1,0.209484,0.209484,0.209484,32768
decode-dbo_ep16_broadcast_reduce_overlap_b32_s256_t3,0,COMMUNICATION_OP,hcom_receive_,hcom_receive__648_145_1,1,0.209384,0.209384,0.209384,32768
decode-dbo_ep16_broadcast_reduce_overlap_b32_s256_t3,0,COMMUNICATION_OP,hcom_receive_,hcom_receive__648_61_1,1,0.207644,0.207644,0.207644,32768
decode-dbo_ep16_broadcast_reduce_overlap_b32_s256_t3,0,COMMUNICATION_OP,hcom_send_,hcom_send__714_102_1,1,0.207044,0.207044,0.207044,32768
decode-dbo_ep16_broadcast_reduce_overlap_b32_s256_t3,0,COMMUNICATION_OP,hcom_receive_,hcom_receive__648_75_1,1,0.206504,0.206504,0.206504,32768
decode-dbo_ep16_broadcast_reduce_overlap_b32_s256_t3,0,COMMUNICATION_OP,hcom_receive_,hcom_receive__648_191_1,1,0.206484,0.206484,0.206484,32768
decode-dbo_ep16_broadcast_reduce_overlap_b32_s256_t3,0,COMMUNICATION_OP,hcom_receive_,hcom_receive__648_73_1,1,0.203864,0.203864,0.203864,32768
decode-dbo_ep16_broadcast_reduce_overlap_b32_s256_t3,0,COMMUNICATION_OP,hcom_receive_,hcom_receive__648_129_1,1,0.203324,0.203324,0.203324,32768
decode-dbo_ep16_broadcast_reduce_overlap_b32_s256_t3,0,COMMUNICATION_OP,hcom_receive_,hcom_receive__648_147_1,1,0.202064,0.202064,0.202064,32768
decode-dbo_ep16_broadcast_reduce_overlap_b32_s256_t3,0,COMMUNICATION_OP,hcom_receive_,hcom_receive__648_169_1,1,0.201804,0.201804,0.201804,32768
decode-dbo_ep16_broadcast_reduce_overlap_b32_s256_t3,0,COMMUNICATION_OP,hcom_receive_,hcom_receive__648_119_1,1,0.199764,0.199764,0.199764,32768
decode-dbo_ep16_broadcast_reduce_overlap_b32_s256_t3,0,COMMUNICATION_OP,hcom_receive_,hcom_receive__648_131_1,1,0.199524,0.199524,0.199524,32768
decode-dbo_ep16_broadcast_reduce_overlap_b32_s256_t3,0,COMMUNICATION_OP,hcom_receive_,hcom_receive__648_139_1,1,0.199124,0.199124,0.199124,32768
decode-dbo_ep16_broadcast_reduce_overlap_b32_s256_t3,0,COMMUNICATION_OP,hcom_receive_,hcom_receive__648_123_1,1,0.198824,0.198824,0.198824,32768
decode-dbo_ep16_broadcast_reduce_overlap_b32_s256_t3,0,COMMUNICATION_OP,hcom_receive_,hcom_receive__648_149_1,1,0.197384,0.197384,0.197384,32768
decode-dbo_ep16_broadcast_reduce_overlap_b32_s256_t3,0,COMMUNICATION_OP,hcom_receive_,hcom_receive__648_133_1,1,0.196503,0.196503,0.196503,32768
decode-dbo_ep16_broadcast_reduce_overlap_b32_s256_t3,0,COMMUNICATION_OP,hcom_receive_,hcom_receive__648_37_1,1,0.193864,0.193864,0.193864,32768
decode-dbo_ep16_broadcast_reduce_overlap_b32_s256_t3,0,COMMUNICATION_OP,hcom_receive_,hcom_receive__648_53_1,1,0.192824,0.192824,0.192824,32768
decode-dbo_ep16_broadcast_reduce_overlap_b32_s256_t3,0,COMMUNICATION_OP,hcom_receive_,hcom_receive__648_121_1,1,0.191963,0.191963,0.191963,32768
decode-dbo_ep16_broadcast_reduce_overlap_b32_s256_t3,0,COMMUNICATION_OP,hcom_receive_,hcom_receive__648_137_1,1,0.187323,0.187323,0.187323,32768
decode-dbo_ep16_broadcast_reduce_overlap_b32_s256_t3,0,COMMUNICATION_OP,hcom_send_,hcom_send__714_6_1,1,0.186084,0.186084,0.186084,32768
decode-dbo_ep16_broadcast_reduce_overlap_b32_s256_t3,0,COMMUNICATION_OP,hcom_receive_,hcom_receive__648_105_1,1,0.185384,0.185384,0.185384,32768
decode-dbo_ep16_broadcast_reduce_overlap_b32_s256_t3,0,COMMUNICATION_OP,hcom_receive_,hcom_receive__648_185_1,1,0.184704,0.184704,0.184704,32768
decode-dbo_ep16_broadcast_reduce_overlap_b32_s256_t3,0,COMMUNICATION_OP,hcom_receive_,hcom_receive__648_173_1,1,0.181243,0.181243,0.181243,32768
decode-dbo_ep16_broadcast_reduce_overlap_b32_s256_t3,0,COMMUNICATION_OP,hcom_send_,hcom_send__714_72_1,1,0.179524,0.179524,0.179524,32768
decode-dbo_ep16_broadcast_reduce_overlap_b32_s256_t3,0,COMMUNICATION_OP,hcom_send_,hcom_send__714_105_1,1,0.178684,0.178684,0.178684,32768
decode-dbo_ep16_broadcast_reduce_overlap_b32_s256_t3,0,COMMUNICATION_OP,hcom_receive_,hcom_receive__648_153_1,1,0.177204,0.177204,0.177204,32768
decode-dbo_ep16_broadcast_reduce_overlap_b32_s256_t3,0,COMMUNICATION_OP,hcom_send_,hcom_send__714_104_1,1,0.177024,0.177024,0.177024,32768
decode-dbo_ep16_broadcast_reduce_overlap_b32_s256_t3,0,COMMUNICATION_OP,hcom_send_,hcom_send__648_2_1,1,0.174184,0.174184,0.174184,512
decode-dbo_ep16_broadcast_reduce_overlap_b32_s256_t3,0,COMMUNICATION_OP,hcom_send_,hcom_send__714_109_1,1,0.170723,0.170723,0.170723,32768
decode-dbo_ep16_broadcast_reduce_overlap_b32_s256_t3,0,COMMUNICATION_OP,hcom_send_,hcom_send__714_157_1,1,0.170664,0.170664,0.170664,32768
decode-dbo_ep16_broadcast_reduce_overlap_b32_s256_t3,0,COMMUNICATION_OP,hcom_send_,hcom_send__714_7_1,1,0.168243,0.168243,0.168243,32768
decode-dbo_ep16_broadcast_reduce_overlap_b32_s256_t3,0,COMMUNICATION_OP,hcom_receive_,hcom_receive__648_15_1,1,0.166564,0.166564,0.166564,32768
decode-dbo_ep16_broadcast_reduce_overlap_b32_s256_t3,0,COMMUNICATION_OP,hcom_send_,hcom_send__714_62_1,1,0.162904,0.162904,0.162904,32768
decode-dbo_ep16_broadcast_reduce_overlap_b32_s256_t3,0,COMMUNICATION_OP,hcom_send_,hcom_send__714_107_1,1,0.162563,0.162563,0.162563,32768
decode-dbo_ep16_broadcast_reduce_overlap_b32_s256_t3,0,COMMUNICATION_OP,hcom_send_,hcom_send__714_151_1,1,0.162143,0.162143,0.162143,32768
decode-dbo_ep16_broadcast_reduce_overlap_b32_s256_t3,0,COMMUNICATION_OP,hcom_send_,hcom_send__714_139_1,1,0.162043,0.162043,0.162043,32768
decode-dbo_ep16_broadcast_reduce_overlap_b32_s256_t3,0,COMMUNICATION_OP,hcom_send_,hcom_send__714_123_1,1,0.161143,0.161143,0.161143,32768
decode-dbo_ep16_broadcast_reduce_overlap_b32_s256_t3,0,COMMUNICATION_OP,hcom_send_,hcom_send__714_13_1,1,0.159683,0.159683,0.159683,32768
decode-dbo_ep16_broadcast_reduce_overlap_b32_s256_t3,0,COMMUNICATION_OP,hcom_send_,hcom_send__714_175_1,1,0.159443,0.159443,0.159443,32768
decode-dbo_ep16_broadcast_reduce_overlap_b32_s256_t3,0,COMMUNICATION_OP,hcom_send_,hcom_send__714_193_1,1,0.158963,0.158963,0.158963,32768
decode-dbo_ep16_broadcast_reduce_overlap_b32_s256_t3,0,COMMUNICATION_OP,hcom_send_,hcom_send__714_121_1,1,0.158764,0.158764,0.158764,32768
decode-dbo_ep16_broadcast_reduce_overlap_b32_s256_t3,0,COMMUNICATION_OP,hcom_send_,hcom_send__714_106_1,1,0.158723,0.158723,0.158723,32768
decode-dbo_ep16_broadcast_reduce_overlap_b32_s256_t3,0,COMMUNICATION_OP,hcom_send_,hcom_send__714_52_1,1,0.158543,0.158543,0.158543,32768
decode-dbo_ep16_broadcast_reduce_overlap_b32_s256_t3,0,COMMUNICATION_OP,hcom_send_,hcom_send__714_181_1,1,0.158523,0.158523,0.158523,32768
decode-dbo_ep16_broadcast_reduce_overlap_b32_s256_t3,0,COMMUNICATION_OP,hcom_send_,hcom_send__714_111_1,1,0.157983,0.157983,0.157983,32768
decode-dbo_ep16_broadcast_reduce_overlap_b32_s256_t3,0,COMMUNICATION_OP,hcom_send_,hcom_send__714_159_1,1,0.157723,0.157723,0.157723,32768
decode-dbo_ep16_broadcast_reduce_overlap_b32_s256_t3,0,COMMUNICATION_OP,hcom_send_,hcom_send__714_163_1,1,0.157563,0.157563,0.157563,32768
decode-dbo_ep16_broadcast_reduce_overlap_b32_s256_t3,0,COMMUNICATION_OP,hcom_send_,hcom_send__714_31_1,1,0.156463,0.156463,0.156463,32768
decode-dbo_ep16_broadcast_reduce_overlap_b32_s256_t3,0,COMMUNICATION_OP,hcom_send_,hcom_send__714_76_1,1,0.156384,0.156384,0.156384,32768
decode-dbo_ep16_broadcast_reduce_overlap_b32_s256_t3,0,COMMUNICATION_OP,hcom_send_,hcom_send__714_156_1,1,0.156283,0.156283,0.156283,32768
decode-dbo_ep16_broadcast_reduce_overlap_b32_s256_t3,0,COMMUNICATION_OP,hcom_send_,hcom_send__714_9_1,1,0.155843,0.155843,0.155843,32768
decode-dbo_ep16_broadcast_reduce_overlap_b32_s256_t3,0,COMMUNICATION_OP,hcom_send_,hcom_send__714_153_1,1,0.155583,0.155583,0.155583,32768
decode-dbo_ep16_broadcast_reduce_overlap_b32_s256_t3,0,COMMUNICATION_OP,hcom_send_,hcom_send__714_14_1,1,0.154503,0.154503,0.154503,32768
decode-dbo_ep16_broadcast_reduce_overlap_b32_s256_t3,0,COMMUNICATION_OP,hcom_send_,hcom_send__714_141_1,1,0.154403,0.154403,0.154403,32768
decode-dbo_ep16_broadcast_reduce_overlap_b32_s256_t3,0,COMMUNICATION_OP,hcom_send_,hcom_send__714_16_1,1,0.154123,0.154123,0.154123,32768
decode-dbo_ep16_broadcast_reduce_overlap_b32_s256_t3,0,COMMUNICATION_OP,hcom_send_,hcom_send__714_187_1,1,0.153723,0.153723,0.153723,32768
decode-dbo_ep16_broadcast_reduce_overlap_b32_s256_t3,0,COMMUNICATION_OP,hcom_send_,hcom_send__714_50_1,1,0.153643,0.153643,0.153643,32768
decode-dbo_ep16_broadcast_reduce_overlap_b32_s256_t3,0,COMMUNICATION_OP,hcom_send_,hcom_send__714_66_1,1,0.153403,0.153403,0.153403,32768
decode-dbo_ep16_broadcast_reduce_overlap_b32_s256_t3,0,COMMUNICATION_OP,hcom_send_,hcom_send__714_74_1,1,0.152903,0.152903,0.152903,32768
decode-dbo_ep16_broadcast_reduce_overlap_b32_s256_t3,0,COMMUNICATION_OP,hcom_send_,hcom_send__714_178_1,1,0.152783,0.152783,0.152783,32768
decode-dbo_ep16_broadcast_reduce_overlap_b32_s256_t3,0,COMMUNICATION_OP,hcom_send_,hcom_send__714_165_1,1,0.152783,0.152783,0.152783,32768
decode-dbo_ep16_broadcast_reduce_overlap_b32_s256_t3,0,COMMUNICATION_OP,hcom_send_,hcom_send__714_95_1,1,0.152643,0.152643,0.152643,32768
decode-dbo_ep16_broadcast_reduce_overlap_b32_s256_t3,0,COMMUNICATION_OP,hcom_send_,hcom_send__714_45_1,1,0.152583,0.152583,0.152583,32768
decode-dbo_ep16_broadcast_reduce_overlap_b32_s256_t3,0,COMMUNICATION_OP,hcom_send_,hcom_send__714_82_1,1,0.152243,0.152243,0.152243,32768
decode-dbo_ep16_broadcast_reduce_overlap_b32_s256_t3,0,COMMUNICATION_OP,hcom_send_,hcom_send__714_177_1,1,0.151603,0.151603,0.151603,32768
decode-dbo_ep16_broadcast_reduce_overlap_b32_s256_t3,0,COMMUNICATION_OP,hcom_send_,hcom_send__714_172_1,1,0.151503,0.151503,0.151503,32768
decode-dbo_ep16_broadcast_reduce_overlap_b32_s256_t3,0,COMMUNICATION_OP,hcom_send_,hcom_send__714_49_1,1,0.151423,0.151423,0.151423,32768
decode-dbo_ep16_broadcast_reduce_overlap_b32_s256_t3,0,COMMUNICATION_OP,hcom_send_,hcom_send__714_96_1,1,0.151363,0.151363,0.151363,32768
decode-dbo_ep16_broadcast_reduce_overlap_b32_s256_t3,0,COMMUNICATION_OP,hcom_send_,hcom_send__714_171_1,1,0.151283,0.151283,0.151283,32768
decode-dbo_ep16_broadcast_reduce_overlap_b32_s256_t3,0,COMMUNICATION_OP,hcom_send_,hcom_send__714_162_1,1,0.150963,0.150963,0.150963,32768
decode-dbo_ep16_broadcast_reduce_overlap_b32_s256_t3,0,COMMUNICATION_OP,hcom_send_,hcom_send__714_88_1,1,0.150863,0.150863,0.150863,32768
decode-dbo_ep16_broadcast_reduce_overlap_b32_s256_t3,0,COMMUNICATION_OP,hcom_send_,hcom_send__714_140_1,1,0.149803,0.149803,0.149803,32768
decode-dbo_ep16_broadcast_reduce_overlap_b32_s256_t3,0,COMMUNICATION_OP,hcom_send_,hcom_send__714_152_1,1,0.149583,0.149583,0.149583,32768
decode-dbo_ep16_broadcast_reduce_overlap_b32_s256_t3,0,COMMUNICATION_OP,hcom_send_,hcom_send__714_78_1,1,0.149563,0.149563,0.149563,32768
decode-dbo_ep16_broadcast_reduce_overlap_b32_s256_t3,0,COMMUNICATION_OP,hcom_send_,hcom_send__714_33_1,1,0.149503,0.149503,0.149503,32768
decode-dbo_ep16_broadcast_reduce_overlap_b32_s256_t3,0,COMMUNICATION_OP,hcom_send_,hcom_send__714_122_1,1,0.149443,0.149443,0.149443,32768
decode-dbo_ep16_broadcast_reduce_overlap_b32_s256_t3,0,COMMUNICATION_OP,hcom_send_,hcom_send__714_136_1,1,0.149423,0.149423,0.149423,32768
decode-dbo_ep16_broadcast_reduce_overlap_b32_s256_t3,0,COMMUNICATION_OP,hcom_send_,hcom_send__714_11_1,1,0.149383,0.149383,0.149383,32768
decode-dbo_ep16_broadcast_reduce_overlap_b32_s256_t3,0,COMMUNICATION_OP,hcom_send_,hcom_send__714_28_1,1,0.149343,0.149343,0.149343,32768
decode-dbo_ep16_broadcast_reduce_overlap_b32_s256_t3,0,COMMUNICATION_OP,hcom_send_,hcom_send__714_126_1,1,0.149143,0.149143,0.149143,32768
decode-dbo_ep16_broadcast_reduce_overlap_b32_s256_t3,0,COMMUNICATION_OP,hcom_send_,hcom_send__714_56_1,1,0.149143,0.149143,0.149143,32768
decode-dbo_ep16_broadcast_reduce_overlap_b32_s256_t3,0,COMMUNICATION_OP,hcom_send_,hcom_send__714_117_1,1,0.148963,0.148963,0.148963,32768
decode-dbo_ep16_broadcast_reduce_overlap_b32_s256_t3,0,COMMUNICATION_OP,hcom_send_,hcom_send__714_119_1,1,0.148903,0.148903,0.148903,32768
decode-dbo_ep16_broadcast_reduce_overlap_b32_s256_t3,0,COMMUNICATION_OP,hcom_send_,hcom_send__714_115_1,1,0.148663,0.148663,0.148663,32768
decode-dbo_ep16_broadcast_reduce_overlap_b32_s256_t3,0,COMMUNICATION_OP,hcom_send_,hcom_send__714_90_1,1,0.148623,0.148623,0.148623,32768
decode-dbo_ep16_broadcast_reduce_overlap_b32_s256_t3,0,COMMUNICATION_OP,hcom_send_,hcom_send__714_160_1,1,0.148583,0.148583,0.148583,32768
decode-dbo_ep16_broadcast_reduce_overlap_b32_s256_t3,0,COMMUNICATION_OP,hcom_send_,hcom_send__714_191_1,1,0.148503,0.148503,0.148503,32768
decode-dbo_ep16_broadcast_reduce_overlap_b32_s256_t3,0,COMMUNICATION_OP,hcom_send_,hcom_send__714_112_1,1,0.148403,0.148403,0.148403,32768
decode-dbo_ep16_broadcast_reduce_overlap_b32_s256_t3,0,COMMUNICATION_OP,hcom_send_,hcom_send__714_54_1,1,0.148323,0.148323,0.148323,32768
decode-dbo_ep16_broadcast_reduce_overlap_b32_s256_t3,0,COMMUNICATION_OP,hcom_send_,hcom_send__714_101_1,1,0.148323,0.148323,0.148323,32768
decode-dbo_ep16_broadcast_reduce_overlap_b32_s256_t3,0,COMMUNICATION_OP,hcom_receive_,hcom_receive__098_97_1,1,0.148203,0.148203,0.148203,512
decode-dbo_ep16_broadcast_reduce_overlap_b32_s256_t3,0,COMMUNICATION_OP,hcom_send_,hcom_send__714_146_1,1,0.147622,0.147622,0.147622,32768
decode-dbo_ep16_broadcast_reduce_overlap_b32_s256_t3,0,COMMUNICATION_OP,hcom_send_,hcom_send__714_192_1,1,0.147543,0.147543,0.147543,32768
decode-dbo_ep16_broadcast_reduce_overlap_b32_s256_t3,0,COMMUNICATION_OP,hcom_send_,hcom_send__714_110_1,1,0.147443,0.147443,0.147443,32768
decode-dbo_ep16_broadcast_reduce_overlap_b32_s256_t3,0,COMMUNICATION_OP,hcom_send_,hcom_send__714_27_1,1,0.147423,0.147423,0.147423,32768
decode-dbo_ep16_broadcast_reduce_overlap_b32_s256_t3,0,COMMUNICATION_OP,hcom_send_,hcom_send__714_145_1,1,0.147383,0.147383,0.147383,32768
decode-dbo_ep16_broadcast_reduce_overlap_b32_s256_t3,0,COMMUNICATION_OP,hcom_send_,hcom_send__714_127_1,1,0.147323,0.147323,0.147323,32768
decode-dbo_ep16_broadcast_reduce_overlap_b32_s256_t3,0,COMMUNICATION_OP,hcom_send_,hcom_send__714_15_1,1,0.147203,0.147203,0.147203,32768
decode-dbo_ep16_broadcast_reduce_overlap_b32_s256_t3,0,COMMUNICATION_OP,hcom_send_,hcom_send__714_186_1,1,0.146843,0.146843,0.146843,32768
decode-dbo_ep16_broadcast_reduce_overlap_b32_s256_t3,0,COMMUNICATION_OP,hcom_send_,hcom_send__714_113_1,1,0.146803,0.146803,0.146803,32768
decode-dbo_ep16_broadcast_reduce_overlap_b32_s256_t3,0,COMMUNICATION_OP,hcom_send_,hcom_send__714_137_1,1,0.146543,0.146543,0.146543,32768
decode-dbo_ep16_broadcast_reduce_overlap_b32_s256_t3,0,COMMUNICATION_OP,hcom_send_,hcom_send__714_42_1,1,0.146223,0.146223,0.146223,32768
decode-dbo_ep16_broadcast_reduce_overlap_b32_s256_t3,0,COMMUNICATION_OP,hcom_send_,hcom_send__714_55_1,1,0.145943,0.145943,0.145943,32768
decode-dbo_ep16_broadcast_reduce_overlap_b32_s256_t3,0,COMMUNICATION_OP,hcom_send_,hcom_send__714_135_1,1,0.145543,0.145543,0.145543,32768
decode-dbo_ep16_broadcast_reduce_overlap_b32_s256_t3,0,COMMUNICATION_OP,hcom_send_,hcom_send__714_71_1,1,0.145463,0.145463,0.145463,32768
decode-dbo_ep16_broadcast_reduce_overlap_b32_s256_t3,0,COMMUNICATION_OP,hcom_send_,hcom_send__714_114_1,1,0.145283,0.145283,0.145283,32768
decode-dbo_ep16_broadcast_reduce_overlap_b32_s256_t3,0,COMMUNICATION_OP,hcom_send_,hcom_send__714_133_1,1,0.145143,0.145143,0.145143,32768
decode-dbo_ep16_broadcast_reduce_overlap_b32_s256_t3,0,COMMUNICATION_OP,hcom_send_,hcom_send__714_47_1,1,0.145103,0.145103,0.145103,32768
decode-dbo_ep16_broadcast_reduce_overlap_b32_s256_t3,0,COMMUNICATION_OP,hcom_send_,hcom_send__714_51_1,1,0.145063,0.145063,0.145063,32768
decode-dbo_ep16_broadcast_reduce_overlap_b32_s256_t3,0,COMMUNICATION_OP,hcom_send_,hcom_send__714_129_1,1,0.144923,0.144923,0.144923,32768
decode-dbo_ep16_broadcast_reduce_overlap_b32_s256_t3,0,COMMUNICATION_OP,hcom_send_,hcom_send__714_164_1,1,0.144823,0.144823,0.144823,32768
decode-dbo_ep16_broadcast_reduce_overlap_b32_s256_t3,0,COMMUNICATION_OP,hcom_send_,hcom_send__714_63_1,1,0.144783,0.144783,0.144783,32768
decode-dbo_ep16_broadcast_reduce_overlap_b32_s256_t3,0,COMMUNICATION_OP,hcom_send_,hcom_send__714_23_1,1,0.144663,0.144663,0.144663,32768
decode-dbo_ep16_broadcast_reduce_overlap_b32_s256_t3,0,COMMUNICATION_OP,hcom_send_,hcom_send__714_182_1,1,0.144603,0.144603,0.144603,32768
decode-dbo_ep16_broadcast_reduce_overlap_b32_s256_t3,0,COMMUNICATION_OP,hcom_send_,hcom_send__714_147_1,1,0.144342,0.144342,0.144342,32768
decode-dbo_ep16_broadcast_reduce_overlap_b32_s256_t3,0,COMMUNICATION_OP,hcom_send_,hcom_send__714_161_1,1,0.144283,0.144283,0.144283,32768
decode-dbo_ep16_broadcast_reduce_overlap_b32_s256_t3,0,COMMUNICATION_OP,hcom_send_,hcom_send__714_197_1,1,0.144203,0.144203,0.144203,32768
decode-dbo_ep16_broadcast_reduce_overlap_b32_s256_t3,0,COMMUNICATION_OP,hcom_send_,hcom_send__714_125_1,1,0.144123,0.144123,0.144123,32768
decode-dbo_ep16_broadcast_reduce_overlap_b32_s256_t3,0,COMMUNICATION_OP,hcom_send_,hcom_send__714_190_1,1,0.144063,0.144063,0.144063,32768
decode-dbo_ep16_broadcast_reduce_overlap_b32_s256_t3,0,COMMUNICATION_OP,hcom_send_,hcom_send__714_118_1,1,0.143963,0.143963,0.143963,32768
decode-dbo_ep16_broadcast_reduce_overlap_b32_s256_t3,0,COMMUNICATION_OP,hcom_send_,hcom_send__714_30_1,1,0.143923,0.143923,0.143923,32768
decode-dbo_ep16_broadcast_reduce_overlap_b32_s256_t3,0,COMMUNICATION_OP,hcom_send_,hcom_send__714_176_1,1,0.143803,0.143803,0.143803,32768
decode-dbo_ep16_broadcast_reduce_overlap_b32_s256_t3,0,COMMUNICATION_OP,hcom_send_,hcom_send__714_169_1,1,0.143722,0.143722,0.143722,32768
decode-dbo_ep16_broadcast_reduce_overlap_b32_s256_t3,0,COMMUNICATION_OP,hcom_send_,hcom_send__714_57_1,1,0.143703,0.143703,0.143703,32768
decode-dbo_ep16_broadcast_reduce_overlap_b32_s256_t3,0,COMMUNICATION_OP,hcom_send_,hcom_send__714_155_1,1,0.143563,0.143563,0.143563,32768
decode-dbo_ep16_broadcast_reduce_overlap_b32_s256_t3,0,COMMUNICATION_OP,hcom_send_,hcom_send__714_41_1,1,0.143502,0.143502,0.143502,32768
decode-dbo_ep16_broadcast_reduce_overlap_b32_s256_t3,0,COMMUNICATION_OP,hcom_send_,hcom_send__714_65_1,1,0.143442,0.143442,0.143442,32768
decode-dbo_ep16_broadcast_reduce_overlap_b32_s256_t3,0,COMMUNICATION_OP,hcom_send_,hcom_send__714_124_1,1,0.143263,0.143263,0.143263,32768
decode-dbo_ep16_broadcast_reduce_overlap_b32_s256_t3,0,COMMUNICATION_OP,hcom_send_,hcom_send__714_195_1,1,0.142602,0.142602,0.142602,32768
decode-dbo_ep16_broadcast_reduce_overlap_b32_s256_t3,0,COMMUNICATION_OP,hcom_send_,hcom_send__714_84_1,1,0.142563,0.142563,0.142563,32768
decode-dbo_ep16_broadcast_reduce_overlap_b32_s256_t3,0,COMMUNICATION_OP,hcom_send_,hcom_send__714_79_1,1,0.142563,0.142563,0.142563,32768
decode-dbo_ep16_broadcast_reduce_overlap_b32_s256_t3,0,COMMUNICATION_OP,hcom_send_,hcom_send__714_180_1,1,0.142363,0.142363,0.142363,32768
decode-dbo_ep16_broadcast_reduce_overlap_b32_s256_t3,0,COMMUNICATION_OP,hcom_send_,hcom_send__714_131_1,1,0.142083,0.142083,0.142083,32768
decode-dbo_ep16_broadcast_reduce_overlap_b32_s256_t3,0,COMMUNICATION_OP,hcom_send_,hcom_send__714_154_1,1,0.141963,0.141963,0.141963,32768
decode-dbo_ep16_broadcast_reduce_overlap_b32_s256_t3,0,COMMUNICATION_OP,hcom_send_,hcom_send__714_130_1,1,0.141703,0.141703,0.141703,32768
decode-dbo_ep16_broadcast_reduce_overlap_b32_s256_t3,0,COMMUNICATION_OP,hcom_send_,hcom_send__714_138_1,1,0.141603,0.141603,0.141603,32768
decode-dbo_ep16_broadcast_reduce_overlap_b32_s256_t3,0,COMMUNICATION_OP,hcom_send_,hcom_send__714_134_1,1,0.141562,0.141562,0.141562,32768
decode-dbo_ep16_broadcast_reduce_overlap_b32_s256_t3,0,COMMUNICATION_OP,hcom_send_,hcom_send__714_179_1,1,0.141283,0.141283,0.141283,32768
decode-dbo_ep16_broadcast_reduce_overlap_b32_s256_t3,0,COMMUNICATION_OP,hcom_send_,hcom_send__714_39_1,1,0.141003,0.141003,0.141003,32768
decode-dbo_ep16_broadcast_reduce_overlap_b32_s256_t3,0,COMMUNICATION_OP,hcom_send_,hcom_send__714_85_1,1,0.140943,0.140943,0.140943,32768
decode-dbo_ep16_broadcast_reduce_overlap_b32_s256_t3,0,COMMUNICATION_OP,hcom_send_,hcom_send__714_38_1,1,0.140863,0.140863,0.140863,32768
decode-dbo_ep16_broadcast_reduce_overlap_b32_s256_t3,0,COMMUNICATION_OP,hcom_send_,hcom_send__714_142_1,1,0.140843,0.140843,0.140843,32768
decode-dbo_ep16_broadcast_reduce_overlap_b32_s256_t3,0,COMMUNICATION_OP,hcom_send_,hcom_send__714_43_1,1,0.140802,0.140802,0.140802,32768
decode-dbo_ep16_broadcast_reduce_overlap_b32_s256_t3,0,COMMUNICATION_OP,hcom_send_,hcom_send__714_170_1,1,0.140723,0.140723,0.140723,32768
decode-dbo_ep16_broadcast_reduce_overlap_b32_s256_t3,0,COMMUNICATION_OP,hcom_send_,hcom_send__714_150_1,1,0.140683,0.140683,0.140683,32768
decode-dbo_ep16_broadcast_reduce_overlap_b32_s256_t3,0,COMMUNICATION_OP,hcom_send_,hcom_send__714_61_1,1,0.140203,0.140203,0.140203,32768
decode-dbo_ep16_broadcast_reduce_overlap_b32_s256_t3,0,COMMUNICATION_OP,hcom_send_,hcom_send__714_167_1,1,0.139983,0.139983,0.139983,32768
decode-dbo_ep16_broadcast_reduce_overlap_b32_s256_t3,0,COMMUNICATION_OP,hcom_send_,hcom_send__714_194_1,1,0.139563,0.139563,0.139563,32768
decode-dbo_ep16_broadcast_reduce_overlap_b32_s256_t3,0,COMMUNICATION_OP,hcom_send_,hcom_send__714_29_1,1,0.139523,0.139523,0.139523,32768
decode-dbo_ep16_broadcast_reduce_overlap_b32_s256_t3,0,COMMUNICATION_OP,hcom_send_,hcom_send__714_25_1,1,0.139503,0.139503,0.139503,32768
decode-dbo_ep16_broadcast_reduce_overlap_b32_s256_t3,0,COMMUNICATION_OP,hcom_send_,hcom_send__714_21_1,1,0.139443,0.139443,0.139443,32768
decode-dbo_ep16_broadcast_reduce_overlap_b32_s256_t3,0,COMMUNICATION_OP,hcom_send_,hcom_send__714_77_1,1,0.139323,0.139323,0.139323,32768
decode-dbo_ep16_broadcast_reduce_overlap_b32_s256_t3,0,COMMUNICATION_OP,hcom_send_,hcom_send__714_184_1,1,0.139302,0.139302,0.139302,32768
decode-dbo_ep16_broadcast_reduce_overlap_b32_s256_t3,0,COMMUNICATION_OP,hcom_send_,hcom_send__714_83_1,1,0.138843,0.138843,0.138843,32768
decode-dbo_ep16_broadcast_reduce_overlap_b32_s256_t3,0,COMMUNICATION_OP,hcom_send_,hcom_send__714_37_1,1,0.138722,0.138722,0.138722,32768
decode-dbo_ep16_broadcast_reduce_overlap_b32_s256_t3,0,COMMUNICATION_OP,hcom_send_,hcom_send__714_73_1,1,0.138583,0.138583,0.138583,32768
decode-dbo_ep16_broadcast_reduce_overlap_b32_s256_t3,0,COMMUNICATION_OP,hcom_send_,hcom_send__714_174_1,1,0.138503,0.138503,0.138503,32768
decode-dbo_ep16_broadcast_reduce_overlap_b32_s256_t3,0,COMMUNICATION_OP,hcom_send_,hcom_send__714_120_1,1,0.138362,0.138362,0.138362,32768
decode-dbo_ep16_broadcast_reduce_overlap_b32_s256_t3,0,COMMUNICATION_OP,hcom_send_,hcom_send__714_168_1,1,0.137703,0.137703,0.137703,32768
decode-dbo_ep16_broadcast_reduce_overlap_b32_s256_t3,0,COMMUNICATION_OP,hcom_send_,hcom_send__714_91_1,1,0.137123,0.137123,0.137123,32768
decode-dbo_ep16_broadcast_reduce_overlap_b32_s256_t3,0,COMMUNICATION_OP,hcom_send_,hcom_send__714_97_1,1,0.136903,0.136903,0.136903,32768
decode-dbo_ep16_broadcast_reduce_overlap_b32_s256_t3,0,COMMUNICATION_OP,hcom_send_,hcom_send__714_67_1,1,0.136823,0.136823,0.136823,32768
decode-dbo_ep16_broadcast_reduce_overlap_b32_s256_t3,0,COMMUNICATION_OP,hcom_send_,hcom_send__714_183_1,1,0.135563,0.135563,0.135563,32768
decode-dbo_ep16_broadcast_reduce_overlap_b32_s256_t3,0,COMMUNICATION_OP,hcom_send_,hcom_send__714_148_1,1,0.135202,0.135202,0.135202,32768
decode-dbo_ep16_broadcast_reduce_overlap_b32_s256_t3,0,COMMUNICATION_OP,hcom_receive_,hcom_receive__714_3_1,1,0.135142,0.135142,0.135142,512
decode-dbo_ep16_broadcast_reduce_overlap_b32_s256_t3,0,COMMUNICATION_OP,hcom_send_,hcom_send__714_173_1,1,0.135103,0.135103,0.135103,32768
decode-dbo_ep16_broadcast_reduce_overlap_b32_s256_t3,0,COMMUNICATION_OP,hcom_send_,hcom_send__714_99_1,1,0.134822,0.134822,0.134822,32768
decode-dbo_ep16_broadcast_reduce_overlap_b32_s256_t3,0,COMMUNICATION_OP,hcom_send_,hcom_send__714_75_1,1,0.134503,0.134503,0.134503,32768
decode-dbo_ep16_broadcast_reduce_overlap_b32_s256_t3,0,COMMUNICATION_OP,hcom_send_,hcom_send__714_53_1,1,0.134422,0.134422,0.134422,32768
decode-dbo_ep16_broadcast_reduce_overlap_b32_s256_t3,0,COMMUNICATION_OP,hcom_send_,hcom_send__714_189_1,1,0.134163,0.134163,0.134163,32768
decode-dbo_ep16_broadcast_reduce_overlap_b32_s256_t3,0,COMMUNICATION_OP,hcom_send_,hcom_send__714_59_1,1,0.134123,0.134123,0.134123,32768
decode-dbo_ep16_broadcast_reduce_overlap_b32_s256_t3,0,COMMUNICATION_OP,hcom_send_,hcom_send__714_69_1,1,0.134103,0.134103,0.134103,32768
decode-dbo_ep16_broadcast_reduce_overlap_b32_s256_t3,0,COMMUNICATION_OP,hcom_send_,hcom_send__714_188_1,1,0.133863,0.133863,0.133863,32768
decode-dbo_ep16_broadcast_reduce_overlap_b32_s256_t3,0,COMMUNICATION_OP,hcom_send_,hcom_send__714_143_1,1,0.133802,0.133802,0.133802,32768
decode-dbo_ep16_broadcast_reduce_overlap_b32_s256_t3,0,COMMUNICATION_OP,hcom_send_,hcom_send__714_35_1,1,0.133543,0.133543,0.133543,32768
decode-dbo_ep16_broadcast_reduce_overlap_b32_s256_t3,0,COMMUNICATION_OP,hcom_send_,hcom_send__714_81_1,1,0.133443,0.133443,0.133443,32768
decode-dbo_ep16_broadcast_reduce_overlap_b32_s256_t3,0,COMMUNICATION_OP,hcom_send_,hcom_send__714_144_1,1,0.133183,0.133183,0.133183,32768
decode-dbo_ep16_broadcast_reduce_overlap_b32_s256_t3,0,COMMUNICATION_OP,hcom_send_,hcom_send__714_89_1,1,0.133163,0.133163,0.133163,32768
decode-dbo_ep16_broadcast_reduce_overlap_b32_s256_t3,0,COMMUNICATION_OP,hcom_send_,hcom_send__714_132_1,1,0.132923,0.132923,0.132923,32768
decode-dbo_ep16_broadcast_reduce_overlap_b32_s256_t3,0,COMMUNICATION_OP,hcom_send_,hcom_send__714_149_1,1,0.132182,0.132182,0.132182,32768
decode-dbo_ep16_broadcast_reduce_overlap_b32_s256_t3,0,COMMUNICATION_OP,hcom_send_,hcom_send__714_185_1,1,0.131703,0.131703,0.131703,32768
decode-dbo_ep16_broadcast_reduce_overlap_b32_s256_t3,0,COMMUNICATION_OP,hcom_send_,hcom_send__714_17_1,1,0.131183,0.131183,0.131183,32768
decode-dbo_ep16_broadcast_reduce_overlap_b32_s256_t3,0,COMMUNICATION_OP,hcom_send_,hcom_send__714_19_1,1,0.131022,0.131022,0.131022,32768
decode-dbo_ep16_broadcast_reduce_overlap_b32_s256_t3,0,COMMUNICATION_OP,hcom_send_,hcom_send__714_87_1,1,0.130682,0.130682,0.130682,32768
decode-dbo_ep16_broadcast_reduce_overlap_b32_s256_t3,0,COMMUNICATION_OP,hcom_send_,hcom_send__714_93_1,1,0.126743,0.126743,0.126743,32768
decode-dbo_ep16_broadcast_reduce_overlap_b32_s256_t3,0,COMMUNICATION_OP,hcom_receive_,hcom_receive__098_99_1,1,0.126742,0.126742,0.126742,512
decode-dbo_ep16_broadcast_reduce_overlap_b32_s256_t3,0,COMMUNICATION_OP,hcom_receive_,hcom_receive__714_5_1,1,0.116322,0.116322,0.116322,512
decode-dbo_ep16_broadcast_reduce_overlap_b32_s256_t3,0,COMMUNICATION_OP,hcom_receive_,hcom_receive__648_5_1,1,0.115022,0.115022,0.115022,512
decode-dbo_ep16_broadcast_reduce_overlap_b32_s256_t3,0,COMMUNICATION_OP,hcom_receive_,hcom_receive__098_101_1,1,0.097842,0.097842,0.097842,512
decode-dbo_ep16_broadcast_reduce_overlap_b32_s256_t3,0,COMMUNICATION_TASK_INFO,,hcom_receive__098_5_1,16,805.633837,50.3521148125,402.816008,33554456
decode-dbo_ep16_broadcast_reduce_overlap_b32_s256_t3,0,COMMUNICATION_TASK_INFO,,hcom_receive__098_3_1,16,772.434332,48.27714575,386.216116,33554456
decode-dbo_ep16_broadcast_reduce_overlap_b32_s256_t3,0,COMMUNICATION_TASK_INFO,,hcom_receive__648_6_1,11,308.917232,28.083384727272726,154.500907,65552
decode-dbo_ep16_broadcast_reduce_overlap_b32_s256_t3,0,COMMUNICATION_TASK_INFO,,hcom_receive__098_9_1,16,197.73157,12.358223125,98.864775,33554456
decode-dbo_ep16_broadcast_reduce_overlap_b32_s256_t3,0,COMMUNICATION_TASK_INFO,,hcom_receive__098_17_1,16,195.821033,12.2388145625,97.909657,33554456
decode-dbo_ep16_broadcast_reduce_overlap_b32_s256_t3,0,COMMUNICATION_TASK_INFO,,hcom_receive__098_7_1,16,185.22674,11.57667125,92.61237,33554456
decode-dbo_ep16_broadcast_reduce_overlap_b32_s256_t3,0,COMMUNICATION_TASK_INFO,,hcom_receive__098_85_1,16,166.070538,10.379408625,83.034159,33554456
decode-dbo_ep16_broadcast_reduce_overlap_b32_s256_t3,0,COMMUNICATION_TASK_INFO,,hcom_receive__098_13_1,16,144.20038,9.01252375,72.09916,33554456
decode-dbo_ep16_broadcast_reduce_overlap_b32_s256_t3,0,COMMUNICATION_TASK_INFO,,hcom_receive__098_53_1,16,133.915094,8.369693375,66.956517,33554456
decode-dbo_ep16_broadcast_reduce_overlap_b32_s256_t3,0,COMMUNICATION_TASK_INFO,,hcom_receive__098_51_1,16,133.396566,8.337285375,66.697373,33554456
decode-dbo_ep16_broadcast_reduce_overlap_b32_s256_t3,0,COMMUNICATION_TASK_INFO,,hcom_receive__098_39_1,16,128.884976,8.055311,64.441488,33554456
decode-dbo_ep16_broadcast_reduce_overlap_b32_s256_t3,0,COMMUNICATION_TASK_INFO,,hcom_receive__098_57_1,16,116.491946,7.280746625,58.244963,33554456
decode-dbo_ep16_broadcast_reduce_overlap_b32_s256_t3,0,COMMUNICATION_TASK_INFO,,hcom_receive__098_41_1,16,109.56561,6.847850625,54.781895,33554456
decode-dbo_ep16_broadcast_reduce_overlap_b32_s256_t3,0,COMMUNICATION_TASK_INFO,,hcom_receive__098_15_1,16,109.08124,6.8175775,54.53967,33554456
decode-dbo_ep16_broadcast_reduce_overlap_b32_s256_t3,0,COMMUNICATION_TASK_INFO,,hcom_receive__098_59_1,16,106.674292,6.66714325,53.336146,33554456
decode-dbo_ep16_broadcast_reduce_overlap_b32_s256_t3,0,COMMUNICATION_TASK_INFO,,hcom_allReduce__612_0_1,142,30.061681,0.2117019788732394,16.449789,288
decode-dbo_ep16_broadcast_reduce_overlap_b32_s256_t3,0,COMMUNICATION_TASK_INFO,,hcom_receive__098_63_1,16,19.923918,1.245244875,9.961039,33554456
decode-dbo_ep16_broadcast_reduce_overlap_b32_s256_t3,0,COMMUNICATION_TASK_INFO,,hcom_receive__098_49_1,16,19.386768,1.211673,9.692434,33554456
decode-dbo_ep16_broadcast_reduce_overlap_b32_s256_t3,0,COMMUNICATION_TASK_INFO,,hcom_receive__098_91_1,16,18.678612,1.16741325,9.338326,33554456
decode-dbo_ep16_broadcast_reduce_overlap_b32_s256_t3,0,COMMUNICATION_TASK_INFO,,hcom_receive__098_21_1,16,18.627492,1.16421825,9.312706,33554456
decode-dbo_ep16_broadcast_reduce_overlap_b32_s256_t3,0,COMMUNICATION_TASK_INFO,,hcom_receive__098_11_1,16,18.470449,1.1544030625,9.234224,33554456
decode-dbo_ep16_broadcast_reduce_overlap_b32_s256_t3,0,COMMUNICATION_TASK_INFO,,hcom_receive__098_77_1,16,17.712854,1.107053375,8.855437,33554456
decode-dbo_ep16_broadcast_reduce_overlap_b32_s256_t3,0,COMMUNICATION_TASK_INFO,,hcom_receive__098_35_1,16,17.250924,1.07818275,8.624452,33554456
decode-dbo_ep16_broadcast_reduce_overlap_b32_s256_t3,0,COMMUNICATION_TASK_INFO,,hcom_receive__098_37_1,16,17.127262,1.070453875,8.562651,33554456
decode-dbo_ep16_broadcast_reduce_overlap_b32_s256_t3,0,COMMUNICATION_TASK_INFO,,hcom_receive__098_75_1,16,16.56289,1.035180625,8.280445,33554456
decode-dbo_ep16_broadcast_reduce_overlap_b32_s256_t3,0,COMMUNICATION_TASK_INFO,,hcom_receive__098_47_1,16,16.503249,1.0314530625,8.250564,33554456
decode-dbo_ep16_broadcast_reduce_overlap_b32_s256_t3,0,COMMUNICATION_TASK_INFO,,hcom_receive__098_23_1,16,16.296806,1.018550375,8.147483,33554456
decode-dbo_ep16_broadcast_reduce_overlap_b32_s256_t3,0,COMMUNICATION_TASK_INFO,,hcom_receive__098_31_1,16,16.201444,1.01259025,8.099742,33554456
decode-dbo_ep16_broadcast_reduce_overlap_b32_s256_t3,0,COMMUNICATION_TASK_INFO,,hcom_receive__098_95_1,16,16.186504,1.0116565,8.092262,33554456
decode-dbo_ep16_broadcast_reduce_overlap_b32_s256_t3,0,COMMUNICATION_TASK_INFO,,hcom_receive__098_81_1,16,16.133743,1.0083589375,8.065921,33554456
decode-dbo_ep16_broadcast_reduce_overlap_b32_s256_t3,0,COMMUNICATION_TASK_INFO,,hcom_receive__098_61_1,16,15.96638,0.99789875,7.9823,33554456
decode-dbo_ep16_broadcast_reduce_overlap_b32_s256_t3,0,COMMUNICATION_TASK_INFO,,hcom_receive__098_33_1,16,15.781436,0.98633975,7.889698,33554456
decode-dbo_ep16_broadcast_reduce_overlap_b32_s256_t3,0,COMMUNICATION_TASK_INFO,,hcom_receive__098_79_1,16,15.685852,0.98036575,7.841996,33554456
decode-dbo_ep16_broadcast_reduce_overlap_b32_s256_t3,0,COMMUNICATION_TASK_INFO,,hcom_receive__098_93_1,16,15.631994,0.976999625,7.815077,33554456
decode-dbo_ep16_broadcast_reduce_overlap_b32_s256_t3,0,COMMUNICATION_TASK_INFO,,hcom_receive__098_73_1,16,15.54785,0.971740625,7.772975,33554456
decode-dbo_ep16_broadcast_reduce_overlap_b32_s256_t3,0,COMMUNICATION_TASK_INFO,,hcom_receive__098_27_1,16,15.417108,0.96356925,7.707554,33554456
decode-dbo_ep16_broadcast_reduce_overlap_b32_s256_t3,0,COMMUNICATION_TASK_INFO,,hcom_receive__098_71_1,16,15.257664,0.953604,7.627872,33554456
decode-dbo_ep16_broadcast_reduce_overlap_b32_s256_t3,0,COMMUNICATION_TASK_INFO,,hcom_receive__098_87_1,16,15.191504,0.949469,7.594752,33554456
decode-dbo_ep16_broadcast_reduce_overlap_b32_s256_t3,0,COMMUNICATION_TASK_INFO,,hcom_receive__098_55_1,16,15.0594,0.9412125,7.52873,33554456
decode-dbo_ep16_broadcast_reduce_overlap_b32_s256_t3,0,COMMUNICATION_TASK_INFO,,hcom_receive__098_29_1,16,14.783436,0.92396475,7.390668,33554456
decode-dbo_ep16_broadcast_reduce_overlap_b32_s256_t3,0,COMMUNICATION_TASK_INFO,,hcom_receive__098_89_1,16,14.414108,0.90088175,7.206004,33554456
decode-dbo_ep16_broadcast_reduce_overlap_b32_s256_t3,0,COMMUNICATION_TASK_INFO,,hcom_receive__098_83_1,16,14.323346,0.895209125,7.160683,33554456
decode-dbo_ep16_broadcast_reduce_overlap_b32_s256_t3,0,COMMUNICATION_TASK_INFO,,hcom_receive__098_69_1,16,14.182844,0.88642775,7.090402,33554456
decode-dbo_ep16_broadcast_reduce_overlap_b32_s256_t3,0,COMMUNICATION_TASK_INFO,,hcom_receive__098_19_1,16,14.180122,0.886257625,7.089081,33554456
decode-dbo_ep16_broadcast_reduce_overlap_b32_s256_t3,0,COMMUNICATION_TASK_INFO,,hcom_receive__098_45_1,16,14.134764,0.88342275,7.066322,33554456
decode-dbo_ep16_broadcast_reduce_overlap_b32_s256_t3,0,COMMUNICATION_TASK_INFO,,hcom_receive__098_25_1,16,14.074582,0.879661375,7.036241,33554456
decode-dbo_ep16_broadcast_reduce_overlap_b32_s256_t3,0,COMMUNICATION_TASK_INFO,,hcom_receive__098_67_1,16,13.668914,0.854307125,6.833337,33554456
decode-dbo_ep16_broadcast_reduce_overlap_b32_s256_t3,0,COMMUNICATION_TASK_INFO,,hcom_receive__098_65_1,16,13.641052,0.85256575,6.819496,33554456
decode-dbo_ep16_broadcast_reduce_overlap_b32_s256_t3,0,COMMUNICATION_TASK_INFO,,hcom_allReduce__612_6_1,142,12.94278,0.09114633802816902,6.572632,288
decode-dbo_ep16_broadcast_reduce_overlap_b32_s256_t3,0,COMMUNICATION_TASK_INFO,,hcom_receive__098_43_1,16,12.767956,0.79799725,6.383088,33554456
decode-dbo_ep16_broadcast_reduce_overlap_b32_s256_t3,0,COMMUNICATION_TASK_INFO,,hcom_receive__648_124_1,11,9.947839,0.904349,4.99804,65552
decode-dbo_ep16_broadcast_reduce_overlap_b32_s256_t3,0,COMMUNICATION_TASK_INFO,,hcom_receive__648_102_1,11,9.903297,0.9002997272727273,4.980599,65552
decode-dbo_ep16_broadcast_reduce_overlap_b32_s256_t3,0,COMMUNICATION_TASK_INFO,,hcom_receive__648_148_1,11,9.795216,0.8904741818181817,4.917518,65552
decode-dbo_ep16_broadcast_reduce_overlap_b32_s256_t3,0,COMMUNICATION_TASK_INFO,,hcom_receive__648_120_1,11,9.598033,0.8725484545454546,4.824037,65552
decode-dbo_ep16_broadcast_reduce_overlap_b32_s256_t3,0,COMMUNICATION_TASK_INFO,,hcom_receive__648_104_1,11,9.420947,0.8564497272727273,4.741594,65552
decode-dbo_ep16_broadcast_reduce_overlap_b32_s256_t3,0,COMMUNICATION_TASK_INFO,,hcom_receive__648_138_1,11,9.415247,0.8559315454545454,4.733574,65552
decode-dbo_ep16_broadcast_reduce_overlap_b32_s256_t3,0,COMMUNICATION_TASK_INFO,,hcom_receive__648_176_1,11,9.407287,0.855207909090909,4.724694,65552
decode-dbo_ep16_broadcast_reduce_overlap_b32_s256_t3,0,COMMUNICATION_TASK_INFO,,hcom_receive__648_52_1,11,9.393227,0.8539297272727273,4.724014,65552
decode-dbo_ep16_broadcast_reduce_overlap_b32_s256_t3,0,COMMUNICATION_TASK_INFO,,hcom_receive__648_178_1,11,9.204043,0.8367311818181817,4.626872,65552
decode-dbo_ep16_broadcast_reduce_overlap_b32_s256_t3,0,COMMUNICATION_TASK_INFO,,hcom_receive__648_152_1,11,8.882177,0.8074706363636364,4.461889,65552
decode-dbo_ep16_broadcast_reduce_overlap_b32_s256_t3,0,COMMUNICATION_TASK_INFO,,hcom_receive__648_172_1,11,8.844497,0.8040451818181817,4.447889,65552
decode-dbo_ep16_broadcast_reduce_overlap_b32_s256_t3,0,COMMUNICATION_TASK_INFO,,hcom_receive__648_160_1,11,8.764135,0.7967395454545454,4.407388,65552
decode-dbo_ep16_broadcast_reduce_overlap_b32_s256_t3,0,COMMUNICATION_TASK_INFO,,hcom_receive__648_136_1,11,8.687195,0.789745,4.368868,65552
decode-dbo_ep16_broadcast_reduce_overlap_b32_s256_t3,0,COMMUNICATION_TASK_INFO,,hcom_receive__648_118_1,11,8.52247,0.77477,4.285405,65552
decode-dbo_ep16_broadcast_reduce_overlap_b32_s256_t3,0,COMMUNICATION_TASK_INFO,,hcom_receive__648_122_1,11,8.51239,0.7738536363636364,4.280725,65552
decode-dbo_ep16_broadcast_reduce_overlap_b32_s256_t3,0,COMMUNICATION_TASK_INFO,,hcom_receive__648_72_1,11,8.457789,0.768889909090909,4.257965,65552
decode-dbo_ep16_broadcast_reduce_overlap_b32_s256_t3,0,COMMUNICATION_TASK_INFO,,hcom_receive__648_184_1,11,8.288745,0.7535222727272727,4.164763,65552
decode-dbo_ep16_broadcast_reduce_overlap_b32_s256_t3,0,COMMUNICATION_TASK_INFO,,hcom_receive__648_128_1,11,8.270765,0.7518877272727273,4.158283,65552
decode-dbo_ep16_broadcast_reduce_overlap_b32_s256_t3,0,COMMUNICATION_TASK_INFO,,hcom_receive__648_130_1,11,8.217405,0.7470368181818182,4.132443,65552
decode-dbo_ep16_broadcast_reduce_overlap_b32_s256_t3,0,COMMUNICATION_TASK_INFO,,hcom_receive__648_54_1,11,8.062541,0.7329582727272727,4.061861,65552
decode-dbo_ep16_broadcast_reduce_overlap_b32_s256_t3,0,COMMUNICATION_TASK_INFO,,hcom_receive__648_12_1,11,8.048121,0.7316473636363636,4.059341,65552
decode-dbo_ep16_broadcast_reduce_overlap_b32_s256_t3,0,COMMUNICATION_TASK_INFO,,hcom_receive__648_88_1,11,8.01304,0.7284581818181818,4.030421,65552
decode-dbo_ep16_broadcast_reduce_overlap_b32_s256_t3,0,COMMUNICATION_TASK_INFO,,hcom_receive__648_28_1,11,7.980981,0.7255437272727273,4.011721,65552
decode-dbo_ep16_broadcast_reduce_overlap_b32_s256_t3,0,COMMUNICATION_TASK_INFO,,hcom_receive__648_166_1,11,7.972339,0.7247580909090909,4.01166,65552
decode-dbo_ep16_broadcast_reduce_overlap_b32_s256_t3,0,COMMUNICATION_TASK_INFO,,hcom_receive__648_46_1,11,7.947859,0.7225326363636364,3.99956,65552
decode-dbo_ep16_broadcast_reduce_overlap_b32_s256_t3,0,COMMUNICATION_TASK_INFO,,hcom_send__098_0_1,18,7.939098,0.441061,4.218584,67108888
decode-dbo_ep16_broadcast_reduce_overlap_b32_s256_t3,0,COMMUNICATION_TASK_INFO,,hcom_receive__648_144_1,11,7.887377,0.7170342727272727,3.966459,65552
decode-dbo_ep16_broadcast_reduce_overlap_b32_s256_t3,0,COMMUNICATION_TASK_INFO,,hcom_receive__648_170_1,11,7.885397,0.7168542727272728,3.966959,65552
decode-dbo_ep16_broadcast_reduce_overlap_b32_s256_t3,0,COMMUNICATION_TASK_INFO,,hcom_receive__648_24_1,11,7.835797,0.7123451818181817,3.945299,65552
decode-dbo_ep16_broadcast_reduce_overlap_b32_s256_t3,0,COMMUNICATION_TASK_INFO,,hcom_receive__648_48_1,11,7.743575,0.7039613636363636,3.899198,65552
decode-dbo_ep16_broadcast_reduce_overlap_b32_s256_t3,0,COMMUNICATION_TASK_INFO,,hcom_receive__648_14_1,11,7.698633,0.6998757272727273,3.880757,65552
decode-dbo_ep16_broadcast_reduce_overlap_b32_s256_t3,0,COMMUNICATION_TASK_INFO,,hcom_receive__648_110_1,11,7.660533,0.696412090909091,3.855877,65552
decode-dbo_ep16_broadcast_reduce_overlap_b32_s256_t3,0,COMMUNICATION_TASK_INFO,,hcom_receive__648_74_1,11,7.659073,0.6962793636363637,3.858017,65552
decode-dbo_ep16_broadcast_reduce_overlap_b32_s256_t3,0,COMMUNICATION_TASK_INFO,,hcom_receive__648_112_1,11,7.655133,0.6959211818181817,3.852377,65552
decode-dbo_ep16_broadcast_reduce_overlap_b32_s256_t3,0,COMMUNICATION_TASK_INFO,,hcom_receive__648_40_1,11,7.651673,0.6956066363636364,3.852477,65552
decode-dbo_ep16_broadcast_reduce_overlap_b32_s256_t3,0,COMMUNICATION_TASK_INFO,,hcom_receive__648_106_1,11,7.645073,0.6950066363636364,3.848637,65552
decode-dbo_ep16_broadcast_reduce_overlap_b32_s256_t3,0,COMMUNICATION_TASK_INFO,,hcom_receive__648_142_1,11,7.624613,0.6931466363636364,3.838017,65552
decode-dbo_ep16_broadcast_reduce_overlap_b32_s256_t3,0,COMMUNICATION_TASK_INFO,,hcom_receive__648_64_1,11,7.519931,0.683630090909091,3.787896,65552
decode-dbo_ep16_broadcast_reduce_overlap_b32_s256_t3,0,COMMUNICATION_TASK_INFO,,hcom_receive__648_168_1,11,7.414927,0.6740842727272727,3.729874,65552
decode-dbo_ep16_broadcast_reduce_overlap_b32_s256_t3,0,COMMUNICATION_TASK_INFO,,hcom_receive__648_154_1,11,7.402829,0.6729844545454546,3.726535,65552
decode-dbo_ep16_broadcast_reduce_overlap_b32_s256_t3,0,COMMUNICATION_TASK_INFO,,hcom_receive__648_86_1,11,7.374707,0.6704279090909091,3.716234,65552
decode-dbo_ep16_broadcast_reduce_overlap_b32_s256_t3,0,COMMUNICATION_TASK_INFO,,hcom_receive__648_186_1,11,7.330805,0.6664368181818182,3.691813,65552
decode-dbo_ep16_broadcast_reduce_overlap_b32_s256_t3,0,COMMUNICATION_TASK_INFO,,hcom_receive__648_162_1,11,7.171803,0.651982090909091,3.611572,65552
decode-dbo_ep16_broadcast_reduce_overlap_b32_s256_t3,0,COMMUNICATION_TASK_INFO,,hcom_receive__648_132_1,11,7.155303,0.6504820909090909,3.602312,65552
decode-dbo_ep16_broadcast_reduce_overlap_b32_s256_t3,0,COMMUNICATION_TASK_INFO,,hcom_receive__648_108_1,11,7.137283,0.648843909090909,3.592152,65552
decode-dbo_ep16_broadcast_reduce_overlap_b32_s256_t3,0,COMMUNICATION_TASK_INFO,,hcom_receive__648_194_1,11,7.078061,0.643460090909091,3.557351,65552
decode-dbo_ep16_broadcast_reduce_overlap_b32_s256_t3,0,COMMUNICATION_TASK_INFO,,hcom_receive__648_100_1,11,7.035299,0.6395726363636364,3.54205,65552
decode-dbo_ep16_broadcast_reduce_overlap_b32_s256_t3,0,COMMUNICATION_TASK_INFO,,hcom_receive__648_7_1,11,7.02296,0.6384509090909091,3.51129,65552
decode-dbo_ep16_broadcast_reduce_overlap_b32_s256_t3,0,COMMUNICATION_TASK_INFO,,hcom_receive__648_50_1,11,7.012819,0.637529,3.53303,65552
decode-dbo_ep16_broadcast_reduce_overlap_b32_s256_t3,0,COMMUNICATION_TASK_INFO,,hcom_receive__648_76_1,11,7.006539,0.636958090909091,3.52783,65552
decode-dbo_ep16_broadcast_reduce_overlap_b32_s256_t3,0,COMMUNICATION_TASK_INFO,,hcom_receive__648_188_1,11,6.9493,0.6317545454545455,3.49207,65552
decode-dbo_ep16_broadcast_reduce_overlap_b32_s256_t3,0,COMMUNICATION_TASK_INFO,,hcom_receive__648_66_1,11,6.921579,0.6292344545454546,3.48379,65552
decode-dbo_ep16_broadcast_reduce_overlap_b32_s256_t3,0,COMMUNICATION_TASK_INFO,,hcom_receive__648_180_1,11,6.852856,0.622986909090909,3.452389,65552
decode-dbo_ep16_broadcast_reduce_overlap_b32_s256_t3,0,COMMUNICATION_TASK_INFO,,hcom_receive__648_190_1,11,6.844796,0.6222541818181818,3.439948,65552
decode-dbo_ep16_broadcast_reduce_overlap_b32_s256_t3,0,COMMUNICATION_TASK_INFO,,hcom_receive__648_94_1,11,6.772835,0.6157122727272727,3.414048,65552
decode-dbo_ep16_broadcast_reduce_overlap_b32_s256_t3,0,COMMUNICATION_TASK_INFO,,hcom_receive__648_70_1,11,6.757375,0.6143068181818182,3.403808,65552
decode-dbo_ep16_broadcast_reduce_overlap_b32_s256_t3,0,COMMUNICATION_TASK_INFO,,hcom_broadcast__612_1_1,27,6.738155,0.24956129629629628,4.059581,124
decode-dbo_ep16_broadcast_reduce_overlap_b32_s256_t3,0,COMMUNICATION_TASK_INFO,,hcom_receive__648_82_1,11,6.705193,0.609563,3.377747,65552
decode-dbo_ep16_broadcast_reduce_overlap_b32_s256_t3,0,COMMUNICATION_TASK_INFO,,hcom_receive__648_56_1,11,6.661893,0.6056266363636363,3.357847,65552
decode-dbo_ep16_broadcast_reduce_overlap_b32_s256_t3,0,COMMUNICATION_TASK_INFO,,hcom_receive__648_80_1,11,6.563371,0.596670090909091,3.303846,65552
decode-dbo_ep16_broadcast_reduce_overlap_b32_s256_t3,0,COMMUNICATION_TASK_INFO,,hcom_allReduce__612_2_1,142,6.549451,0.04612289436619719,3.693214,288
decode-dbo_ep16_broadcast_reduce_overlap_b32_s256_t3,0,COMMUNICATION_TASK_INFO,,hcom_receive__648_26_1,11,6.526411,0.5933100909090909,3.286826,65552
decode-dbo_ep16_broadcast_reduce_overlap_b32_s256_t3,0,COMMUNICATION_TASK_INFO,,hcom_receive__648_60_1,11,6.513851,0.5921682727272727,3.286186,65552
decode-dbo_ep16_broadcast_reduce_overlap_b32_s256_t3,0,COMMUNICATION_TASK_INFO,,hcom_receive__648_196_1,11,6.491449,0.5901317272727273,3.267325,65552
decode-dbo_ep16_broadcast_reduce_overlap_b32_s256_t3,0,COMMUNICATION_TASK_INFO,,hcom_receive__648_92_1,11,6.439129,0.5853753636363637,3.245105,65552
decode-dbo_ep16_broadcast_reduce_overlap_b32_s256_t3,0,COMMUNICATION_TASK_INFO,,hcom_receive__648_150_1,11,6.336427,0.5760388181818182,3.192584,65552
decode-dbo_ep16_broadcast_reduce_overlap_b32_s256_t3,0,COMMUNICATION_TASK_INFO,,hcom_receive__648_36_1,11,6.333786,0.5757987272727273,3.197144,65552
decode-dbo_ep16_broadcast_reduce_overlap_b32_s256_t3,0,COMMUNICATION_TASK_INFO,,hcom_receive__648_140_1,11,6.220805,0.5655277272727273,3.131263,65552
decode-dbo_ep16_broadcast_reduce_overlap_b32_s256_t3,0,COMMUNICATION_TASK_INFO,,hcom_receive__648_146_1,11,6.200503,0.5636820909090909,3.122522,65552
decode-dbo_ep16_broadcast_reduce_overlap_b32_s256_t3,0,COMMUNICATION_TASK_INFO,,hcom_receive__648_20_1,11,6.184423,0.5622202727272727,3.118862,65552
decode-dbo_ep16_broadcast_reduce_overlap_b32_s256_t3,0,COMMUNICATION_TASK_INFO,,hcom_receive__648_164_1,11,6.141663,0.558333,3.096582,65552
decode-dbo_ep16_broadcast_reduce_overlap_b32_s256_t3,0,COMMUNICATION_TASK_INFO,,hcom_receive__648_32_1,11,6.132063,0.5574602727272727,3.089482,65552
decode-dbo_ep16_broadcast_reduce_overlap_b32_s256_t3,0,COMMUNICATION_TASK_INFO,,hcom_receive__098_1_1,16,6.060341,0.3787713125,3.572571,33554456
decode-dbo_ep16_broadcast_reduce_overlap_b32_s256_t3,0,COMMUNICATION_TASK_INFO,,hcom_receive__648_22_1,11,5.859758,0.5327052727272727,2.954939,65552
decode-dbo_ep16_broadcast_reduce_overlap_b32_s256_t3,0,COMMUNICATION_TASK_INFO,,hcom_receive__648_126_1,11,5.838277,0.5307524545454546,2.942179,65552
decode-dbo_ep16_broadcast_reduce_overlap_b32_s256_t3,0,COMMUNICATION_TASK_INFO,,hcom_send__714_8_1,13,5.690674,0.4377441538461539,2.884738,131088
decode-dbo_ep16_broadcast_reduce_overlap_b32_s256_t3,0,COMMUNICATION_TASK_INFO,,hcom_receive__648_174_1,11,5.642433,0.5129484545454546,2.849417,65552
decode-dbo_ep16_broadcast_reduce_overlap_b32_s256_t3,0,COMMUNICATION_TASK_INFO,,hcom_receive__648_116_1,11,5.638293,0.5125720909090908,2.844177,65552
decode-dbo_ep16_broadcast_reduce_overlap_b32_s256_t3,0,COMMUNICATION_TASK_INFO,,hcom_receive__648_158_1,11,5.603272,0.5093883636363636,2.826637,65552
decode-dbo_ep16_broadcast_reduce_overlap_b32_s256_t3,0,COMMUNICATION_TASK_INFO,,hcom_receive__648_134_1,11,5.557531,0.5052300909090909,2.803976,65552
decode-dbo_ep16_broadcast_reduce_overlap_b32_s256_t3,0,COMMUNICATION_TASK_INFO,,hcom_receive__648_10_1,11,5.45683,0.49607545454545454,2.760316,65552
decode-dbo_ep16_broadcast_reduce_overlap_b32_s256_t3,0,COMMUNICATION_TASK_INFO,,hcom_receive__648_182_1,11,5.451389,0.49558081818181815,2.750235,65552
decode-dbo_ep16_broadcast_reduce_overlap_b32_s256_t3,0,COMMUNICATION_TASK_INFO,,hcom_receive__648_192_1,11,5.197183,0.4724711818181818,2.620192,65552
decode-dbo_ep16_broadcast_reduce_overlap_b32_s256_t3,0,COMMUNICATION_TASK_INFO,,hcom_receive__648_78_1,11,4.948939,0.4499035454545455,2.50421,65552
decode-dbo_ep16_broadcast_reduce_overlap_b32_s256_t3,0,COMMUNICATION_TASK_INFO,,hcom_send__714_0_1,12,4.869057,0.40575475,2.668073,2064
decode-dbo_ep16_broadcast_reduce_overlap_b32_s256_t3,0,COMMUNICATION_TASK_INFO,,hcom_receive__648_42_1,11,4.829016,0.43900145454545453,2.444809,65552
decode-dbo_ep16_broadcast_reduce_overlap_b32_s256_t3,0,COMMUNICATION_TASK_INFO,,hcom_receive__648_96_1,11,4.789375,0.4353977272727273,2.421268,65552
decode-dbo_ep16_broadcast_reduce_overlap_b32_s256_t3,0,COMMUNICATION_TASK_INFO,,hcom_receive__648_84_1,11,4.769975,0.4336340909090909,2.414108,65552
decode-dbo_ep16_broadcast_reduce_overlap_b32_s256_t3,0,COMMUNICATION_TASK_INFO,,hcom_receive__648_9_1,11,4.729194,0.4299267272727273,2.364547,65552
decode-dbo_ep16_broadcast_reduce_overlap_b32_s256_t3,0,COMMUNICATION_TASK_INFO,,hcom_receive__648_19_1,11,4.728714,0.4298830909090909,2.364307,65552
decode-dbo_ep16_broadcast_reduce_overlap_b32_s256_t3,0,COMMUNICATION_TASK_INFO,,hcom_receive__648_44_1,11,4.574271,0.4158428181818182,2.311946,65552
decode-dbo_ep16_broadcast_reduce_overlap_b32_s256_t3,0,COMMUNICATION_TASK_INFO,,hcom_receive__648_99_1,11,4.46943,0.40631181818181816,2.234645,65552
decode-dbo_ep16_broadcast_reduce_overlap_b32_s256_t3,0,COMMUNICATION_TASK_INFO,,hcom_receive__648_68_1,11,4.469069,0.406279,2.259545,65552
decode-dbo_ep16_broadcast_reduce_overlap_b32_s256_t3,0,COMMUNICATION_TASK_INFO,,hcom_receive__648_30_1,11,4.338027,0.39436609090909086,2.195464,65552
decode-dbo_ep16_broadcast_reduce_overlap_b32_s256_t3,0,COMMUNICATION_TASK_INFO,,hcom_receive__648_8_1,11,4.302207,0.3911097272727273,2.182904,65552
decode-dbo_ep16_broadcast_reduce_overlap_b32_s256_t3,0,COMMUNICATION_TASK_INFO,,hcom_receive__648_11_1,11,4.182682,0.3802438181818182,2.091321,65552
decode-dbo_ep16_broadcast_reduce_overlap_b32_s256_t3,0,COMMUNICATION_TASK_INFO,,hcom_receive__648_63_1,11,4.085042,0.37136745454545456,2.042441,65552
decode-dbo_ep16_broadcast_reduce_overlap_b32_s256_t3,0,COMMUNICATION_TASK_INFO,,hcom_receive__648_17_1,11,4.073682,0.3703347272727273,2.036741,65552
decode-dbo_ep16_broadcast_reduce_overlap_b32_s256_t3,0,COMMUNICATION_TASK_INFO,,hcom_receive__648_23_1,11,4.017502,0.3652274545454545,2.008721,65552
decode-dbo_ep16_broadcast_reduce_overlap_b32_s256_t3,0,COMMUNICATION_TASK_INFO,,hcom_receive__648_115_1,11,3.958658,0.359878,1.979319,65552
decode-dbo_ep16_broadcast_reduce_overlap_b32_s256_t3,0,COMMUNICATION_TASK_INFO,,hcom_receive__648_98_1,11,3.875137,0.3522851818181818,1.962319,65552
decode-dbo_ep16_broadcast_reduce_overlap_b32_s256_t3,0,COMMUNICATION_TASK_INFO,,hcom_send__098_88_1,18,3.819616,0.21220088888888888,1.50239,67108888
decode-dbo_ep16_broadcast_reduce_overlap_b32_s256_t3,0,COMMUNICATION_TASK_INFO,,hcom_receive__648_107_1,11,3.818356,0.3471232727272727,1.909118,65552
decode-dbo_ep16_broadcast_reduce_overlap_b32_s256_t3,0,COMMUNICATION_TASK_INFO,,hcom_send__098_46_1,18,3.816656,0.21203644444444444,1.50443,67108888
decode-dbo_ep16_broadcast_reduce_overlap_b32_s256_t3,0,COMMUNICATION_TASK_INFO,,hcom_send__098_68_1,18,3.810296,0.21168311111111113,1.50341,67108888
decode-dbo_ep16_broadcast_reduce_overlap_b32_s256_t3,0,COMMUNICATION_TASK_INFO,,hcom_send__098_82_1,18,3.808556,0.21158644444444444,1.50315,67108888
decode-dbo_ep16_broadcast_reduce_overlap_b32_s256_t3,0,COMMUNICATION_TASK_INFO,,hcom_send__098_66_1,18,3.802416,0.21124533333333334,1.50391,67108888
decode-dbo_ep16_broadcast_reduce_overlap_b32_s256_t3,0,COMMUNICATION_TASK_INFO,,hcom_send__098_64_1,18,3.801696,0.21120533333333336,1.50241,67108888
decode-dbo_ep16_broadcast_reduce_overlap_b32_s256_t3,0,COMMUNICATION_TASK_INFO,,hcom_send__098_34_1,18,3.801117,0.21117316666666666,1.504871,67108888
decode-dbo_ep16_broadcast_reduce_overlap_b32_s256_t3,0,COMMUNICATION_TASK_INFO,,hcom_send__098_70_1,18,3.801016,0.21116755555555555,1.50551,67108888
decode-dbo_ep16_broadcast_reduce_overlap_b32_s256_t3,0,COMMUNICATION_TASK_INFO,,hcom_receive__648_114_1,11,3.799877,0.34544336363636363,1.922859,65552
decode-dbo_ep16_broadcast_reduce_overlap_b32_s256_t3,0,COMMUNICATION_TASK_INFO,,hcom_send__098_72_1,18,3.794096,0.21078311111111112,1.50291,67108888
decode-dbo_ep16_broadcast_reduce_overlap_b32_s256_t3,0,COMMUNICATION_TASK_INFO,,hcom_send__098_76_1,18,3.788855,0.21049194444444444,1.50333,67108888
decode-dbo_ep16_broadcast_reduce_overlap_b32_s256_t3,0,COMMUNICATION_TASK_INFO,,hcom_send__098_84_1,18,3.788155,0.21045305555555557,1.50335,67108888
decode-dbo_ep16_broadcast_reduce_overlap_b32_s256_t3,0,COMMUNICATION_TASK_INFO,,hcom_send__098_86_1,18,3.786876,0.210382,1.50325,67108888
decode-dbo_ep16_broadcast_reduce_overlap_b32_s256_t3,0,COMMUNICATION_TASK_INFO,,hcom_send__098_32_1,18,3.784296,0.21023866666666666,1.50185,67108888
decode-dbo_ep16_broadcast_reduce_overlap_b32_s256_t3,0,COMMUNICATION_TASK_INFO,,hcom_send__098_58_1,18,3.784035,0.21022416666666666,1.50465,67108888
decode-dbo_ep16_broadcast_reduce_overlap_b32_s256_t3,0,COMMUNICATION_TASK_INFO,,hcom_send__098_92_1,21,3.783915,0.18018642857142858,1.50323,67108900
decode-dbo_ep16_broadcast_reduce_overlap_b32_s256_t3,0,COMMUNICATION_TASK_INFO,,hcom_send__098_74_1,18,3.781196,0.21006644444444444,1.50429,67108888
decode-dbo_ep16_broadcast_reduce_overlap_b32_s256_t3,0,COMMUNICATION_TASK_INFO,,hcom_send__098_62_1,18,3.780035,0.21000194444444445,1.50557,67108888
decode-dbo_ep16_broadcast_reduce_overlap_b32_s256_t3,0,COMMUNICATION_TASK_INFO,,hcom_send__098_90_1,22,3.778756,0.17176163636363637,1.50257,67108904
decode-dbo_ep16_broadcast_reduce_overlap_b32_s256_t3,0,COMMUNICATION_TASK_INFO,,hcom_send__098_80_1,18,3.775476,0.20974866666666667,1.502591,67108888
decode-dbo_ep16_broadcast_reduce_overlap_b32_s256_t3,0,COMMUNICATION_TASK_INFO,,hcom_send__098_52_1,18,3.768576,0.20936533333333335,1.50247,67108888
decode-dbo_ep16_broadcast_reduce_overlap_b32_s256_t3,0,COMMUNICATION_TASK_INFO,,hcom_send__098_48_1,18,3.767655,0.20931416666666666,1.50329,67108888
decode-dbo_ep16_broadcast_reduce_overlap_b32_s256_t3,0,COMMUNICATION_TASK_INFO,,hcom_send__098_26_1,18,3.766255,0.20923638888888887,1.50443,67108888
decode-dbo_ep16_broadcast_reduce_overlap_b32_s256_t3,0,COMMUNICATION_TASK_INFO,,hcom_send__098_28_1,18,3.761935,0.20899638888888888,1.50357,67108888
decode-dbo_ep16_broadcast_reduce_overlap_b32_s256_t3,0,COMMUNICATION_TASK_INFO,,hcom_send__098_14_1,18,3.761275,0.20895972222222223,1.50395,67108888
decode-dbo_ep16_broadcast_reduce_overlap_b32_s256_t3,0,COMMUNICATION_TASK_INFO,,hcom_send__098_16_1,18,3.760975,0.20894305555555556,1.50295,67108888
decode-dbo_ep16_broadcast_reduce_overlap_b32_s256_t3,0,COMMUNICATION_TASK_INFO,,hcom_send__098_30_1,18,3.758855,0.2088252777777778,1.50515,67108888
decode-dbo_ep16_broadcast_reduce_overlap_b32_s256_t3,0,COMMUNICATION_TASK_INFO,,hcom_send__098_50_1,18,3.758095,0.20878305555555557,1.50471,67108888
decode-dbo_ep16_broadcast_reduce_overlap_b32_s256_t3,0,COMMUNICATION_TASK_INFO,,hcom_send__098_22_1,18,3.754395,0.2085775,1.50397,67108888
decode-dbo_ep16_broadcast_reduce_overlap_b32_s256_t3,0,COMMUNICATION_TASK_INFO,,hcom_send__098_56_1,18,3.754115,0.20856194444444442,1.50211,67108888
decode-dbo_ep16_broadcast_reduce_overlap_b32_s256_t3,0,COMMUNICATION_TASK_INFO,,hcom_send__098_78_1,18,3.752675,0.20848194444444443,1.50413,67108888
decode-dbo_ep16_broadcast_reduce_overlap_b32_s256_t3,0,COMMUNICATION_TASK_INFO,,hcom_send__098_54_1,18,3.748075,0.20822638888888886,1.50373,67108888
decode-dbo_ep16_broadcast_reduce_overlap_b32_s256_t3,0,COMMUNICATION_TASK_INFO,,hcom_send__098_24_1,18,3.745655,0.20809194444444443,1.50373,67108888
decode-dbo_ep16_broadcast_reduce_overlap_b32_s256_t3,0,COMMUNICATION_TASK_INFO,,hcom_send__098_44_1,18,3.742174,0.20789855555555556,1.50201,67108888
decode-dbo_ep16_broadcast_reduce_overlap_b32_s256_t3,0,COMMUNICATION_TASK_INFO,,hcom_send__098_36_1,18,3.722194,0.20678855555555556,1.50225,67108888
decode-dbo_ep16_broadcast_reduce_overlap_b32_s256_t3,0,COMMUNICATION_TASK_INFO,,hcom_send__098_10_1,18,3.720695,0.20670527777777778,1.506631,67108888
decode-dbo_ep16_broadcast_reduce_overlap_b32_s256_t3,0,COMMUNICATION_TASK_INFO,,hcom_send__098_60_1,18,3.681854,0.20454744444444445,1.50247,67108888
decode-dbo_ep16_broadcast_reduce_overlap_b32_s256_t3,0,COMMUNICATION_TASK_INFO,,hcom_send__098_20_1,18,3.678373,0.20435405555555555,1.50263,67108888
decode-dbo_ep16_broadcast_reduce_overlap_b32_s256_t3,0,COMMUNICATION_TASK_INFO,,hcom_send__098_8_1,18,3.670153,0.20389738888888886,1.50313,67108888
decode-dbo_ep16_broadcast_reduce_overlap_b32_s256_t3,0,COMMUNICATION_TASK_INFO,,hcom_send__714_20_1,13,3.620371,0.2784900769230769,1.836936,131088
decode-dbo_ep16_broadcast_reduce_overlap_b32_s256_t3,0,COMMUNICATION_TASK_INFO,,hcom_receive__648_156_1,11,3.617273,0.328843,1.834817,65552
decode-dbo_ep16_broadcast_reduce_overlap_b32_s256_t3,0,COMMUNICATION_TASK_INFO,,hcom_receive__648_59_1,11,3.615072,0.3286429090909091,1.807476,65552
decode-dbo_ep16_broadcast_reduce_overlap_b32_s256_t3,0,COMMUNICATION_TASK_INFO,,hcom_send__714_10_1,13,3.610013,0.2776933076923077,1.860898,131088
decode-dbo_ep16_broadcast_reduce_overlap_b32_s256_t3,0,COMMUNICATION_TASK_INFO,,hcom_send__098_42_1,18,3.608012,0.20044511111111113,1.50443,67108888
decode-dbo_ep16_broadcast_reduce_overlap_b32_s256_t3,0,COMMUNICATION_TASK_INFO,,hcom_send__098_38_1,18,3.603632,0.20020177777777778,1.50401,67108888
decode-dbo_ep16_broadcast_reduce_overlap_b32_s256_t3,0,COMMUNICATION_TASK_INFO,,hcom_receive__648_39_1,11,3.589692,0.32633563636363633,1.794776,65552
decode-dbo_ep16_broadcast_reduce_overlap_b32_s256_t3,0,COMMUNICATION_TASK_INFO,,hcom_send__098_6_1,18,3.554951,0.19749727777777779,1.50473,67108888
decode-dbo_ep16_broadcast_reduce_overlap_b32_s256_t3,0,COMMUNICATION_TASK_INFO,,hcom_send__098_94_1,21,3.54021,0.16858142857142858,1.50309,67108900
decode-dbo_ep16_broadcast_reduce_overlap_b32_s256_t3,0,COMMUNICATION_TASK_INFO,,hcom_receive__648_35_1,11,3.52191,0.3201736363636363,1.760895,65552
decode-dbo_ep16_broadcast_reduce_overlap_b32_s256_t3,0,COMMUNICATION_TASK_INFO,,hcom_send__098_40_1,18,3.50509,0.19472722222222222,1.50259,67108888
decode-dbo_ep16_broadcast_reduce_overlap_b32_s256_t3,0,COMMUNICATION_TASK_INFO,,hcom_send__098_4_1,18,3.493449,0.1940805,1.50265,67108888
decode-dbo_ep16_broadcast_reduce_overlap_b32_s256_t3,0,COMMUNICATION_TASK_INFO,,hcom_receive__648_18_1,11,3.492291,0.317481,1.776956,65552
decode-dbo_ep16_broadcast_reduce_overlap_b32_s256_t3,0,COMMUNICATION_TASK_INFO,,hcom_receive__648_90_1,11,3.484049,0.3167317272727273,1.771335,65552
decode-dbo_ep16_broadcast_reduce_overlap_b32_s256_t3,0,COMMUNICATION_TASK_INFO,,hcom_send__098_12_1,18,3.446589,0.19147716666666667,1.50331,67108888
decode-dbo_ep16_broadcast_reduce_overlap_b32_s256_t3,0,COMMUNICATION_TASK_INFO,,hcom_receive__648_91_1,11,3.43955,0.31268636363636365,1.719735,65552
decode-dbo_ep16_broadcast_reduce_overlap_b32_s256_t3,0,COMMUNICATION_TASK_INFO,,hcom_receive__648_38_1,11,3.430649,0.3118771818181818,1.736815,65552
decode-dbo_ep16_broadcast_reduce_overlap_b32_s256_t3,0,COMMUNICATION_TASK_INFO,,hcom_receive__714_1_1,11,3.401568,0.30923345454545453,1.838937,1040
decode-dbo_ep16_broadcast_reduce_overlap_b32_s256_t3,0,COMMUNICATION_TASK_INFO,,hcom_send__714_100_1,12,3.389808,0.282484,1.724435,131088
decode-dbo_ep16_broadcast_reduce_overlap_b32_s256_t3,0,COMMUNICATION_TASK_INFO,,hcom_send__098_2_1,18,3.340748,0.18559711111111113,1.837777,67108888
decode-dbo_ep16_broadcast_reduce_overlap_b32_s256_t3,0,COMMUNICATION_TASK_INFO,,hcom_send__098_18_1,18,3.231405,0.1795225,1.50381,67108888
decode-dbo_ep16_broadcast_reduce_overlap_b32_s256_t3,0,COMMUNICATION_TASK_INFO,,hcom_send__714_12_1,13,3.108583,0.23912176923076922,1.579692,131088
decode-dbo_ep16_broadcast_reduce_overlap_b32_s256_t3,0,COMMUNICATION_TASK_INFO,,hcom_receive__648_21_1,11,3.06336,0.2784872727272727,1.53171,65552
decode-dbo_ep16_broadcast_reduce_overlap_b32_s256_t3,0,COMMUNICATION_TASK_INFO,,hcom_send__714_18_1,13,3.048621,0.23450930769230768,1.551471,131088
decode-dbo_ep16_broadcast_reduce_overlap_b32_s256_t3,0,COMMUNICATION_TASK_INFO,,hcom_receive__648_16_1,11,3.009461,0.27358736363636366,1.532951,65552
decode-dbo_ep16_broadcast_reduce_overlap_b32_s256_t3,0,COMMUNICATION_TASK_INFO,,hcom_send__714_24_1,13,2.989679,0.2299753076923077,1.52143,131088
decode-dbo_ep16_broadcast_reduce_overlap_b32_s256_t3,0,COMMUNICATION_TASK_INFO,,hcom_send__714_64_1,13,2.978739,0.22913376923076922,1.51841,131088
decode-dbo_ep16_broadcast_reduce_overlap_b32_s256_t3,0,COMMUNICATION_TASK_INFO,,hcom_receive__648_58_1,11,2.875437,0.26140336363636363,1.464549,65552
decode-dbo_ep16_broadcast_reduce_overlap_b32_s256_t3,0,COMMUNICATION_TASK_INFO,,hcom_receive__648_165_1,11,2.826136,0.25692145454545456,1.413028,65552
decode-dbo_ep16_broadcast_reduce_overlap_b32_s256_t3,0,COMMUNICATION_TASK_INFO,,hcom_receive__648_33_1,11,2.818156,0.256196,1.408988,65552
decode-dbo_ep16_broadcast_reduce_overlap_b32_s256_t3,0,COMMUNICATION_TASK_INFO,,hcom_receive__648_34_1,11,2.749075,0.24991590909090908,1.401608,65552
decode-dbo_ep16_broadcast_reduce_overlap_b32_s256_t3,0,COMMUNICATION_TASK_INFO,,hcom_receive__648_195_1,11,2.728276,0.24802509090909092,1.364108,65552
decode-dbo_ep16_broadcast_reduce_overlap_b32_s256_t3,0,COMMUNICATION_TASK_INFO,,hcom_receive__648_25_1,11,2.615932,0.237812,1.307906,65552
decode-dbo_ep16_broadcast_reduce_overlap_b32_s256_t3,0,COMMUNICATION_TASK_INFO,,hcom_receive__648_157_1,11,2.588172,0.23528836363636366,1.294066,65552
decode-dbo_ep16_broadcast_reduce_overlap_b32_s256_t3,0,COMMUNICATION_TASK_INFO,,hcom_send__714_60_1,13,2.559471,0.19688238461538463,1.306826,131088
decode-dbo_ep16_broadcast_reduce_overlap_b32_s256_t3,0,COMMUNICATION_TASK_INFO,,hcom_allReduce__612_4_1,142,2.548749,0.017948936619718307,1.467909,288
decode-dbo_ep16_broadcast_reduce_overlap_b32_s256_t3,0,COMMUNICATION_TASK_INFO,,hcom_send__714_40_1,13,2.540351,0.19541161538461538,1.300826,131088
decode-dbo_ep16_broadcast_reduce_overlap_b32_s256_t3,0,COMMUNICATION_TASK_INFO,,hcom_receive__648_1_1,11,2.53305,0.23027727272727275,1.399748,1040
decode-dbo_ep16_broadcast_reduce_overlap_b32_s256_t3,0,COMMUNICATION_TASK_INFO,,hcom_allReduce__612_5_1,142,2.517891,0.01773162676056338,1.440529,288
decode-dbo_ep16_broadcast_reduce_overlap_b32_s256_t3,0,COMMUNICATION_TASK_INFO,,hcom_send__714_36_1,13,2.498229,0.19217146153846154,1.275105,131088
decode-dbo_ep16_broadcast_reduce_overlap_b32_s256_t3,0,COMMUNICATION_TASK_INFO,,hcom_receive__648_127_1,11,2.49035,0.22639545454545457,1.245145,65552
decode-dbo_ep16_broadcast_reduce_overlap_b32_s256_t3,0,COMMUNICATION_TASK_INFO,,hcom_receive__648_69_1,11,2.47203,0.22473,1.235945,65552
decode-dbo_ep16_broadcast_reduce_overlap_b32_s256_t3,0,COMMUNICATION_TASK_INFO,,hcom_receive__648_62_1,11,2.433789,0.22125354545454545,1.241305,65552
decode-dbo_ep16_broadcast_reduce_overlap_b32_s256_t3,0,COMMUNICATION_TASK_INFO,,hcom_allReduce__612_3_1,142,2.402869,0.01692161267605634,1.320687,288
decode-dbo_ep16_broadcast_reduce_overlap_b32_s256_t3,0,COMMUNICATION_TASK_INFO,,hcom_send__714_92_1,13,2.399607,0.18458515384615384,1.227264,131088
decode-dbo_ep16_broadcast_reduce_overlap_b32_s256_t3,0,COMMUNICATION_TASK_INFO,,hcom_receive__648_197_1,11,2.346606,0.21332781818181817,1.173243,65552
decode-dbo_ep16_broadcast_reduce_overlap_b32_s256_t3,0,COMMUNICATION_TASK_INFO,,hcom_receive__648_31_1,11,2.282464,0.20749672727272728,1.141182,65552
decode-dbo_ep16_broadcast_reduce_overlap_b32_s256_t3,0,COMMUNICATION_TASK_INFO,,hcom_receive__648_189_1,11,2.258004,0.2052730909090909,1.128982,65552
decode-dbo_ep16_broadcast_reduce_overlap_b32_s256_t3,0,COMMUNICATION_TASK_INFO,,hcom_receive__648_43_1,11,2.199284,0.19993490909090908,1.099582,65552
decode-dbo_ep16_broadcast_reduce_overlap_b32_s256_t3,0,COMMUNICATION_TASK_INFO,,hcom_receive__648_93_1,11,2.191242,0.19920381818181818,1.095541,65552
decode-dbo_ep16_broadcast_reduce_overlap_b32_s256_t3,0,COMMUNICATION_TASK_INFO,,hcom_receive__648_117_1,11,2.161682,0.19651654545454544,1.080741,65552
decode-dbo_ep16_broadcast_reduce_overlap_b32_s256_t3,0,COMMUNICATION_TASK_INFO,,hcom_receive__648_45_1,11,1.9945,0.18131818181818182,0.99718,65552
decode-dbo_ep16_broadcast_reduce_overlap_b32_s256_t3,0,COMMUNICATION_TASK_INFO,,hcom_receive__648_85_1,11,1.95004,0.17727636363636365,0.97498,65552
decode-dbo_ep16_broadcast_reduce_overlap_b32_s256_t3,0,COMMUNICATION_TASK_INFO,,hcom_send__714_22_1,13,1.902498,0.146346,0.9836,131088
decode-dbo_ep16_broadcast_reduce_overlap_b32_s256_t3,0,COMMUNICATION_TASK_INFO,,hcom_receive__648_97_1,11,1.784096,0.16219054545454545,0.891978,65552
decode-dbo_ep16_broadcast_reduce_overlap_b32_s256_t3,0,COMMUNICATION_TASK_INFO,,hcom_send__714_34_1,13,1.740115,0.133855,0.897898,131088
decode-dbo_ep16_broadcast_reduce_overlap_b32_s256_t3,0,COMMUNICATION_TASK_INFO,,hcom_send__714_116_1,13,1.737995,0.13369192307692307,0.893118,131088
decode-dbo_ep16_broadcast_reduce_overlap_b32_s256_t3,0,COMMUNICATION_TASK_INFO,,hcom_receive__648_47_1,11,1.735894,0.15780854545454545,0.867877,65552
decode-dbo_ep16_broadcast_reduce_overlap_b32_s256_t3,0,COMMUNICATION_TASK_INFO,,hcom_receive__648_163_1,11,1.657014,0.15063763636363636,0.828437,65552
decode-dbo_ep16_broadcast_reduce_overlap_b32_s256_t3,0,COMMUNICATION_TASK_INFO,,hcom_receive__648_181_1,11,1.639813,0.1490739090909091,0.819976,65552
decode-dbo_ep16_broadcast_reduce_overlap_b32_s256_t3,0,COMMUNICATION_TASK_INFO,,hcom_receive__648_57_1,11,1.631914,0.14835581818181817,0.815857,65552
decode-dbo_ep16_broadcast_reduce_overlap_b32_s256_t3,0,COMMUNICATION_TASK_INFO,,hcom_receive__648_79_1,11,1.609772,0.14634290909090908,0.804836,65552
decode-dbo_ep16_broadcast_reduce_overlap_b32_s256_t3,0,COMMUNICATION_TASK_INFO,,hcom_send__714_108_1,13,1.598191,0.12293776923076924,0.828416,131088
decode-dbo_ep16_broadcast_reduce_overlap_b32_s256_t3,0,COMMUNICATION_TASK_INFO,,hcom_send__714_26_1,13,1.549291,0.11917623076923077,0.803176,131088
decode-dbo_ep16_broadcast_reduce_overlap_b32_s256_t3,0,COMMUNICATION_TASK_INFO,,hcom_receive__648_67_1,11,1.49263,0.13569363636363635,0.746375,65552
decode-dbo_ep16_broadcast_reduce_overlap_b32_s256_t3,0,COMMUNICATION_TASK_INFO,,hcom_send__714_70_1,13,1.401347,0.10779592307692308,0.729194,131088
decode-dbo_ep16_broadcast_reduce_overlap_b32_s256_t3,0,COMMUNICATION_TASK_INFO,,hcom_receive__648_71_1,11,1.302906,0.118446,0.651353,65552
decode-dbo_ep16_broadcast_reduce_overlap_b32_s256_t3,0,COMMUNICATION_TASK_INFO,,hcom_receive__648_183_1,11,1.291546,0.11741327272727273,0.645693,65552
decode-dbo_ep16_broadcast_reduce_overlap_b32_s256_t3,0,COMMUNICATION_TASK_INFO,,hcom_receive__648_151_1,11,1.263704,0.11488218181818183,0.631772,65552
decode-dbo_ep16_broadcast_reduce_overlap_b32_s256_t3,0,COMMUNICATION_TASK_INFO,,hcom_send__714_32_1,13,1.210845,0.09314192307692308,0.634553,131088
decode-dbo_ep16_broadcast_reduce_overlap_b32_s256_t3,0,COMMUNICATION_TASK_INFO,,hcom_send__714_44_1,13,1.171065,0.09008192307692307,0.608593,131088
decode-dbo_ep16_broadcast_reduce_overlap_b32_s256_t3,0,COMMUNICATION_TASK_INFO,,hcom_send__714_94_1,13,1.146323,0.08817869230769232,0.607172,131088
decode-dbo_ep16_broadcast_reduce_overlap_b32_s256_t3,0,COMMUNICATION_TASK_INFO,,hcom_receive__648_87_1,11,1.101282,0.10011654545454546,0.550451,65552
decode-dbo_ep16_broadcast_reduce_overlap_b32_s256_t3,0,COMMUNICATION_TASK_INFO,,hcom_receive__648_81_1,11,0.9394,0.0854,0.46967,65552
decode-dbo_ep16_broadcast_reduce_overlap_b32_s256_t3,0,COMMUNICATION_TASK_INFO,,hcom_receive__648_193_1,11,0.92748,0.08431636363636363,0.46369,65552
decode-dbo_ep16_broadcast_reduce_overlap_b32_s256_t3,0,COMMUNICATION_TASK_INFO,,hcom_receive__648_109_1,11,0.880036,0.08000327272727271,0.439948,65552
decode-dbo_ep16_broadcast_reduce_overlap_b32_s256_t3,0,COMMUNICATION_TASK_INFO,,hcom_receive__648_175_1,11,0.847636,0.07705781818181817,0.423768,65552
decode-dbo_ep16_broadcast_reduce_overlap_b32_s256_t3,0,COMMUNICATION_TASK_INFO,,hcom_send__714_86_1,13,0.829657,0.06381976923076924,0.441129,131088
decode-dbo_ep16_broadcast_reduce_overlap_b32_s256_t3,0,COMMUNICATION_TASK_INFO,,hcom_send__714_46_1,13,0.800015,0.06153961538461538,0.430288,131088
decode-dbo_ep16_broadcast_reduce_overlap_b32_s256_t3,0,COMMUNICATION_TASK_INFO,,hcom_receive__648_103_1,11,0.748556,0.06805054545454546,0.374228,65552
decode-dbo_ep16_broadcast_reduce_overlap_b32_s256_t3,0,COMMUNICATION_TASK_INFO,,hcom_send__714_98_1,13,0.729255,0.05609653846153846,0.390448,131088
decode-dbo_ep16_broadcast_reduce_overlap_b32_s256_t3,0,COMMUNICATION_TASK_INFO,,hcom_send__098_98_1,12,0.682374,0.0568645,0.379588,2064
decode-dbo_ep16_broadcast_reduce_overlap_b32_s256_t3,0,COMMUNICATION_TASK_INFO,,hcom_send__714_48_1,13,0.665373,0.05118253846153846,0.361167,131088
decode-dbo_ep16_broadcast_reduce_overlap_b32_s256_t3,0,COMMUNICATION_TASK_INFO,,hcom_receive__648_135_1,11,0.645874,0.05871581818181818,0.322827,65552
decode-dbo_ep16_broadcast_reduce_overlap_b32_s256_t3,0,COMMUNICATION_TASK_INFO,,hcom_send__714_166_1,13,0.618852,0.047604,0.321127,131088
decode-dbo_ep16_broadcast_reduce_overlap_b32_s256_t3,0,COMMUNICATION_TASK_INFO,,hcom_send__714_196_1,12,0.568731,0.04739425,0.314026,131088
decode-dbo_ep16_broadcast_reduce_overlap_b32_s256_t3,0,COMMUNICATION_TASK_INFO,,hcom_send__714_58_1,13,0.564071,0.04339007692307692,0.312246,131088
decode-dbo_ep16_broadcast_reduce_overlap_b32_s256_t3,0,COMMUNICATION_TASK_INFO,,hcom_receive__648_155_1,11,0.51171,0.04651909090909091,0.255845,65552
decode-dbo_ep16_broadcast_reduce_overlap_b32_s256_t3,0,COMMUNICATION_TASK_INFO,,hcom_receive__648_55_1,11,0.50957,0.04632454545454546,0.254745,65552
decode-dbo_ep16_broadcast_reduce_overlap_b32_s256_t3,0,COMMUNICATION_TASK_INFO,,hcom_receive__648_187_1,11,0.49555,0.04505,0.247685,65552
decode-dbo_ep16_broadcast_reduce_overlap_b32_s256_t3,0,COMMUNICATION_TASK_INFO,,hcom_send__648_0_1,12,0.49391,0.04115916666666666,0.458329,2064
decode-dbo_ep16_broadcast_reduce_overlap_b32_s256_t3,0,COMMUNICATION_TASK_INFO,,hcom_receive__648_51_1,11,0.48811,0.04437363636363636,0.243985,65552
decode-dbo_ep16_broadcast_reduce_overlap_b32_s256_t3,0,COMMUNICATION_TASK_INFO,,hcom_receive__648_101_1,11,0.48573,0.044157272727272726,0.242785,65552
decode-dbo_ep16_broadcast_reduce_overlap_b32_s256_t3,0,COMMUNICATION_TASK_INFO,,hcom_receive__648_143_1,11,0.482909,0.04390081818181819,0.241385,65552
decode-dbo_ep16_broadcast_reduce_overlap_b32_s256_t3,0,COMMUNICATION_TASK_INFO,,hcom_receive__648_49_1,11,0.48139,0.04376272727272727,0.240645,65552
decode-dbo_ep16_broadcast_reduce_overlap_b32_s256_t3,0,COMMUNICATION_TASK_INFO,,hcom_send__714_80_1,13,0.480289,0.036945307692307694,0.268125,131088
decode-dbo_ep16_broadcast_reduce_overlap_b32_s256_t3,0,COMMUNICATION_TASK_INFO,,hcom_receive__648_141_1,11,0.47829,0.04348090909090909,0.239085,65552
decode-dbo_ep16_broadcast_reduce_overlap_b32_s256_t3,0,COMMUNICATION_TASK_INFO,,hcom_receive__648_83_1,11,0.47171,0.042882727272727274,0.235785,65552
decode-dbo_ep16_broadcast_reduce_overlap_b32_s256_t3,0,COMMUNICATION_TASK_INFO,,hcom_receive__648_159_1,11,0.462909,0.042082636363636364,0.231424,65552
decode-dbo_ep16_broadcast_reduce_overlap_b32_s256_t3,0,COMMUNICATION_TASK_INFO,,hcom_receive__648_29_1,11,0.461928,0.04199345454545454,0.230924,65552
decode-dbo_ep16_broadcast_reduce_overlap_b32_s256_t3,0,COMMUNICATION_TASK_INFO,,hcom_receive__648_161_1,11,0.455648,0.041422545454545455,0.227784,65552
decode-dbo_ep16_broadcast_reduce_overlap_b32_s256_t3,0,COMMUNICATION_TASK_INFO,,hcom_receive__648_95_1,11,0.45441,0.04131,0.227125,65552
decode-dbo_ep16_broadcast_reduce_overlap_b32_s256_t3,0,COMMUNICATION_TASK_INFO,,hcom_receive__648_77_1,11,0.45439,0.04130818181818181,0.227125,65552
decode-dbo_ep16_broadcast_reduce_overlap_b32_s256_t3,0,COMMUNICATION_TASK_INFO,,hcom_receive__648_113_1,11,0.44611,0.04055545454545455,0.223005,65552
decode-dbo_ep16_broadcast_reduce_overlap_b32_s256_t3,0,COMMUNICATION_TASK_INFO,,hcom_receive__648_13_1,11,0.440768,0.040069818181818186,0.220364,65552
decode-dbo_ep16_broadcast_reduce_overlap_b32_s256_t3,0,COMMUNICATION_TASK_INFO,,hcom_receive__648_111_1,11,0.438528,0.039866181818181815,0.219244,65552
decode-dbo_ep16_broadcast_reduce_overlap_b32_s256_t3,0,COMMUNICATION_TASK_INFO,,hcom_receive__648_125_1,11,0.437148,0.039740727272727275,0.218524,65552
decode-dbo_ep16_broadcast_reduce_overlap_b32_s256_t3,0,COMMUNICATION_TASK_INFO,,hcom_receive__648_89_1,11,0.432749,0.039340818181818185,0.216304,65552
decode-dbo_ep16_broadcast_reduce_overlap_b32_s256_t3,0,COMMUNICATION_TASK_INFO,,hcom_send__714_2_1,12,0.432209,0.03601741666666666,0.255725,2064
decode-dbo_ep16_broadcast_reduce_overlap_b32_s256_t3,0,COMMUNICATION_TASK_INFO,,hcom_receive__648_27_1,11,0.431828,0.039257090909090915,0.215904,65552
decode-dbo_ep16_broadcast_reduce_overlap_b32_s256_t3,0,COMMUNICATION_TASK_INFO,,hcom_receive__648_179_1,11,0.430588,0.03914436363636364,0.215244,65552
decode-dbo_ep16_broadcast_reduce_overlap_b32_s256_t3,0,COMMUNICATION_TASK_INFO,,hcom_send__714_68_1,13,0.429527,0.03304053846153846,0.241604,131088
decode-dbo_ep16_broadcast_reduce_overlap_b32_s256_t3,0,COMMUNICATION_TASK_INFO,,hcom_send__714_4_1,12,0.429408,0.035784,0.261985,2064
decode-dbo_ep16_broadcast_reduce_overlap_b32_s256_t3,0,COMMUNICATION_TASK_INFO,,hcom_receive__648_171_1,11,0.428888,0.03898981818181818,0.214424,65552
decode-dbo_ep16_broadcast_reduce_overlap_b32_s256_t3,0,COMMUNICATION_TASK_INFO,,hcom_receive__648_65_1,11,0.426008,0.038728,0.212904,65552
decode-dbo_ep16_broadcast_reduce_overlap_b32_s256_t3,0,COMMUNICATION_TASK_INFO,,hcom_receive__648_177_1,11,0.422428,0.03840254545454545,0.211204,65552
decode-dbo_ep16_broadcast_reduce_overlap_b32_s256_t3,0,COMMUNICATION_TASK_INFO,,hcom_receive__648_167_1,11,0.420808,0.03825527272727273,0.210344,65552
decode-dbo_ep16_broadcast_reduce_overlap_b32_s256_t3,0,COMMUNICATION_TASK_INFO,,hcom_receive__648_41_1,11,0.418868,0.03807890909090909,0.209364,65552
decode-dbo_ep16_broadcast_reduce_overlap_b32_s256_t3,0,COMMUNICATION_TASK_INFO,,hcom_receive__648_145_1,11,0.418528,0.038048,0.209264,65552
decode-dbo_ep16_broadcast_reduce_overlap_b32_s256_t3,0,COMMUNICATION_TASK_INFO,,hcom_receive__648_61_1,11,0.415248,0.03774981818181818,0.207524,65552
decode-dbo_ep16_broadcast_reduce_overlap_b32_s256_t3,0,COMMUNICATION_TASK_INFO,,hcom_receive__648_75_1,11,0.412928,0.03753890909090909,0.206384,65552
decode-dbo_ep16_broadcast_reduce_overlap_b32_s256_t3,0,COMMUNICATION_TASK_INFO,,hcom_receive__648_191_1,11,0.412808,0.037528,0.206364,65552
decode-dbo_ep16_broadcast_reduce_overlap_b32_s256_t3,0,COMMUNICATION_TASK_INFO,,hcom_receive__648_73_1,11,0.407648,0.03705890909090909,0.203744,65552
decode-dbo_ep16_broadcast_reduce_overlap_b32_s256_t3,0,COMMUNICATION_TASK_INFO,,hcom_receive__648_129_1,11,0.406268,0.03693345454545455,0.203204,65552
decode-dbo_ep16_broadcast_reduce_overlap_b32_s256_t3,0,COMMUNICATION_TASK_INFO,,hcom_receive__648_147_1,11,0.404048,0.03673163636363636,0.201944,65552
decode-dbo_ep16_broadcast_reduce_overlap_b32_s256_t3,0,COMMUNICATION_TASK_INFO,,hcom_receive__648_169_1,11,0.403508,0.036682545454545454,0.201684,65552
decode-dbo_ep16_broadcast_reduce_overlap_b32_s256_t3,0,COMMUNICATION_TASK_INFO,,hcom_receive__648_119_1,11,0.399268,0.03629709090909091,0.199644,65552
decode-dbo_ep16_broadcast_reduce_overlap_b32_s256_t3,0,COMMUNICATION_TASK_INFO,,hcom_receive__648_131_1,11,0.398848,0.03625890909090909,0.199384,65552
decode-dbo_ep16_broadcast_reduce_overlap_b32_s256_t3,0,COMMUNICATION_TASK_INFO,,hcom_receive__648_139_1,11,0.398148,0.03619527272727273,0.199004,65552
decode-dbo_ep16_broadcast_reduce_overlap_b32_s256_t3,0,COMMUNICATION_TASK_INFO,,hcom_receive__648_123_1,11,0.397488,0.03613527272727273,0.198704,65552
decode-dbo_ep16_broadcast_reduce_overlap_b32_s256_t3,0,COMMUNICATION_TASK_INFO,,hcom_receive__648_149_1,11,0.394768,0.035888,0.197264,65552
decode-dbo_ep16_broadcast_reduce_overlap_b32_s256_t3,0,COMMUNICATION_TASK_INFO,,hcom_receive__648_133_1,11,0.392907,0.035718818181818185,0.196403,65552
decode-dbo_ep16_broadcast_reduce_overlap_b32_s256_t3,0,COMMUNICATION_TASK_INFO,,hcom_receive__648_37_1,11,0.387568,0.03523345454545455,0.193744,65552
decode-dbo_ep16_broadcast_reduce_overlap_b32_s256_t3,0,COMMUNICATION_TASK_INFO,,hcom_receive__648_53_1,11,0.385488,0.03504436363636364,0.192704,65552
decode-dbo_ep16_broadcast_reduce_overlap_b32_s256_t3,0,COMMUNICATION_TASK_INFO,,hcom_receive__648_121_1,11,0.383746,0.034886,0.191823,65552
decode-dbo_ep16_broadcast_reduce_overlap_b32_s256_t3,0,COMMUNICATION_TASK_INFO,,hcom_receive__648_137_1,11,0.374506,0.034046,0.187203,65552
decode-dbo_ep16_broadcast_reduce_overlap_b32_s256_t3,0,COMMUNICATION_TASK_INFO,,hcom_receive__648_105_1,11,0.370608,0.03369163636363636,0.185244,65552
decode-dbo_ep16_broadcast_reduce_overlap_b32_s256_t3,0,COMMUNICATION_TASK_INFO,,hcom_receive__648_185_1,11,0.369308,0.033573454545454545,0.184584,65552
decode-dbo_ep16_broadcast_reduce_overlap_b32_s256_t3,0,COMMUNICATION_TASK_INFO,,hcom_receive__648_173_1,11,0.362346,0.03294054545454546,0.181123,65552
decode-dbo_ep16_broadcast_reduce_overlap_b32_s256_t3,0,COMMUNICATION_TASK_INFO,,hcom_send__098_100_1,12,0.355687,0.02964058333333333,0.247305,2064
decode-dbo_ep16_broadcast_reduce_overlap_b32_s256_t3,0,COMMUNICATION_TASK_INFO,,hcom_receive__648_153_1,11,0.354328,0.032211636363636366,0.177084,65552
decode-dbo_ep16_broadcast_reduce_overlap_b32_s256_t3,0,COMMUNICATION_TASK_INFO,,hcom_send__714_158_1,13,0.350307,0.026946692307692307,0.192384,131088
decode-dbo_ep16_broadcast_reduce_overlap_b32_s256_t3,0,COMMUNICATION_TASK_INFO,,hcom_receive__648_15_1,11,0.333008,0.030273454545454544,0.166444,65552
decode-dbo_ep16_broadcast_reduce_overlap_b32_s256_t3,0,COMMUNICATION_TASK_INFO,,hcom_send__648_4_1,13,0.323528,0.02488676923076923,0.211485,2064
decode-dbo_ep16_broadcast_reduce_overlap_b32_s256_t3,0,COMMUNICATION_TASK_INFO,,hcom_send__714_103_1,13,0.301346,0.02318046153846154,0.261865,131088
decode-dbo_ep16_broadcast_reduce_overlap_b32_s256_t3,0,COMMUNICATION_TASK_INFO,,hcom_send__098_96_1,12,0.282104,0.023508666666666667,0.245644,2064
decode-dbo_ep16_broadcast_reduce_overlap_b32_s256_t3,0,COMMUNICATION_TASK_INFO,,hcom_send__714_128_1,13,0.281785,0.02167576923076923,0.154363,131088
decode-dbo_ep16_broadcast_reduce_overlap_b32_s256_t3,0,COMMUNICATION_TASK_INFO,,hcom_receive__648_3_1,11,0.274466,0.024951454545454544,0.238925,1040
decode-dbo_ep16_broadcast_reduce_overlap_b32_s256_t3,0,COMMUNICATION_TASK_INFO,,hcom_receive__098_99_1,11,0.253384,0.023034909090909092,0.126622,1040
decode-dbo_ep16_broadcast_reduce_overlap_b32_s256_t3,0,COMMUNICATION_TASK_INFO,,hcom_receive__714_5_1,11,0.232484,0.021134909090909093,0.116182,1040
decode-dbo_ep16_broadcast_reduce_overlap_b32_s256_t3,0,COMMUNICATION_TASK_INFO,,hcom_receive__648_5_1,11,0.209664,0.019060363636363636,0.114902,1040
decode-dbo_ep16_broadcast_reduce_overlap_b32_s256_t3,0,COMMUNICATION_TASK_INFO,,hcom_send__714_72_1,13,0.201585,0.01550653846153846,0.127663,131088
decode-dbo_ep16_broadcast_reduce_overlap_b32_s256_t3,0,COMMUNICATION_TASK_INFO,,hcom_receive__714_3_1,11,0.187303,0.017027545454545455,0.135022,1040
decode-dbo_ep16_broadcast_reduce_overlap_b32_s256_t3,0,COMMUNICATION_TASK_INFO,,hcom_receive__098_97_1,11,0.183943,0.01672209090909091,0.148083,1040
decode-dbo_ep16_broadcast_reduce_overlap_b32_s256_t3,0,COMMUNICATION_TASK_INFO,,hcom_send__714_102_1,13,0.175204,0.013477230769230769,0.136043,131088
decode-dbo_ep16_broadcast_reduce_overlap_b32_s256_t3,0,COMMUNICATION_TASK_INFO,,hcom_send__714_105_1,13,0.168044,0.01292646153846154,0.128603,131088
decode-dbo_ep16_broadcast_reduce_overlap_b32_s256_t3,0,COMMUNICATION_TASK_INFO,,hcom_send__714_104_1,13,0.160484,0.012344923076923076,0.121483,131088
decode-dbo_ep16_broadcast_reduce_overlap_b32_s256_t3,0,COMMUNICATION_TASK_INFO,,hcom_send__714_6_1,13,0.156303,0.01202330769230769,0.117362,131088
decode-dbo_ep16_broadcast_reduce_overlap_b32_s256_t3,0,COMMUNICATION_TASK_INFO,,hcom_send__714_109_1,13,0.150482,0.011575538461538462,0.111182,131088
decode-dbo_ep16_broadcast_reduce_overlap_b32_s256_t3,0,COMMUNICATION_TASK_INFO,,hcom_send__714_16_1,13,0.149503,0.01150023076923077,0.110082,131088
decode-dbo_ep16_broadcast_reduce_overlap_b32_s256_t3,0,COMMUNICATION_TASK_INFO,,hcom_send__714_181_1,13,0.149323,0.011486384615384615,0.109602,131088
decode-dbo_ep16_broadcast_reduce_overlap_b32_s256_t3,0,COMMUNICATION_TASK_INFO,,hcom_send__648_2_1,12,0.148244,0.012353666666666666,0.112523,2064
decode-dbo_ep16_broadcast_reduce_overlap_b32_s256_t3,0,COMMUNICATION_TASK_INFO,,hcom_send__714_163_1,13,0.147223,0.011324846153846154,0.107802,131088
decode-dbo_ep16_broadcast_reduce_overlap_b32_s256_t3,0,COMMUNICATION_TASK_INFO,,hcom_send__714_157_1,13,0.146744,0.011288,0.107223,131088
decode-dbo_ep16_broadcast_reduce_overlap_b32_s256_t3,0,COMMUNICATION_TASK_INFO,,hcom_send__714_52_1,13,0.145243,0.011172538461538461,0.105722,131088
decode-dbo_ep16_broadcast_reduce_overlap_b32_s256_t3,0,COMMUNICATION_TASK_INFO,,hcom_send__714_107_1,13,0.144563,0.01112023076923077,0.105122,131088
decode-dbo_ep16_broadcast_reduce_overlap_b32_s256_t3,0,COMMUNICATION_TASK_INFO,,hcom_send__714_193_1,13,0.144523,0.011117153846153846,0.105142,131088
decode-dbo_ep16_broadcast_reduce_overlap_b32_s256_t3,0,COMMUNICATION_TASK_INFO,,hcom_send__714_50_1,13,0.144503,0.011115615384615385,0.104802,131088
decode-dbo_ep16_broadcast_reduce_overlap_b32_s256_t3,0,COMMUNICATION_TASK_INFO,,hcom_send__714_175_1,13,0.143723,0.011055615384615384,0.104102,131088
decode-dbo_ep16_broadcast_reduce_overlap_b32_s256_t3,0,COMMUNICATION_TASK_INFO,,hcom_send__714_153_1,13,0.142983,0.010998692307692308,0.103402,131088
decode-dbo_ep16_broadcast_reduce_overlap_b32_s256_t3,0,COMMUNICATION_TASK_INFO,,hcom_send__714_159_1,13,0.142382,0.01095246153846154,0.102602,131088
decode-dbo_ep16_broadcast_reduce_overlap_b32_s256_t3,0,COMMUNICATION_TASK_INFO,,hcom_send__714_14_1,13,0.142363,0.010951,0.103022,131088
decode-dbo_ep16_broadcast_reduce_overlap_b32_s256_t3,0,COMMUNICATION_TASK_INFO,,hcom_send__714_151_1,13,0.142103,0.010931,0.102842,131088
decode-dbo_ep16_broadcast_reduce_overlap_b32_s256_t3,0,COMMUNICATION_TASK_INFO,,hcom_send__714_111_1,13,0.141863,0.010912538461538461,0.102142,131088
decode-dbo_ep16_broadcast_reduce_overlap_b32_s256_t3,0,COMMUNICATION_TASK_INFO,,hcom_send__714_28_1,13,0.141043,0.010849461538461539,0.101582,131088
decode-dbo_ep16_broadcast_reduce_overlap_b32_s256_t3,0,COMMUNICATION_TASK_INFO,,hcom_send__714_123_1,13,0.140523,0.010809461538461539,0.101682,131088
decode-dbo_ep16_broadcast_reduce_overlap_b32_s256_t3,0,COMMUNICATION_TASK_INFO,,hcom_send__714_11_1,13,0.140283,0.010791,0.100962,131088
decode-dbo_ep16_broadcast_reduce_overlap_b32_s256_t3,0,COMMUNICATION_TASK_INFO,,hcom_send__714_9_1,13,0.140163,0.01078176923076923,0.100962,131088
decode-dbo_ep16_broadcast_reduce_overlap_b32_s256_t3,0,COMMUNICATION_TASK_INFO,,hcom_send__714_121_1,13,0.139983,0.010767923076923076,0.100202,131088
decode-dbo_ep16_broadcast_reduce_overlap_b32_s256_t3,0,COMMUNICATION_TASK_INFO,,hcom_send__714_90_1,13,0.139343,0.01071869230769231,0.099702,131088
decode-dbo_ep16_broadcast_reduce_overlap_b32_s256_t3,0,COMMUNICATION_TASK_INFO,,hcom_send__714_74_1,13,0.139303,0.010715615384615384,0.099662,131088
decode-dbo_ep16_broadcast_reduce_overlap_b32_s256_t3,0,COMMUNICATION_TASK_INFO,,hcom_send__714_177_1,13,0.139223,0.01070946153846154,0.099962,131088
decode-dbo_ep16_broadcast_reduce_overlap_b32_s256_t3,0,COMMUNICATION_TASK_INFO,,hcom_send__714_7_1,13,0.139222,0.010709384615384615,0.099562,131088
decode-dbo_ep16_broadcast_reduce_overlap_b32_s256_t3,0,COMMUNICATION_TASK_INFO,,hcom_send__714_117_1,13,0.139163,0.010704846153846155,0.100182,131088
decode-dbo_ep16_broadcast_reduce_overlap_b32_s256_t3,0,COMMUNICATION_TASK_INFO,,hcom_send__714_178_1,13,0.139143,0.01070330769230769,0.099922,131088
decode-dbo_ep16_broadcast_reduce_overlap_b32_s256_t3,0,COMMUNICATION_TASK_INFO,,hcom_send__714_56_1,13,0.138462,0.010650923076923077,0.098902,131088
decode-dbo_ep16_broadcast_reduce_overlap_b32_s256_t3,0,COMMUNICATION_TASK_INFO,,hcom_send__714_66_1,13,0.137643,0.010587923076923076,0.098022,131088
decode-dbo_ep16_broadcast_reduce_overlap_b32_s256_t3,0,COMMUNICATION_TASK_INFO,,hcom_send__714_106_1,13,0.137642,0.010587846153846154,0.098782,131088
decode-dbo_ep16_broadcast_reduce_overlap_b32_s256_t3,0,COMMUNICATION_TASK_INFO,,hcom_send__714_186_1,13,0.136563,0.010504846153846155,0.097342,131088
decode-dbo_ep16_broadcast_reduce_overlap_b32_s256_t3,0,COMMUNICATION_TASK_INFO,,hcom_send__714_165_1,13,0.136563,0.010504846153846155,0.097582,131088
decode-dbo_ep16_broadcast_reduce_overlap_b32_s256_t3,0,COMMUNICATION_TASK_INFO,,hcom_send__714_145_1,13,0.136483,0.010498692307692308,0.097482,131088
decode-dbo_ep16_broadcast_reduce_overlap_b32_s256_t3,0,COMMUNICATION_TASK_INFO,,hcom_send__714_101_1,12,0.136123,0.011343583333333334,0.096342,131088
decode-dbo_ep16_broadcast_reduce_overlap_b32_s256_t3,0,COMMUNICATION_TASK_INFO,,hcom_send__714_182_1,13,0.135963,0.010458692307692308,0.096762,131088
decode-dbo_ep16_broadcast_reduce_overlap_b32_s256_t3,0,COMMUNICATION_TASK_INFO,,hcom_send__714_82_1,13,0.135901,0.010453923076923076,0.096261,131088
decode-dbo_ep16_broadcast_reduce_overlap_b32_s256_t3,0,COMMUNICATION_TASK_INFO,,hcom_send__714_192_1,13,0.135863,0.010451,0.095922,131088
decode-dbo_ep16_broadcast_reduce_overlap_b32_s256_t3,0,COMMUNICATION_TASK_INFO,,hcom_send__714_62_1,13,0.135683,0.010437153846153846,0.096762,131088
decode-dbo_ep16_broadcast_reduce_overlap_b32_s256_t3,0,COMMUNICATION_TASK_INFO,,hcom_send__714_135_1,13,0.135463,0.01042023076923077,0.095722,131088
decode-dbo_ep16_broadcast_reduce_overlap_b32_s256_t3,0,COMMUNICATION_TASK_INFO,,hcom_send__714_88_1,13,0.134883,0.010375615384615384,0.094662,131088
decode-dbo_ep16_broadcast_reduce_overlap_b32_s256_t3,0,COMMUNICATION_TASK_INFO,,hcom_send__714_141_1,13,0.134803,0.01036946153846154,0.095122,131088
decode-dbo_ep16_broadcast_reduce_overlap_b32_s256_t3,0,COMMUNICATION_TASK_INFO,,hcom_send__714_119_1,13,0.134743,0.010364846153846155,0.094962,131088
decode-dbo_ep16_broadcast_reduce_overlap_b32_s256_t3,0,COMMUNICATION_TASK_INFO,,hcom_send__714_171_1,13,0.134723,0.01036330769230769,0.095422,131088
decode-dbo_ep16_broadcast_reduce_overlap_b32_s256_t3,0,COMMUNICATION_TASK_INFO,,hcom_send__714_13_1,13,0.134582,0.01035246153846154,0.095262,131088
decode-dbo_ep16_broadcast_reduce_overlap_b32_s256_t3,0,COMMUNICATION_TASK_INFO,,hcom_send__714_195_1,13,0.134522,0.010347846153846154,0.095242,131088
decode-dbo_ep16_broadcast_reduce_overlap_b32_s256_t3,0,COMMUNICATION_TASK_INFO,,hcom_send__714_30_1,13,0.134463,0.010343307692307692,0.095322,131088
decode-dbo_ep16_broadcast_reduce_overlap_b32_s256_t3,0,COMMUNICATION_TASK_INFO,,hcom_send__714_169_1,13,0.134461,0.010343153846153846,0.094961,131088
decode-dbo_ep16_broadcast_reduce_overlap_b32_s256_t3,0,COMMUNICATION_TASK_INFO,,hcom_send__714_113_1,13,0.134202,0.01032323076923077,0.095002,131088
decode-dbo_ep16_broadcast_reduce_overlap_b32_s256_t3,0,COMMUNICATION_TASK_INFO,,hcom_send__714_129_1,13,0.134183,0.01032176923076923,0.094942,131088
decode-dbo_ep16_broadcast_reduce_overlap_b32_s256_t3,0,COMMUNICATION_TASK_INFO,,hcom_send__714_42_1,13,0.134163,0.010320230769230769,0.095302,131088
decode-dbo_ep16_broadcast_reduce_overlap_b32_s256_t3,0,COMMUNICATION_TASK_INFO,,hcom_send__714_112_1,13,0.133783,0.010291,0.094342,131088
decode-dbo_ep16_broadcast_reduce_overlap_b32_s256_t3,0,COMMUNICATION_TASK_INFO,,hcom_send__714_147_1,13,0.133781,0.010290846153846154,0.094281,131088
decode-dbo_ep16_broadcast_reduce_overlap_b32_s256_t3,0,COMMUNICATION_TASK_INFO,,hcom_send__714_115_1,13,0.133661,0.010281615384615386,0.093841,131088
decode-dbo_ep16_broadcast_reduce_overlap_b32_s256_t3,0,COMMUNICATION_TASK_INFO,,hcom_send__714_137_1,13,0.133483,0.010267923076923076,0.094282,131088
decode-dbo_ep16_broadcast_reduce_overlap_b32_s256_t3,0,COMMUNICATION_TASK_INFO,,hcom_send__714_57_1,13,0.133463,0.010266384615384615,0.094182,131088
decode-dbo_ep16_broadcast_reduce_overlap_b32_s256_t3,0,COMMUNICATION_TASK_INFO,,hcom_receive__098_101_1,11,0.133183,0.012107545454545454,0.097722,1040
decode-dbo_ep16_broadcast_reduce_overlap_b32_s256_t3,0,COMMUNICATION_TASK_INFO,,hcom_send__714_197_1,12,0.133143,0.01109525,0.093782,131088
decode-dbo_ep16_broadcast_reduce_overlap_b32_s256_t3,0,COMMUNICATION_TASK_INFO,,hcom_send__714_118_1,13,0.132763,0.01021253846153846,0.093882,131088
decode-dbo_ep16_broadcast_reduce_overlap_b32_s256_t3,0,COMMUNICATION_TASK_INFO,,hcom_send__714_54_1,13,0.132383,0.010183307692307691,0.092982,131088
decode-dbo_ep16_broadcast_reduce_overlap_b32_s256_t3,0,COMMUNICATION_TASK_INFO,,hcom_send__714_190_1,13,0.132223,0.010171,0.092682,131088
decode-dbo_ep16_broadcast_reduce_overlap_b32_s256_t3,0,COMMUNICATION_TASK_INFO,,hcom_send__714_187_1,13,0.132163,0.010166384615384615,0.092662,131088
decode-dbo_ep16_broadcast_reduce_overlap_b32_s256_t3,0,COMMUNICATION_TASK_INFO,,hcom_send__714_127_1,13,0.132003,0.010154076923076924,0.092782,131088
decode-dbo_ep16_broadcast_reduce_overlap_b32_s256_t3,0,COMMUNICATION_TASK_INFO,,hcom_send__714_122_1,13,0.131923,0.010147923076923077,0.092482,131088
decode-dbo_ep16_broadcast_reduce_overlap_b32_s256_t3,0,COMMUNICATION_TASK_INFO,,hcom_send__714_180_1,13,0.131803,0.010138692307692309,0.092742,131088
decode-dbo_ep16_broadcast_reduce_overlap_b32_s256_t3,0,COMMUNICATION_TASK_INFO,,hcom_send__714_95_1,13,0.131561,0.010120076923076924,0.091941,131088
decode-dbo_ep16_broadcast_reduce_overlap_b32_s256_t3,0,COMMUNICATION_TASK_INFO,,hcom_send__714_161_1,13,0.130723,0.010055615384615385,0.091702,131088
decode-dbo_ep16_broadcast_reduce_overlap_b32_s256_t3,0,COMMUNICATION_TASK_INFO,,hcom_send__714_125_1,13,0.130563,0.010043307692307692,0.091482,131088
decode-dbo_ep16_broadcast_reduce_overlap_b32_s256_t3,0,COMMUNICATION_TASK_INFO,,hcom_send__714_19_1,13,0.130503,0.01003869230769231,0.090942,131088
decode-dbo_ep16_broadcast_reduce_overlap_b32_s256_t3,0,COMMUNICATION_TASK_INFO,,hcom_send__714_114_1,13,0.130063,0.010004846153846154,0.090542,131088
decode-dbo_ep16_broadcast_reduce_overlap_b32_s256_t3,0,COMMUNICATION_TASK_INFO,,hcom_send__714_194_1,13,0.129983,0.009998692307692309,0.090702,131088
decode-dbo_ep16_broadcast_reduce_overlap_b32_s256_t3,0,COMMUNICATION_TASK_INFO,,hcom_send__714_191_1,13,0.129923,0.009994076923076923,0.090462,131088
decode-dbo_ep16_broadcast_reduce_overlap_b32_s256_t3,0,COMMUNICATION_TASK_INFO,,hcom_send__714_49_1,13,0.129903,0.00999253846153846,0.090622,131088
decode-dbo_ep16_broadcast_reduce_overlap_b32_s256_t3,0,COMMUNICATION_TASK_INFO,,hcom_send__714_176_1,13,0.129903,0.00999253846153846,0.090602,131088
decode-dbo_ep16_broadcast_reduce_overlap_b32_s256_t3,0,COMMUNICATION_TASK_INFO,,hcom_send__714_110_1,13,0.129683,0.009975615384615385,0.090342,131088
decode-dbo_ep16_broadcast_reduce_overlap_b32_s256_t3,0,COMMUNICATION_TASK_INFO,,hcom_send__714_37_1,13,0.129321,0.00994776923076923,0.089881,131088
decode-dbo_ep16_broadcast_reduce_overlap_b32_s256_t3,0,COMMUNICATION_TASK_INFO,,hcom_send__714_43_1,13,0.129301,0.00994623076923077,0.089901,131088
decode-dbo_ep16_broadcast_reduce_overlap_b32_s256_t3,0,COMMUNICATION_TASK_INFO,,hcom_send__714_23_1,13,0.129283,0.009944846153846155,0.089562,131088
decode-dbo_ep16_broadcast_reduce_overlap_b32_s256_t3,0,COMMUNICATION_TASK_INFO,,hcom_send__714_133_1,13,0.129183,0.009937153846153846,0.089662,131088
decode-dbo_ep16_broadcast_reduce_overlap_b32_s256_t3,0,COMMUNICATION_TASK_INFO,,hcom_send__714_17_1,13,0.129083,0.00992946153846154,0.090082,131088
decode-dbo_ep16_broadcast_reduce_overlap_b32_s256_t3,0,COMMUNICATION_TASK_INFO,,hcom_send__714_78_1,13,0.129063,0.009927923076923076,0.089662,131088
decode-dbo_ep16_broadcast_reduce_overlap_b32_s256_t3,0,COMMUNICATION_TASK_INFO,,hcom_send__714_85_1,13,0.128943,0.009918692307692309,0.089582,131088
decode-dbo_ep16_broadcast_reduce_overlap_b32_s256_t3,0,COMMUNICATION_TASK_INFO,,hcom_send__714_139_1,13,0.128763,0.009904846153846155,0.089222,131088
decode-dbo_ep16_broadcast_reduce_overlap_b32_s256_t3,0,COMMUNICATION_TASK_INFO,,hcom_send__714_174_1,13,0.128723,0.009901769230769231,0.089202,131088
decode-dbo_ep16_broadcast_reduce_overlap_b32_s256_t3,0,COMMUNICATION_TASK_INFO,,hcom_send__714_73_1,13,0.128543,0.009887923076923075,0.088762,131088
decode-dbo_ep16_broadcast_reduce_overlap_b32_s256_t3,0,COMMUNICATION_TASK_INFO,,hcom_send__714_51_1,13,0.128443,0.00988023076923077,0.089162,131088
decode-dbo_ep16_broadcast_reduce_overlap_b32_s256_t3,0,COMMUNICATION_TASK_INFO,,hcom_send__714_71_1,13,0.128402,0.009877076923076924,0.088682,131088
decode-dbo_ep16_broadcast_reduce_overlap_b32_s256_t3,0,COMMUNICATION_TASK_INFO,,hcom_send__714_184_1,13,0.128281,0.00986776923076923,0.088881,131088
decode-dbo_ep16_broadcast_reduce_overlap_b32_s256_t3,0,COMMUNICATION_TASK_INFO,,hcom_send__714_47_1,13,0.128103,0.009854076923076924,0.089062,131088
decode-dbo_ep16_broadcast_reduce_overlap_b32_s256_t3,0,COMMUNICATION_TASK_INFO,,hcom_send__714_83_1,13,0.127723,0.009824846153846154,0.088242,131088
decode-dbo_ep16_broadcast_reduce_overlap_b32_s256_t3,0,COMMUNICATION_TASK_INFO,,hcom_send__714_96_1,14,0.127543,0.009110214285714286,0.088462,131088
decode-dbo_ep16_broadcast_reduce_overlap_b32_s256_t3,0,COMMUNICATION_TASK_INFO,,hcom_send__714_55_1,13,0.127403,0.00980023076923077,0.087422,131088
decode-dbo_ep16_broadcast_reduce_overlap_b32_s256_t3,0,COMMUNICATION_TASK_INFO,,hcom_send__714_76_1,13,0.127342,0.009795538461538461,0.088242,131088
decode-dbo_ep16_broadcast_reduce_overlap_b32_s256_t3,0,COMMUNICATION_TASK_INFO,,hcom_send__714_131_1,13,0.127143,0.00978023076923077,0.087962,131088
decode-dbo_ep16_broadcast_reduce_overlap_b32_s256_t3,0,COMMUNICATION_TASK_INFO,,hcom_send__714_99_1,14,0.127003,0.009071642857142856,0.087302,131088
decode-dbo_ep16_broadcast_reduce_overlap_b32_s256_t3,0,COMMUNICATION_TASK_INFO,,hcom_send__714_31_1,13,0.126943,0.009764846153846153,0.087502,131088
decode-dbo_ep16_broadcast_reduce_overlap_b32_s256_t3,0,COMMUNICATION_TASK_INFO,,hcom_send__714_79_1,13,0.126923,0.009763307692307691,0.087622,131088
decode-dbo_ep16_broadcast_reduce_overlap_b32_s256_t3,0,COMMUNICATION_TASK_INFO,,hcom_send__714_29_1,13,0.126883,0.00976023076923077,0.087642,131088
decode-dbo_ep16_broadcast_reduce_overlap_b32_s256_t3,0,COMMUNICATION_TASK_INFO,,hcom_send__714_84_1,13,0.126622,0.009740153846153846,0.087421,131088
decode-dbo_ep16_broadcast_reduce_overlap_b32_s256_t3,0,COMMUNICATION_TASK_INFO,,hcom_send__714_65_1,13,0.126621,0.009740076923076924,0.087421,131088
decode-dbo_ep16_broadcast_reduce_overlap_b32_s256_t3,0,COMMUNICATION_TASK_INFO,,hcom_send__714_27_1,13,0.126263,0.009712538461538462,0.087002,131088
decode-dbo_ep16_broadcast_reduce_overlap_b32_s256_t3,0,COMMUNICATION_TASK_INFO,,hcom_send__714_61_1,13,0.126103,0.00970023076923077,0.086802,131088
decode-dbo_ep16_broadcast_reduce_overlap_b32_s256_t3,0,COMMUNICATION_TASK_INFO,,hcom_send__714_183_1,13,0.125983,0.009691,0.086622,131088
decode-dbo_ep16_broadcast_reduce_overlap_b32_s256_t3,0,COMMUNICATION_TASK_INFO,,hcom_send__714_25_1,13,0.125603,0.00966176923076923,0.086602,131088
decode-dbo_ep16_broadcast_reduce_overlap_b32_s256_t3,0,COMMUNICATION_TASK_INFO,,hcom_send__714_41_1,13,0.125481,0.009652384615384615,0.086341,131088
decode-dbo_ep16_broadcast_reduce_overlap_b32_s256_t3,0,COMMUNICATION_TASK_INFO,,hcom_send__714_173_1,13,0.125243,0.009634076923076924,0.085762,131088
decode-dbo_ep16_broadcast_reduce_overlap_b32_s256_t3,0,COMMUNICATION_TASK_INFO,,hcom_send__714_35_1,13,0.124883,0.009606384615384616,0.085182,131088
decode-dbo_ep16_broadcast_reduce_overlap_b32_s256_t3,0,COMMUNICATION_TASK_INFO,,hcom_send__714_39_1,13,0.124723,0.009594076923076924,0.085342,131088
decode-dbo_ep16_broadcast_reduce_overlap_b32_s256_t3,0,COMMUNICATION_TASK_INFO,,hcom_send__714_167_1,13,0.124543,0.00958023076923077,0.085142,131088
decode-dbo_ep16_broadcast_reduce_overlap_b32_s256_t3,0,COMMUNICATION_TASK_INFO,,hcom_send__714_156_1,13,0.124321,0.009563153846153846,0.085021,131088
decode-dbo_ep16_broadcast_reduce_overlap_b32_s256_t3,0,COMMUNICATION_TASK_INFO,,hcom_send__714_53_1,13,0.124221,0.009555461538461539,0.084841,131088
decode-dbo_ep16_broadcast_reduce_overlap_b32_s256_t3,0,COMMUNICATION_TASK_INFO,,hcom_send__714_149_1,13,0.124181,0.009552384615384615,0.084581,131088
decode-dbo_ep16_broadcast_reduce_overlap_b32_s256_t3,0,COMMUNICATION_TASK_INFO,,hcom_send__714_120_1,13,0.123581,0.00950623076923077,0.084301,131088
decode-dbo_ep16_broadcast_reduce_overlap_b32_s256_t3,0,COMMUNICATION_TASK_INFO,,hcom_send__714_143_1,13,0.123442,0.009495538461538462,0.084121,131088
decode-dbo_ep16_broadcast_reduce_overlap_b32_s256_t3,0,COMMUNICATION_TASK_INFO,,hcom_send__714_91_1,13,0.123423,0.009494076923076925,0.083962,131088
decode-dbo_ep16_broadcast_reduce_overlap_b32_s256_t3,0,COMMUNICATION_TASK_INFO,,hcom_send__714_188_1,13,0.122963,0.009458692307692309,0.083442,131088
decode-dbo_ep16_broadcast_reduce_overlap_b32_s256_t3,0,COMMUNICATION_TASK_INFO,,hcom_send__714_172_1,13,0.122903,0.009454076923076924,0.083722,131088
decode-dbo_ep16_broadcast_reduce_overlap_b32_s256_t3,0,COMMUNICATION_TASK_INFO,,hcom_send__714_189_1,13,0.122883,0.00945253846153846,0.083782,131088
decode-dbo_ep16_broadcast_reduce_overlap_b32_s256_t3,0,COMMUNICATION_TASK_INFO,,hcom_send__714_97_1,13,0.122343,0.009411,0.082702,131088
decode-dbo_ep16_broadcast_reduce_overlap_b32_s256_t3,0,COMMUNICATION_TASK_INFO,,hcom_send__714_63_1,13,0.122322,0.009409384615384615,0.082321,131088
decode-dbo_ep16_broadcast_reduce_overlap_b32_s256_t3,0,COMMUNICATION_TASK_INFO,,hcom_send__714_21_1,13,0.122322,0.009409384615384615,0.082462,131088
decode-dbo_ep16_broadcast_reduce_overlap_b32_s256_t3,0,COMMUNICATION_TASK_INFO,,hcom_send__714_77_1,13,0.122123,0.009394076923076923,0.082662,131088
decode-dbo_ep16_broadcast_reduce_overlap_b32_s256_t3,0,COMMUNICATION_TASK_INFO,,hcom_send__714_75_1,13,0.122063,0.00938946153846154,0.083002,131088
decode-dbo_ep16_broadcast_reduce_overlap_b32_s256_t3,0,COMMUNICATION_TASK_INFO,,hcom_send__714_15_1,13,0.122063,0.00938946153846154,0.082542,131088
decode-dbo_ep16_broadcast_reduce_overlap_b32_s256_t3,0,COMMUNICATION_TASK_INFO,,hcom_send__714_162_1,13,0.122002,0.009384769230769231,0.082441,131088
decode-dbo_ep16_broadcast_reduce_overlap_b32_s256_t3,0,COMMUNICATION_TASK_INFO,,hcom_send__714_89_1,13,0.121923,0.009378692307692308,0.082682,131088
decode-dbo_ep16_broadcast_reduce_overlap_b32_s256_t3,0,COMMUNICATION_TASK_INFO,,hcom_send__714_179_1,13,0.121883,0.009375615384615385,0.082802,131088
decode-dbo_ep16_broadcast_reduce_overlap_b32_s256_t3,0,COMMUNICATION_TASK_INFO,,hcom_send__714_93_1,13,0.121703,0.00936176923076923,0.082282,131088
decode-dbo_ep16_broadcast_reduce_overlap_b32_s256_t3,0,COMMUNICATION_TASK_INFO,,hcom_send__714_33_1,13,0.121223,0.009324846153846154,0.081902,131088
decode-dbo_ep16_broadcast_reduce_overlap_b32_s256_t3,0,COMMUNICATION_TASK_INFO,,hcom_send__714_152_1,13,0.120823,0.009294076923076924,0.081542,131088
decode-dbo_ep16_broadcast_reduce_overlap_b32_s256_t3,0,COMMUNICATION_TASK_INFO,,hcom_send__714_185_1,13,0.120783,0.009291,0.081522,131088
decode-dbo_ep16_broadcast_reduce_overlap_b32_s256_t3,0,COMMUNICATION_TASK_INFO,,hcom_send__714_67_1,13,0.120623,0.009278692307692309,0.081522,131088
decode-dbo_ep16_broadcast_reduce_overlap_b32_s256_t3,0,COMMUNICATION_TASK_INFO,,hcom_send__714_87_1,13,0.120321,0.009255461538461539,0.080521,131088
decode-dbo_ep16_broadcast_reduce_overlap_b32_s256_t3,0,COMMUNICATION_TASK_INFO,,hcom_send__714_59_1,13,0.120023,0.00923253846153846,0.080842,131088
decode-dbo_ep16_broadcast_reduce_overlap_b32_s256_t3,0,COMMUNICATION_TASK_INFO,,hcom_send__714_81_1,13,0.119662,0.00920476923076923,0.079481,131088
decode-dbo_ep16_broadcast_reduce_overlap_b32_s256_t3,0,COMMUNICATION_TASK_INFO,,hcom_send__714_45_1,13,0.119162,0.00916630769230769,0.080121,131088
decode-dbo_ep16_broadcast_reduce_overlap_b32_s256_t3,0,COMMUNICATION_TASK_INFO,,hcom_send__714_155_1,13,0.118021,0.00907853846153846,0.078721,131088
decode-dbo_ep16_broadcast_reduce_overlap_b32_s256_t3,0,COMMUNICATION_TASK_INFO,,hcom_send__714_126_1,13,0.116603,0.008969461538461539,0.077002,131088
decode-dbo_ep16_broadcast_reduce_overlap_b32_s256_t3,0,COMMUNICATION_TASK_INFO,,hcom_send__714_69_1,13,0.116583,0.008967923076923076,0.077282,131088
decode-dbo_ep16_broadcast_reduce_overlap_b32_s256_t3,0,COMMUNICATION_TASK_INFO,,hcom_send__714_160_1,13,0.116223,0.00894023076923077,0.076562,131088
decode-dbo_ep16_broadcast_reduce_overlap_b32_s256_t3,0,COMMUNICATION_TASK_INFO,,hcom_send__714_134_1,13,0.115581,0.008890846153846154,0.076401,131088
decode-dbo_ep16_broadcast_reduce_overlap_b32_s256_t3,0,COMMUNICATION_TASK_INFO,,hcom_send__714_150_1,13,0.115102,0.008854,0.075161,131088
decode-dbo_ep16_broadcast_reduce_overlap_b32_s256_t3,0,COMMUNICATION_TASK_INFO,,hcom_send__714_138_1,13,0.114383,0.008798692307692308,0.075302,131088
decode-dbo_ep16_broadcast_reduce_overlap_b32_s256_t3,0,COMMUNICATION_TASK_INFO,,hcom_send__714_130_1,13,0.114082,0.008775538461538461,0.074401,131088
decode-dbo_ep16_broadcast_reduce_overlap_b32_s256_t3,0,COMMUNICATION_TASK_INFO,,hcom_send__714_136_1,13,0.113723,0.008747923076923077,0.074122,131088
decode-dbo_ep16_broadcast_reduce_overlap_b32_s256_t3,0,COMMUNICATION_TASK_INFO,,hcom_send__714_170_1,13,0.113543,0.008734076923076924,0.073922,131088
decode-dbo_ep16_broadcast_reduce_overlap_b32_s256_t3,0,COMMUNICATION_TASK_INFO,,hcom_send__714_154_1,13,0.112943,0.008687923076923076,0.073502,131088
decode-dbo_ep16_broadcast_reduce_overlap_b32_s256_t3,0,COMMUNICATION_TASK_INFO,,hcom_send__714_124_1,13,0.112743,0.00867253846153846,0.073422,131088
decode-dbo_ep16_broadcast_reduce_overlap_b32_s256_t3,0,COMMUNICATION_TASK_INFO,,hcom_send__714_148_1,13,0.112541,0.008657,0.073001,131088
decode-dbo_ep16_broadcast_reduce_overlap_b32_s256_t3,0,COMMUNICATION_TASK_INFO,,hcom_send__714_164_1,13,0.112122,0.008624769230769231,0.072661,131088
decode-dbo_ep16_broadcast_reduce_overlap_b32_s256_t3,0,COMMUNICATION_TASK_INFO,,hcom_send__714_142_1,13,0.111062,0.00854323076923077,0.071981,131088
decode-dbo_ep16_broadcast_reduce_overlap_b32_s256_t3,0,COMMUNICATION_TASK_INFO,,hcom_send__714_144_1,13,0.110282,0.008483230769230769,0.070821,131088
decode-dbo_ep16_broadcast_reduce_overlap_b32_s256_t3,0,COMMUNICATION_TASK_INFO,,hcom_send__714_168_1,13,0.109982,0.008460153846153846,0.070901,131088
decode-dbo_ep16_broadcast_reduce_overlap_b32_s256_t3,0,COMMUNICATION_TASK_INFO,,hcom_send__714_146_1,13,0.108741,0.008364692307692309,0.069641,131088
decode-dbo_ep16_broadcast_reduce_overlap_b32_s256_t3,0,COMMUNICATION_TASK_INFO,,hcom_send__714_132_1,13,0.107402,0.008261692307692308,0.068561,131088
decode-dbo_ep16_broadcast_reduce_overlap_b32_s256_t3,0,COMMUNICATION_TASK_INFO,,hcom_send__714_38_1,13,0.105623,0.008124846153846154,0.066442,131088
decode-dbo_ep16_broadcast_reduce_overlap_b32_s256_t3,0,COMMUNICATION_TASK_INFO,,hcom_send__714_140_1,13,0.102462,0.007881692307692308,0.062981,131088
