{
  "mode": "serial",
  "role": "attention",
  "total_time_ms": 6533.169195055962,
  "prefill_ms": 4950.095653533936,
  "decode_loop_ms": 1578.8101200014353,
  "decode_steps": 7,
  "decode_tpot_ms": 225.5443028573479,
  "batch_size": 128,
  "prefill_seq_len": 256,
  "actual_prompt_len": 256,
  "max_new_tokens": 8,
  "tokens_per_sec": 1.2245205598002997,
  "correctness_tokens": [
    27,
    91,
    318,
    4906
  ],
  "correctness_mode": "decode"
}