{
  "mode": "serial",
  "role": "attention",
  "total_time_ms": 5127.834640443325,
  "prefill_ms": 3903.8216676563025,
  "decode_loop_ms": 1219.499472528696,
  "decode_steps": 7,
  "decode_tpot_ms": 174.2142103612423,
  "batch_size": 16,
  "prefill_seq_len": 1024,
  "actual_prompt_len": 1024,
  "max_new_tokens": 8,
  "tokens_per_sec": 1.5601127105199248,
  "correctness_tokens": [
    2,
    271,
    32313,
    11
  ],
  "correctness_mode": "decode"
}