{
  "mode": "serial",
  "role": "attention",
  "total_time_ms": 3383.5212402045727,
  "prefill_ms": 2570.3034214675426,
  "decode_loop_ms": 809.3218263238668,
  "decode_steps": 7,
  "decode_tpot_ms": 115.6174037605524,
  "batch_size": 16,
  "prefill_seq_len": 128,
  "actual_prompt_len": 128,
  "max_new_tokens": 8,
  "tokens_per_sec": 2.3644007033088132,
  "correctness_tokens": [
    2,
    220,
    16,
    13
  ],
  "correctness_mode": "decode"
}