{
  "mode": "serial",
  "role": "attention",
  "total_time_ms": 4204.485755413771,
  "prefill_ms": 3296.070449054241,
  "decode_loop_ms": 904.0289912372828,
  "decode_steps": 7,
  "decode_tpot_ms": 129.14699874818325,
  "batch_size": 16,
  "prefill_seq_len": 256,
  "actual_prompt_len": 256,
  "max_new_tokens": 8,
  "tokens_per_sec": 1.902729719014759,
  "correctness_tokens": [
    27,
    91,
    318,
    4906
  ],
  "correctness_mode": "decode"
}