{
  "mode": "serial",
  "role": "attention",
  "total_time_ms": 4642.018156126142,
  "prefill_ms": 3488.791884854436,
  "decode_loop_ms": 1148.900019004941,
  "decode_steps": 7,
  "decode_tpot_ms": 164.128574143563,
  "batch_size": 16,
  "prefill_seq_len": 512,
  "actual_prompt_len": 512,
  "max_new_tokens": 8,
  "tokens_per_sec": 1.7233883476828455,
  "correctness_tokens": [
    334,
    198,
    198,
    32313
  ],
  "correctness_mode": "decode"
}