{
  "mode": "serial",
  "role": "attention",
  "total_time_ms": 9031.693736091256,
  "prefill_ms": 6899.914799258113,
  "decode_loop_ms": 2126.9990261644125,
  "decode_steps": 7,
  "decode_tpot_ms": 303.8570037377732,
  "batch_size": 256,
  "prefill_seq_len": 256,
  "actual_prompt_len": 256,
  "max_new_tokens": 8,
  "tokens_per_sec": 0.8857696279083802,
  "correctness_tokens": [
    27,
    91,
    318,
    4906
  ],
  "correctness_mode": "decode"
}