{
  "mode": "serial",
  "role": "attention",
  "total_time_ms": 3101.6858499497175,
  "prefill_ms": 2304.3936919420958,
  "decode_loop_ms": 793.249698355794,
  "decode_steps": 7,
  "decode_tpot_ms": 113.32138547939914,
  "batch_size": 2,
  "prefill_seq_len": 128,
  "actual_prompt_len": 128,
  "max_new_tokens": 8,
  "tokens_per_sec": 2.579242511013709,
  "correctness_tokens": [
    334,
    14582,
    25,
    1019
  ],
  "correctness_mode": "decode"
}