{
  "mode": "serial",
  "role": "attention",
  "total_time_ms": 4138.262320309877,
  "prefill_ms": 3286.1302252858877,
  "decode_loop_ms": 847.9487411677837,
  "decode_steps": 7,
  "decode_tpot_ms": 121.13553445254054,
  "batch_size": 2,
  "prefill_seq_len": 2048,
  "actual_prompt_len": 2048,
  "max_new_tokens": 8,
  "tokens_per_sec": 1.933178561624134,
  "correctness_tokens": [
    2,
    198,
    198,
    27
  ],
  "correctness_mode": "decode"
}