{
  "mode": "serial",
  "role": "attention",
  "total_time_ms": 6513.123610988259,
  "prefill_ms": 5038.2352992892265,
  "decode_loop_ms": 1470.5509152263403,
  "decode_steps": 7,
  "decode_tpot_ms": 210.07870217519147,
  "batch_size": 32,
  "prefill_seq_len": 1024,
  "actual_prompt_len": 1024,
  "max_new_tokens": 8,
  "tokens_per_sec": 1.2282892937120429,
  "correctness_tokens": [
    14374,
    220,
    16,
    13
  ],
  "correctness_mode": "decode"
}