{
  "mode": "serial",
  "role": "attention",
  "total_time_ms": 9776.611715555191,
  "prefill_ms": 7877.390081062913,
  "decode_loop_ms": 1894.397296011448,
  "decode_steps": 7,
  "decode_tpot_ms": 270.62818514449253,
  "batch_size": 32,
  "prefill_seq_len": 2048,
  "actual_prompt_len": 2048,
  "max_new_tokens": 8,
  "tokens_per_sec": 0.8182794032079138,
  "correctness_tokens": [
    2,
    9707,
    11,
    1246
  ],
  "correctness_mode": "decode"
}