{
  "mode": "serial",
  "role": "attention",
  "total_time_ms": 3196.691395714879,
  "prefill_ms": 2412.470296025276,
  "decode_loop_ms": 780.4045397788286,
  "decode_steps": 7,
  "decode_tpot_ms": 111.48636282554695,
  "batch_size": 4,
  "prefill_seq_len": 128,
  "actual_prompt_len": 128,
  "max_new_tokens": 8,
  "tokens_per_sec": 2.5025875224376963,
  "correctness_tokens": [
    2,
    220,
    16,
    13
  ],
  "correctness_mode": "decode"
}