{
  "mode": "serial",
  "role": "attention",
  "total_time_ms": 4517.016995698214,
  "prefill_ms": 3591.5120281279087,
  "decode_loop_ms": 921.474376693368,
  "decode_steps": 7,
  "decode_tpot_ms": 131.63919667048114,
  "batch_size": 4,
  "prefill_seq_len": 2048,
  "actual_prompt_len": 2048,
  "max_new_tokens": 8,
  "tokens_per_sec": 1.7710803407688767,
  "correctness_tokens": [
    2,
    9707,
    11,
    1246
  ],
  "correctness_mode": "decode"
}