{
  "mode": "serial",
  "role": "attention",
  "total_time_ms": 3415.977830067277,
  "prefill_ms": 2511.5272402763367,
  "decode_loop_ms": 900.0435266643763,
  "decode_steps": 7,
  "decode_tpot_ms": 128.57764666633946,
  "batch_size": 4,
  "prefill_seq_len": 512,
  "actual_prompt_len": 512,
  "max_new_tokens": 8,
  "tokens_per_sec": 2.341935573932704,
  "correctness_tokens": [
    785,
    2701,
    374,
    264
  ],
  "correctness_mode": "decode"
}