{
  "mode": "serial",
  "role": "attention",
  "total_time_ms": 25479.811375960708,
  "prefill_ms": 21197.078814730048,
  "decode_loop_ms": 4278.259195387363,
  "decode_steps": 7,
  "decode_tpot_ms": 611.1798850553376,
  "batch_size": 512,
  "prefill_seq_len": 512,
  "actual_prompt_len": 512,
  "max_new_tokens": 8,
  "tokens_per_sec": 0.3139740668389608,
  "correctness_tokens": [
    27,
    91,
    318,
    4906
  ],
  "correctness_mode": "decode"
}