{
  "mode": "serial",
  "role": "attention",
  "total_time_ms": 9195.325804874301,
  "prefill_ms": 7237.5415321439505,
  "decode_loop_ms": 1952.6696130633354,
  "decode_steps": 7,
  "decode_tpot_ms": 278.9528018661908,
  "batch_size": 64,
  "prefill_seq_len": 1024,
  "actual_prompt_len": 1024,
  "max_new_tokens": 8,
  "tokens_per_sec": 0.8700072373465356,
  "correctness_tokens": [
    73594,
    198,
    198,
    32313
  ],
  "correctness_mode": "decode"
}