{
  "mode": "serial",
  "role": "attention",
  "total_time_ms": 5047.07470908761,
  "prefill_ms": 3984.4385869801044,
  "decode_loop_ms": 1058.3152808248997,
  "decode_steps": 7,
  "decode_tpot_ms": 151.18789726069994,
  "batch_size": 8,
  "prefill_seq_len": 2048,
  "actual_prompt_len": 2048,
  "max_new_tokens": 8,
  "tokens_per_sec": 1.5850765960716693,
  "correctness_tokens": [
    2,
    198,
    198,
    27
  ],
  "correctness_mode": "decode"
}