{
  "mode": "serial",
  "role": "attention",
  "total_time_ms": 4464.234443381429,
  "prefill_ms": 3365.365708246827,
  "decode_loop_ms": 1094.7155468165874,
  "decode_steps": 7,
  "decode_tpot_ms": 156.3879352595125,
  "batch_size": 8,
  "prefill_seq_len": 512,
  "actual_prompt_len": 512,
  "max_new_tokens": 8,
  "tokens_per_sec": 1.7920205807875114,
  "correctness_tokens": [
    334,
    16141,
    25,
    56177
  ],
  "correctness_mode": "decode"
}